txn_id,timestamp,user_id,sender_vpa,receiver_vpa,amount,hour,device_id,city,avg_user_amount,is_new_device,is_new_city,minutes_since_last_txn,fraud_type,is_fraud
T0028786,2026-01-08 20:05:36.449320,user_0602,ashleyprice@ybl,nina01@oksbi,1842.29,14,2877f5d9-0f56-45f8-b048-faa112ae5c22,Bengaluru,1713.46,0,1,658.66,none,0
T0006930,2026-01-12 00:45:01.164434,user_0221,katherinetaylor@paytm,kelseyhunter@ibl,348.9,12,b5a6571c-4fa5-435e-90cc-460428b26b1b,Pune,380.32,0,0,1998.32,none,0
T0040884,2026-01-24 03:45:37.390790,user_0596,imcclain@ibl,sallydavenport@oksbi,1410.93,9,1fe771d6-d917-4793-a9d3-c2e6505cc686,Mumbai,1416.75,0,1,49.49,none,0
T0018887,2026-01-07 21:59:05.401902,user_0722,deckeralexander@paytm,craig30@paytm,1082.62,23,14296c07-f26b-4776-913e-4de2e0c53cb8,Bengaluru,1153.26,0,0,749.69,none,0
T0038778,2026-01-25 21:25:23.213273,user_0710,vturner@ybl,alexanderadam@ybl,871.72,14,eb6c1016-cee6-44d0-9dac-6e8345241ea6,Ahmedabad,957.3,0,0,745.24,none,0
T0051342,2026-01-29 21:00:30.910067,user_0292,sheakimberly@oksbi,michaelhorne@paytm,122.22,3,8de1596c-5a9a-406a-96f1-42a206b919aa,Mumbai,223.86,0,0,3075.92,none,0
T0042665,2026-01-22 07:02:32.463857,user_0131,jennifer58@oksbi,ecarpenter@paytm,431.85,16,1dba1267-7e1c-45a1-bef5-18a64dead645,Chennai,391.92,0,0,69.04,none,0
T0006194,2026-01-04 02:32:27.599274,user_0651,georgegina@ybl,pauljones@ybl,1338.14,16,74962764-12a4-4ef0-84bb-b7a9d98868dd,Pune,1709.3,0,0,424.06,none,0
T0010610,2026-01-05 19:37:00.899534,user_0450,megan66@paytm,rgomez@okhdfcbank,1327.24,17,9a069295-3b8d-4447-8e61-065f171b1b80,Mumbai,964.04,0,0,10.23,none,0
T0053302,2026-01-26 19:02:44.768513,user_0180,ystewart@ybl,eileenward@ybl,1186.39,10,8a4b8f7c-2147-4a15-bcce-96f6250a4578,Chennai,1040.97,0,0,82.91,none,0
T0054656,2026-02-02 06:12:30.559367,user_0092,rreed@ybl,petersonmichael@ybl,695.42,14,1b0c62eb-27c8-4c6c-9be5-a4c395af6d0c,Pune,423.55,0,0,476.34,none,0
T0009972,2026-01-06 01:48:03.668127,user_0054,brooksdanielle@oksbi,ujohnston@okhdfcbank,849.04,19,ef0a573d-53d2-456d-9040-158728e213bc,Mumbai,768.06,0,1,866.67,none,0
T0029331,2026-01-06 20:16:02.250899,user_0409,jbarker@oksbi,jennifer70@oksbi,1031.51,6,46fde062-a33d-47af-9701-410d3f4b1a70,Jaipur,944.75,0,0,129.96,none,0
T0017141,2026-01-10 20:58:28.973733,user_0259,davisdonna@okhdfcbank,hlong@oksbi,1023.92,7,97fa7f04-8363-4007-9cae-9610c72c1fe3,Chennai,924.46,0,0,48.01,none,0
T0054880,2026-01-29 15:02:47.438821,user_0466,michael66@ybl,james92@okhdfcbank,718.41,7,fbe94499-dbc0-40fd-86fb-7bf300b9d4a3,Chennai,760.07,0,0,1263.79,none,0
T0024233,2026-01-09 12:59:41.198776,user_0217,philip94@okhdfcbank,mperry@oksbi,1248.43,7,27aa7cbc-2337-4bbc-bffe-77c839feb99c,Kolkata,1008.32,0,1,1195.63,none,0
T0025165,2026-01-16 06:10:53.101651,user_0512,robertberry@okhdfcbank,shaun20@paytm,649.89,18,eec259dc-7f95-497c-a76a-a6ced50755d9,Hyderabad,1110.9,0,0,101.94,none,0
T0013253,2026-01-09 19:38:40.652729,user_0004,charlene44@ybl,matthew43@okhdfcbank,2088.92,12,23a13e20-7fd2-45ee-ac48-436668bd80d7,Bengaluru,1909.89,0,0,75.44,none,0
T0043000,2026-01-24 09:31:41.524363,user_0190,susan08@oksbi,fbrown@paytm,1157.99,9,c194f97f-00e3-4026-95b6-de85390239d9,Chennai,1511.37,0,0,838.86,none,0
T0039641,2026-01-22 17:00:08.864890,user_0501,mckeetodd@ibl,cooperpaul@ibl,469.94,11,4aea1b8f-b43c-4e0a-ba9f-c10e52daf681,Ahmedabad,483.5,0,0,666.54,none,0
T0049447,2026-01-29 03:55:02.457268,user_0048,ryan25@oksbi,frencherin@ybl,686.91,15,ce88cb2d-d4e8-4839-bc3e-058be0f3eab0,Bengaluru,609.54,0,1,305.92,none,0
T0013814,2026-01-06 20:39:01.225747,user_0647,gilbertcaldwell@okhdfcbank,tapiamichael@ybl,954.9,18,9a069295-3b8d-4447-8e61-065f171b1b80,Chennai,979.37,0,0,440.28,none,0
T0003995,2026-01-04 10:35:48.485542,user_0407,brenda63@okhdfcbank,jmaynard@ibl,3015.56,15,6c307511-b2b9-437a-a8df-6ec4ce4a2bbd,Ahmedabad,2032.47,0,0,288.64,none,0
T0017300,2026-01-14 03:53:58.850611,user_0746,zmendoza@paytm,ballstephanie@ibl,441.94,16,b253d218-6c4a-47ea-8906-17f2747b6dba,Pune,750.52,0,0,279.45,none,0
T0043433,2026-02-03 19:02:46.498450,user_0287,daniellegonzales@paytm,shannon71@oksbi,982.81,17,143029a9-d88f-4c94-88b7-63d5e519dd7e,Jaipur,757.42,0,0,1491.71,none,0
T0016872,2026-01-10 22:57:04.781544,user_0200,jessicafreeman@ibl,cameron22@okhdfcbank,340.58,11,670acc5c-b321-4f21-8dd8-eb85b04d3376,Delhi,501.81,0,0,3069.71,none,0
T0028733,2026-01-12 03:54:55.028290,user_0217,philip94@okhdfcbank,xalexander@okhdfcbank,1313.54,8,27aa7cbc-2337-4bbc-bffe-77c839feb99c,Kolkata,1008.32,0,0,78.35,none,0
T0055956,2026-01-26 03:21:36.196930,user_0159,robertherrera@oksbi,taylorgriffith@ibl,272.53,17,9c7c7377-79a2-4903-bbe3-3b243eae0032,Lucknow,217.29,0,0,1321.95,none,0
T0010545,2026-01-08 15:10:44.855030,user_0315,eric11@paytm,jessicanichols@ibl,4919.91,15,f9ac5e16-9770-4f7c-bb32-dba47dfdda7f,Lucknow,1772.55,1,1,8.17,geo_jump,1
T0027063,2026-01-11 19:15:16.469867,user_0341,lewisjonathan@paytm,alan80@ybl,637.09,13,5a5226e6-9d64-4932-8066-853d6de299a1,Jaipur,499.18,0,0,183.93,none,0
T0048899,2026-01-30 17:21:45.415989,user_0533,stephanie33@paytm,odavis@okhdfcbank,204.03,14,4926ce5f-7878-4140-ac2a-4f71a77d95f1,Hyderabad,213.64,0,0,640.55,none,0
T0001822,2026-01-01 21:56:31.408943,user_0010,kenneth17@paytm,robertgreene@ybl,219.26,20,5ab33edf-6e59-4ed3-a8b3-17fa18d0752b,Lucknow,318.5,0,0,567.27,none,0
T0045133,2026-01-24 11:09:33.057681,user_0653,davislisa@okhdfcbank,matthewmejia@ybl,851.72,23,624c69b6-b244-45a7-b7e5-848131c681ec,Jaipur,724.74,0,0,473.75,none,0
T0033602,2026-01-18 10:43:18.023829,user_0089,tiffanysantiago@ibl,mmitchell@ibl,1619.23,14,5ef787b8-f2e6-495f-b32e-2016add702c9,Delhi,1207.38,0,0,596.73,none,0
T0025974,2026-01-17 08:52:25.991102,user_0588,ann30@ibl,desiree97@ybl,918.12,20,47c1c017-6045-4909-936d-47d73e0f84ce,Chennai,968.32,0,0,187.6,none,0
T0011740,2026-01-07 17:41:23.114365,user_0664,jennifer66@paytm,nicholas39@oksbi,1996.71,5,8412a335-d88c-456d-b61e-5fdb1a435206,Lucknow,1717.44,0,1,767.61,none,0
T0031816,2026-01-13 01:57:31.460749,user_0171,jacksonstephanie@oksbi,hgreen@okhdfcbank,407.63,14,f0b2a5d1-8c7e-4f42-a646-eaf9d5c0244d,Pune,444.04,0,0,386.51,none,0
T0025382,2026-01-20 18:36:07.618226,user_0248,stacey37@paytm,cwilliams@okhdfcbank,1324.46,18,71efe72a-ae13-491e-84fa-4c7239e7a4f1,Kolkata,1702.6,0,1,351.97,none,0
T0002375,2026-01-02 15:55:21.452580,user_0033,tthomas@okhdfcbank,krystalhenderson@paytm,1119.32,14,67ce378f-e5a4-483b-a383-889adb2c6ac8,Kolkata,1085.05,0,0,506.92,none,0
T0017916,2026-01-12 06:00:50.754467,user_0543,leescott@ybl,vjennings@paytm,254.49,9,a4b1f991-7542-4646-8d37-a539857dd3b3,Delhi,256.73,0,0,1316.94,none,0
T0018387,2026-01-13 01:59:33.242407,user_0657,kevin46@paytm,helenbradley@okhdfcbank,21.51,14,370b9a29-0a53-4df9-9a72-083cb266986c,Bengaluru,240.26,0,0,1126.36,none,0
T0024731,2026-01-11 08:25:34.852760,user_0772,lisa65@ibl,tjackson@oksbi,444.45,23,51beb80e-b7e6-414c-9c8a-49225005680f,Hyderabad,356.19,0,0,358.91,none,0
T0051764,2026-01-30 14:09:45.783714,user_0667,xbridges@paytm,pamelabarber@okhdfcbank,982.94,7,267eddce-df8f-4197-9a4a-99b2e806133c,Bengaluru,872.67,0,0,446.55,none,0
T0041474,2026-01-24 22:22:21.473325,user_0307,zachary04@ibl,madams@ybl,1087.0,23,f68c62e6-e2a4-4909-a2dd-22d52afaab7b,Pune,741.81,0,1,19.64,none,0
T0041076,2026-01-19 18:03:18.527048,user_0359,brownnatasha@ybl,vasquezryan@oksbi,644.19,12,a48e40f1-d042-4dfa-96ab-087a8bc78e81,Bengaluru,485.99,0,0,180.23,none,0
T0042645,2026-01-22 13:41:48.479333,user_0783,robert72@oksbi,jessicamendoza@oksbi,1183.32,8,2812859a-1337-439e-8d4f-5d272c7f0b79,Jaipur,983.52,0,0,518.06,none,0
T0013455,2026-01-06 05:32:24.399126,user_0470,markwolfe@okhdfcbank,garellano@okhdfcbank,698.18,23,ec6a37ad-81b1-4db9-88cc-4d49669b29b8,Lucknow,512.06,0,0,568.51,none,0
T0014224,2026-01-10 16:32:20.824598,user_0491,shannon05@oksbi,melaniejackson@okhdfcbank,2428.64,15,f68c62e6-e2a4-4909-a2dd-22d52afaab7b,Delhi,1877.63,0,0,245.87,none,0
T0013521,2026-01-07 08:30:00.461695,user_0388,brandonnichols@oksbi,michaelhorton@paytm,754.39,10,f5d8fb91-ee60-41ac-add0-622e266bf2ea,Jaipur,1325.98,0,0,214.85,none,0
T0039902,2026-01-25 07:36:12.353176,user_0519,lonniegrant@oksbi,tamara85@okhdfcbank,959.71,15,74eff545-3e65-4603-b8e3-654bfaf14ff0,Ahmedabad,1108.63,0,1,1265.76,none,0
T0022271,2026-01-10 11:58:20.281300,user_0725,austinharvey@ybl,michelle12@ybl,347.08,15,cbb18c79-1036-408d-99a0-90075bb47c18,Pune,238.44,0,1,1047.79,none,0
T0021991,2026-01-13 08:34:30.906195,user_0091,pstanley@okhdfcbank,karen69@paytm,903.05,15,a3b442bd-4649-4296-af58-42c3ff86cc31,Hyderabad,882.09,0,0,885.63,none,0
T0057540,2026-01-27 08:46:09.526644,user_0542,oblack@oksbi,perryrobert@oksbi,1101.64,23,3c07c574-4925-4af1-b6aa-e05b13d5f2f7,Chennai,915.49,0,1,61.56,none,0
T0002050,2026-01-01 19:25:04.678584,user_0322,foxrodney@okhdfcbank,petermoore@okhdfcbank,925.71,13,8beb4e78-e683-43a3-bb82-b7963207343e,Jaipur,906.64,0,0,475.29,none,0
T0033549,2026-01-12 08:25:28.764926,user_0139,james80@oksbi,enelson@oksbi,618.74,10,1a2a73ed-562b-4f79-8374-59eef50bea63,Kolkata,740.48,0,0,27.56,none,0
T0009029,2026-01-09 11:24:42.399446,user_0009,anna99@oksbi,mrodriguez@okhdfcbank,142.09,9,b12b6680-7f07-4cb9-afd3-40c0f945f2fd,Kolkata,136.37,0,0,269.92,none,0
T0024251,2026-01-12 08:35:28.064157,user_0408,novakbianca@ybl,brownangela@ibl,362.05,14,771ad655-cdfc-4ee0-a61e-de900267deb3,Hyderabad,473.01,0,0,43.32,none,0
T0038056,2026-01-24 05:43:29.846376,user_0753,gregorywilliams@oksbi,osims@okhdfcbank,568.15,4,4082cbb9-48bd-4b3e-a2f5-df2badaa44ca,Jaipur,447.43,0,1,61.28,none,0
T0011998,2026-01-06 10:49:34.643180,user_0384,elopez@okhdfcbank,andersonjason@paytm,2513.8,0,4baf0f5e-a932-4094-93f2-8f11147f6570,Mumbai,1589.38,0,0,83.65,none,0
T0026485,2026-01-14 19:54:46.302914,user_0132,qaguilar@oksbi,stevensonaustin@paytm,664.6,9,7a5d7c82-86c5-447c-851a-00393803dcee,Ahmedabad,601.7,0,0,3877.84,none,0
T0007673,2026-01-07 16:10:21.939106,user_0108,xmoran@paytm,houstonmichelle@okhdfcbank,1262.46,15,9d66e815-5a41-43b3-a95f-176cdebac186,Hyderabad,1094.77,0,0,730.37,none,0
T0017951,2026-01-08 18:59:05.186080,user_0051,osmith@paytm,karen45@oksbi,400.36,17,b0b63bcf-0860-4833-879d-0cdaf396ea37,Lucknow,489.68,0,0,1126.77,none,0
T0017268,2026-01-08 14:41:04.128213,user_0208,erinrivera@okhdfcbank,lambertlisa@paytm,381.39,12,e7ba26ac-ab7a-4d1c-8cfe-f6833e11bafe,Lucknow,707.15,0,1,498.87,none,0
T0025881,2026-01-09 11:47:05.912156,user_0242,cjohnson@ibl,sean23@ibl,1302.1,11,78660765-14f7-4e8d-95bc-b8d04094dded,Ahmedabad,1618.05,0,0,302.22,none,0
T0038770,2026-01-23 23:49:54.493378,user_0174,harrismaria@ybl,cruzwendy@ibl,2049.96,14,51b30182-f7fe-404f-a5f3-0779f6ee5cdb,Kolkata,1297.48,0,0,126.16,none,0
T0044345,2026-01-24 06:46:14.313862,user_0629,tjensen@okhdfcbank,hberg@oksbi,1005.15,13,58c1aad6-f3f8-4ea4-bf14-eafa29f0ef7c,Chennai,912.08,0,0,232.81,none,0
T0014961,2026-01-05 08:55:39.887743,user_0356,bjackson@oksbi,millervanessa@ybl,119.3,16,61a66444-e2af-4629-9efb-336e2f546033,Mumbai,386.11,0,0,492.94,none,0
T0028853,2026-01-13 21:28:23.509123,user_0772,lisa65@ibl,alexandria27@ybl,194.49,11,51beb80e-b7e6-414c-9c8a-49225005680f,Hyderabad,356.19,0,0,203.72,none,0
T0048351,2026-01-30 01:50:43.426715,user_0724,jeffrey44@ibl,iswanson@paytm,379.31,12,b4323070-a23d-4c2f-82a7-96891933918c,Mumbai,387.58,0,0,415.22,none,0
T0008323,2026-01-05 15:38:47.567292,user_0314,maryhuff@okhdfcbank,ritawhitaker@paytm,889.82,8,c80c2195-8b65-44ce-bacc-99705beec570,Lucknow,1029.39,0,0,463.04,none,0
T0035185,2026-01-10 11:04:04.820006,user_0226,aprilmoody@okhdfcbank,adamhurst@ybl,289.23,16,0b531932-bd94-49aa-bea6-e5b20c760d28,Chennai,352.03,0,1,1604.94,none,0
T0050611,2026-01-23 16:54:04.126394,user_0064,michaelortiz@ibl,terri41@ibl,1551.53,12,a84554c3-a3f6-4c61-afb7-0dab2f383b43,Bengaluru,858.71,0,0,902.99,none,0
T0041399,2026-01-21 02:55:07.626402,user_0579,webbhaley@paytm,jennawright@oksbi,1576.89,3,3da9c2a9-0ed4-4f1a-bd4c-bf374eb93eff,Bengaluru,1654.61,0,0,236.62,none,0
T0052519,2026-02-04 06:55:46.333057,user_0104,pamela83@paytm,henryshaw@paytm,478.79,12,90ce77e9-7513-43b9-87de-96ea2b0fbe44,Hyderabad,677.64,0,0,21.94,none,0
T0059404,2026-01-28 18:38:16.639587,user_0656,rgonzalez@ibl,samantha99@ibl,468.62,15,cf0df860-ebc9-4914-9176-a9d19a3624d6,Kolkata,438.15,0,0,51.48,none,0
T0045710,2026-01-13 05:10:21.545477,user_0189,susan24@ibl,bradleyarmstrong@okhdfcbank,2242.27,13,ab9099a4-35a2-40ae-9af3-05535ec42e08,Ahmedabad,2486.04,0,0,1110.87,none,0
T0003817,2026-01-02 11:35:40.376076,user_0013,edwardcannon@okhdfcbank,mitchell76@oksbi,761.88,13,cf03f0c8-0eff-45bd-87eb-340dc74e48ff,Pune,606.74,0,0,991.99,none,0
T0037536,2026-01-17 13:50:23.074472,user_0618,andrew43@ybl,jeremyrosario@oksbi,485.21,12,a43e558c-2215-4f00-9fdf-0e05c0cef31b,Hyderabad,552.34,0,0,271.11,none,0
T0059713,2026-02-03 16:33:09.315718,user_0156,tracy98@okhdfcbank,audreygeorge@oksbi,1404.29,13,c6435300-68a5-4c68-a32d-bb5e486bb6bf,Mumbai,1202.03,0,0,1564.2,none,0
T0025026,2026-01-12 08:25:40.064842,user_0193,jason53@ybl,scotttammy@oksbi,442.31,13,b8a6171f-1ee3-4dc4-bb04-8a8b405bfdc9,Mumbai,352.38,0,0,177.53,none,0
T0009444,2026-01-05 22:40:09.513017,user_0408,novakbianca@ybl,copelandmichael@ybl,369.81,17,771ad655-cdfc-4ee0-a61e-de900267deb3,Hyderabad,473.01,0,0,237.26,none,0
T0011075,2026-01-10 01:53:44.080105,user_0765,ruizsamantha@paytm,floresjose@okhdfcbank,380.42,12,899ca782-e323-4d1a-bc1b-dacc18e19331,Chennai,472.5,0,0,3331.93,none,0
T0025191,2026-01-08 05:49:38.423164,user_0525,jackfarmer@okhdfcbank,johnsonphillip@paytm,711.69,16,8f0881ee-8011-416b-bae8-8926b423ccde,Chennai,511.68,0,0,496.57,none,0
T0034742,2026-01-20 05:44:30.843766,user_0571,cheryl99@ybl,sarah60@okhdfcbank,598.93,6,0d18ab95-668c-4477-8b95-017c5dae1201,Hyderabad,463.07,0,0,849.22,none,0
T0024865,2026-01-21 16:25:51.719096,user_0649,gnguyen@okhdfcbank,hernandezpeter@oksbi,186.47,12,8f158449-4f40-422f-95b0-2530f020e992,Delhi,262.44,0,0,1475.27,none,0
T0015549,2026-01-08 15:08:27.474143,user_0244,macdonalddylan@ybl,michaelatkinson@ybl,907.35,19,5304317f-af42-412f-b838-b3268e944239,Mumbai,778.2,0,0,1036.41,none,0
T0046621,2026-01-31 09:58:13.140186,user_0386,rwilliamson@ybl,dixonmichael@ybl,143.07,14,74eff545-3e65-4603-b8e3-654bfaf14ff0,Pune,221.98,0,1,600.86,none,0
T0056778,2026-01-31 23:09:11.897074,user_0403,kingdanielle@okhdfcbank,brandonortega@oksbi,973.75,14,de431e06-e924-4069-80bb-ae526ec01269,Pune,1418.34,0,0,524.56,none,0
T0005801,2026-01-04 12:22:39.951934,user_0791,stevensims@ybl,david85@ibl,2014.52,12,ab9099a4-35a2-40ae-9af3-05535ec42e08,Hyderabad,1535.54,0,0,326.79,none,0
T0026080,2026-01-16 17:45:28.387286,user_0633,oruiz@okhdfcbank,sarahfox@okhdfcbank,455.25,11,e6b9d31a-361f-4d90-bad1-fa330ae4ac11,Pune,310.94,0,0,272.5,none,0
T0036847,2026-01-17 03:47:12.387900,user_0341,lewisjonathan@paytm,clayton19@okhdfcbank,436.34,9,5a5226e6-9d64-4932-8066-853d6de299a1,Chennai,499.18,0,1,915.05,none,0
T0031914,2026-01-20 02:14:01.999215,user_0047,stephen89@okhdfcbank,beckerpatrick@ybl,624.83,18,fb8fe8c4-d8b4-4ead-9360-8edf382b5b86,Hyderabad,573.87,0,0,474.13,none,0
T0015468,2026-01-09 13:08:57.046251,user_0340,rosshannah@ybl,yodonnell@oksbi,995.88,14,6dda4f8d-cea6-4f4c-b9e5-8ff092f837d4,Pune,754.31,0,1,7.49,none,0
T0050527,2026-01-28 10:18:52.374940,user_0257,thompsonrachel@ybl,pinedaryan@okhdfcbank,195.35,18,73b0d676-3527-45c8-8534-ca08f6f24d1c,Mumbai,117.55,0,0,306.26,none,0
T0036215,2026-01-18 20:49:08.455432,user_0370,regina78@ibl,clarkekathy@paytm,532.27,4,7317591a-3283-4aa4-a212-ab7c9d361cb6,Delhi,591.4,0,1,399.76,none,0
T0020223,2026-01-14 10:41:44.445578,user_0383,justin84@ibl,ruizjohn@oksbi,2281.49,10,f510ab53-c7fe-439f-9190-f938a66fd7f7,Bengaluru,1833.96,0,1,1382.67,none,0
T0038048,2026-01-18 11:01:48.220455,user_0678,pbradford@ybl,lanehannah@ibl,930.65,15,6d3ee1dc-8139-4443-a45b-712eb8225688,Jaipur,970.98,0,0,827.3,none,0
T0046223,2026-01-19 05:50:50.884930,user_0651,georgegina@ybl,tara19@ibl,1456.92,13,74962764-12a4-4ef0-84bb-b7a9d98868dd,Pune,1709.3,0,0,255.28,none,0
T0009794,2026-01-03 12:23:37.649338,user_0763,joycehall@ibl,wallacevictoria@ibl,382.72,5,694d7b00-8d38-4327-883f-13c601b158e9,Chennai,461.07,0,0,119.9,none,0
T0021997,2026-01-11 09:50:15.344353,user_0547,cgallegos@paytm,scottlong@ybl,777.92,19,eb6c1016-cee6-44d0-9dac-6e8345241ea6,Chennai,1106.69,0,1,433.8,none,0
T0055936,2026-02-07 02:34:58.180323,user_0690,zgomez@oksbi,zjohnson@ybl,2798.88,7,98ae4334-6c12-4ce8-ae34-0454cac5b68c,Hyderabad,2551.25,0,0,326.93,none,0
T0012345,2026-01-08 22:35:42.688030,user_0445,xreese@oksbi,clarkamber@okhdfcbank,870.46,12,4f67448e-10ec-4b1f-a4a5-c736ae59aa52,Kolkata,1091.29,0,0,25.84,none,0
T0002177,2026-01-03 02:33:23.501009,user_0601,morgannicholas@paytm,daniellestevenson@paytm,1872.82,13,436e3c49-770e-49db-b092-d40143675d58,Bengaluru,1806.78,0,0,488.3,none,0
T0023715,2026-01-14 05:35:03.143736,user_0085,cheryl27@okhdfcbank,alyssa99@oksbi,201.44,14,a748dbcf-ac61-4e63-8dde-29a6baa4b71a,Kolkata,261.66,0,0,126.09,none,0
T0009680,2026-01-09 00:43:01.661386,user_0270,robert12@ybl,eric38@ibl,9.67,8,441d9b2c-58b7-4ea4-b1ee-4847927e0655,Lucknow,833.38,1,0,325.4,probing,1
T0053701,2026-02-04 06:47:55.987907,user_0289,james98@ibl,pricerachel@ybl,341.1,21,97777f10-f2d2-493f-8e85-140d0f9aeb70,Kolkata,311.68,0,0,945.6,none,0
T0058802,2026-01-30 08:47:08.417308,user_0164,rebeccaaustin@ybl,benjaminhill@ybl,892.67,2,257f7595-cdfb-4db9-85e7-8b23f4613f09,Ahmedabad,753.37,0,0,2003.83,none,0
T0011123,2026-01-13 11:59:07.891328,user_0695,mitchellchristopher@ibl,katherine38@paytm,333.81,4,9b792afa-2a3d-418d-a754-a29ff143e545,Bengaluru,468.23,0,1,3739.8,none,0
T0049201,2026-01-21 12:37:20.890959,user_0739,probinson@ibl,veronicathompson@oksbi,1082.22,21,25637cc3-ca97-4bf5-95d5-96afa663d2cd,Pune,1234.4,0,0,2.94,none,0
T0057279,2026-02-04 11:08:19.485634,user_0265,eanderson@oksbi,jennifer70@oksbi,981.89,17,73d39457-b25f-43df-b8d4-9848702ba49f,Mumbai,662.91,0,1,2905.65,none,0
T0027500,2026-01-16 07:29:31.229306,user_0752,christopher74@okhdfcbank,bbaxter@oksbi,849.26,18,20156a72-12e1-43a6-932c-ae01d2c65ee4,Mumbai,557.31,0,0,2052.34,none,0
T0000727,2026-01-01 11:38:27.630333,user_0422,lori85@ybl,ucollins@ybl,1355.86,14,2c3aacdc-aed5-4a46-8bde-005b5d8babd7,Pune,857.81,0,0,122.62,none,0
T0034945,2026-01-17 18:59:13.251762,user_0257,thompsonrachel@ybl,huntbarbara@ybl,88.81,13,042b03ca-75a7-4686-9632-1d31c8acffcf,Mumbai,117.55,0,0,326.29,none,0
T0033933,2026-01-22 21:22:28.117794,user_0315,eric11@paytm,jessepatel@oksbi,1953.23,12,43ad3d62-b17c-4b21-8dbc-2c1ca4afe7bd,Jaipur,1772.55,0,0,70.93,none,0
T0019779,2026-01-12 17:39:37.824109,user_0214,hessbeth@ybl,ortizthomas@paytm,702.84,9,439e754c-6930-46ea-a0bd-a1ee5807cf74,Lucknow,839.21,0,0,1765.82,none,0
T0015690,2026-01-08 11:37:06.508214,user_0749,mathew46@ybl,linda51@oksbi,973.06,12,68bd075b-7eb6-481e-a72f-947d816462cb,Mumbai,1076.93,0,0,712.54,none,0
T0036288,2026-01-23 02:45:19.385443,user_0040,ismith@paytm,vjennings@oksbi,1238.28,16,07f194f9-c115-4d6d-8a4e-5b70a6d964a3,Mumbai,1230.44,0,0,207.63,none,0
T0045762,2026-01-22 19:18:40.127859,user_0514,shane23@ibl,barneskimberly@paytm,730.66,19,8cc36f3b-c3af-4cfe-b34a-6ca38116e3fc,Kolkata,795.34,0,0,813.72,none,0
T0056945,2026-01-31 21:51:07.441866,user_0741,johnsonchad@okhdfcbank,rodriguezkaren@okhdfcbank,156.73,7,23e2fcb4-72d8-467d-894a-05e430b187ef,Pune,242.79,0,0,775.21,none,0
T0037731,2026-01-26 05:16:17.127322,user_0344,andrew15@ybl,heathersmith@paytm,699.42,9,759cde66-bacf-43d0-8b1f-9163ce9ff57f,Kolkata,586.79,0,0,455.62,none,0
T0016535,2026-01-10 14:05:17.013018,user_0071,dawn74@ybl,jennifer85@ibl,395.71,12,98eeac2b-fe9f-4caa-a182-f347533f5a72,Pune,884.82,0,1,550.77,none,0
T0014510,2026-01-06 04:59:30.235895,user_0172,simsjason@okhdfcbank,meaganevans@oksbi,596.04,16,a205e54f-b1e8-409d-bc20-b9f24a9c589e,Lucknow,456.28,0,0,4.5,none,0
T0020052,2026-01-10 09:45:01.849654,user_0284,nathanlynch@paytm,matthew71@ibl,408.94,15,a65be22b-d5a3-46d9-8362-a810a2611b8d,Mumbai,299.61,0,1,885.04,none,0
T0031390,2026-01-11 16:54:31.907539,user_0139,james80@oksbi,hallstephanie@oksbi,756.64,15,af475b49-c775-4395-9494-05f02cd2a404,Kolkata,740.48,0,0,744.61,none,0
T0003497,2026-01-04 08:38:18.503141,user_0016,jenniferrios@ybl,rodriguezbrianna@ybl,628.07,13,3f6eed9d-23cb-4943-8a84-000350834fef,Chennai,452.11,0,0,3248.81,none,0
T0032189,2026-01-10 22:15:18.570940,user_0771,bryanharris@ybl,russojohnny@paytm,378.19,16,cb08587d-1963-426d-ae21-8b099afd4015,Mumbai,512.96,0,0,157.74,none,0
T0007136,2026-01-05 23:11:26.992007,user_0348,jamesjustin@ybl,hooperkatrina@ibl,1148.1,12,cf89569d-e550-4736-8780-6e713811b519,Delhi,953.76,0,0,1177.92,none,0
T0057984,2026-01-25 05:51:36.665725,user_0620,kendra14@ibl,brocksusan@ibl,295.76,10,9ca3fbb3-ff11-48ba-b6ee-1640723ef466,Jaipur,563.99,0,0,1184.24,none,0
T0000768,2026-01-02 05:10:03.939178,user_0183,howardwesley@ibl,janegonzalez@oksbi,1546.09,23,2e9ce8ff-084a-4c4b-9146-8cdcf7164b73,Ahmedabad,1231.18,0,0,57.52,none,0
T0055922,2026-01-26 22:14:20.529727,user_0625,amber02@ybl,lisa33@ybl,587.99,20,965befdf-6b4b-4411-8a4a-0e2df22b5b98,Jaipur,697.63,0,0,56.14,none,0
T0002458,2026-01-01 11:53:30.095640,user_0789,davidmoreno@okhdfcbank,nicole55@paytm,298.22,18,c7cfeca8-22b9-424c-a744-3fb881bd55d5,Delhi,309.01,0,0,471.42,none,0
T0038325,2026-01-16 16:21:13.867052,user_0532,aduran@ybl,robinsontroy@paytm,702.21,10,c5285425-c7a9-433c-a2d8-39d333e4f986,Ahmedabad,683.29,0,0,1048.02,none,0
T0018300,2026-01-08 15:09:34.370168,user_0797,vwilliams@okhdfcbank,melissamccoy@ybl,972.66,11,74bd0c93-8177-4661-b7fe-032c02571851,Delhi,980.88,0,0,170.44,none,0
T0030487,2026-01-18 01:52:39.046593,user_0571,cheryl99@ybl,nelsonedward@ibl,696.01,11,0d18ab95-668c-4477-8b95-017c5dae1201,Hyderabad,463.07,0,0,79.09,none,0
T0039298,2026-01-17 04:17:52.659065,user_0088,alexander89@okhdfcbank,georgeavila@paytm,283.78,11,709b7d97-464c-44af-bd3f-3799a07295e9,Jaipur,860.08,0,0,168.34,none,0
T0008941,2026-01-05 05:45:02.875598,user_0429,marcus51@paytm,warren55@ybl,341.09,8,fa207403-4ab4-47e3-a360-76812bbba89d,Pune,222.16,0,0,678.69,none,0
T0003421,2026-01-04 02:31:23.919152,user_0679,robert89@ibl,anngarcia@okhdfcbank,931.03,15,15669e36-4708-403b-a716-10c19db54283,Pune,839.11,0,0,472.79,none,0
T0011178,2026-01-05 03:40:00.032392,user_0728,millercassandra@oksbi,royedward@okhdfcbank,1416.05,14,cf89569d-e550-4736-8780-6e713811b519,Delhi,938.13,0,0,6.0,none,0
T0010771,2026-01-03 02:01:51.771692,user_0205,lindsey62@ybl,mcknightantonio@ybl,732.83,5,7746d0ba-8ae8-405b-94b4-a48268586eba,Bengaluru,612.41,0,0,640.98,none,0
T0031689,2026-01-17 07:11:23.683316,user_0036,whill@oksbi,evelynlopez@oksbi,511.24,13,c28fa16b-0aa6-4cb9-81bc-be59d296a12d,Delhi,370.42,0,1,1551.24,none,0
T0029270,2026-01-11 22:19:21.762827,user_0697,christinahill@oksbi,carol75@paytm,674.95,20,d87651da-3763-4908-9ec9-cf5520cb5c4e,Hyderabad,381.81,1,0,0.71,mule_burst,1
T0019865,2026-01-09 13:17:47.428114,user_0001,xpalmer@okhdfcbank,rebecca79@oksbi,759.3,23,2d174fc9-6f7c-45ea-a72a-6d8eb5122df8,Delhi,647.79,0,1,356.61,none,0
T0045205,2026-01-23 01:36:22.952853,user_0388,brandonnichols@oksbi,xjohnson@okhdfcbank,943.72,15,f5d8fb91-ee60-41ac-add0-622e266bf2ea,Jaipur,1325.98,0,0,111.71,none,0
T0021096,2026-01-13 15:33:47.430490,user_0317,duranamber@paytm,jessica08@ybl,284.26,2,8ed6ad5e-1831-4aa3-9466-9d1910df9974,Kolkata,617.22,0,0,361.37,none,0
T0026840,2026-01-10 22:16:11.279256,user_0778,samuelfrost@okhdfcbank,copelandstephen@ibl,591.38,17,5e09a9ee-af88-4dec-bb1e-143b196f4dfa,Hyderabad,495.12,0,1,27.84,none,0
T0049234,2026-01-26 19:20:40.723067,user_0775,kathrynwatkins@ybl,morganeric@ibl,503.03,7,5a2837b2-cb83-43f2-bb96-f6022b115c36,Chennai,427.41,0,0,227.63,none,0
T0034207,2026-01-11 02:58:53.369967,user_0238,carolyn13@ybl,abean@oksbi,1225.49,20,8a2e6a93-c558-4bb2-81f7-f3fb19e45c6a,Jaipur,1092.8,0,0,51.52,none,0
T0054244,2026-01-30 18:44:12.244493,user_0117,owilliams@paytm,andrewdavis@okhdfcbank,177.74,19,75f8e3a8-7d97-4c0f-bd56-09c4a4461663,Ahmedabad,200.48,0,0,245.55,none,0
T0054468,2026-01-25 22:27:51.594016,user_0429,marcus51@paytm,veronicahart@paytm,174.46,3,1f5d988f-776a-4f09-bde2-885951b1943c,Pune,222.16,0,1,538.35,none,0
T0041304,2026-01-26 09:55:11.278491,user_0109,wwilson@oksbi,hhuerta@oksbi,488.57,22,1519830c-4019-4303-9c45-7e4da79313b8,Mumbai,364.77,0,0,232.39,none,0
T0014461,2026-01-08 14:30:41.242038,user_0087,qwilliams@paytm,warrenpeter@ibl,640.76,14,3f738f50-19a2-476f-a8dd-2bfdf956be95,Delhi,816.63,0,0,5.6,none,0
T0020050,2026-01-13 16:35:20.621398,user_0164,rebeccaaustin@ybl,gail86@okhdfcbank,967.96,19,257f7595-cdfb-4db9-85e7-8b23f4613f09,Ahmedabad,753.37,0,0,553.37,none,0
T0011762,2026-01-05 04:50:15.713911,user_0414,tonystewart@ybl,gwhite@ibl,681.5,4,52961fb3-4d40-4b28-9628-ddcd19dd3e8c,Lucknow,808.85,0,1,156.28,none,0
T0021327,2026-01-15 16:56:15.132911,user_0502,lopezvincent@oksbi,kellycabrera@okhdfcbank,328.05,11,b1d81887-4739-4c7b-bff3-0c8d83ff3e96,Delhi,839.04,0,0,104.37,none,0
T0025971,2026-01-21 05:31:35.049111,user_0107,ann99@paytm,ashley41@paytm,1414.25,15,a748dbcf-ac61-4e63-8dde-29a6baa4b71a,Bengaluru,1784.21,0,0,154.61,none,0
T0045134,2026-01-17 13:24:33.084096,user_0732,kayla54@ibl,teresa03@paytm,842.5,16,4767d76c-162f-4a24-af43-613cd4aac9a3,Bengaluru,864.5,0,0,54.0,none,0
T0043572,2026-01-22 06:08:38.302783,user_0052,jasonjohnson@paytm,ryancobb@ybl,748.33,11,9b4e2c24-9479-41e6-8927-7d9b6e0d2648,Bengaluru,1309.91,0,0,231.95,none,0
T0020080,2026-01-11 18:35:11.471407,user_0328,jacob43@oksbi,bethany28@ybl,97.75,13,e1509425-891f-4683-9e12-dbf1493d6196,Pune,120.89,0,0,898.27,none,0
T0039896,2026-01-25 18:37:13.361889,user_0600,carl24@ybl,brandi29@paytm,244.66,15,5304317f-af42-412f-b838-b3268e944239,Pune,189.0,0,0,762.37,none,0
T0054614,2026-01-28 03:44:34.761601,user_0458,clintonstevens@paytm,henry37@paytm,525.46,20,9f8cc29f-fd35-4c5f-9347-9a3b479bc637,Kolkata,516.52,0,0,201.31,none,0
T0029458,2026-01-21 06:01:48.650707,user_0197,yorksarah@ibl,gklein@ybl,559.9,20,949077c2-7674-456f-a26d-719d81cf3252,Lucknow,465.88,0,0,219.52,none,0
T0015059,2026-01-11 00:43:53.772136,user_0432,washingtoncorey@ibl,alexander39@ybl,1235.19,12,f5141058-3138-4975-bbf3-3a349c2dfa97,Mumbai,1005.24,0,1,2577.21,none,0
T0033152,2026-01-17 10:24:45.897491,user_0520,whitemary@oksbi,taylorluke@paytm,2932.92,8,2303f6c6-d69d-42f1-ae4c-84ffa8c01f05,Jaipur,2573.89,0,0,1079.01,none,0
T0057347,2026-02-01 05:44:29.234843,user_0120,tranryan@ybl,christopher77@ibl,509.74,8,db23aa8c-3bca-4f85-a20a-60ac9261549d,Chennai,356.48,0,0,144.9,none,0
T0003888,2026-01-02 16:51:56.160353,user_0554,christopher68@okhdfcbank,zmartinez@oksbi,638.32,9,38e7e019-fb89-46c8-87ec-fe71d49347fc,Jaipur,423.19,0,0,15.84,none,0
T0057864,2026-02-04 15:36:21.225326,user_0521,jessicacannon@paytm,alexanderrodriguez@ybl,994.74,15,38e7e019-fb89-46c8-87ec-fe71d49347fc,Chennai,853.92,0,0,678.53,none,0
T0038255,2026-01-24 21:26:16.583088,user_0075,smithdevon@ibl,darmstrong@oksbi,170.09,17,093923de-8bab-4e3b-a628-6bfbe767dcea,Lucknow,223.16,0,0,560.34,none,0
T0037255,2026-01-20 07:43:53.087658,user_0097,tara08@ybl,curtisduncan@ibl,1075.32,6,0592bfa5-b928-423f-8ee4-334ece920136,Mumbai,992.51,0,0,840.16,none,0
T0003588,2026-01-02 18:57:06.947206,user_0673,senglish@paytm,angela68@ibl,200.37,10,0d18ab95-668c-4477-8b95-017c5dae1201,Chennai,190.08,0,0,794.25,none,0
T0051923,2026-01-28 05:35:21.357536,user_0365,johnsonmichael@oksbi,kennethwilliams@oksbi,536.53,14,e1721c83-ef5e-4376-a723-fb72682b163a,Mumbai,519.63,0,0,17.32,none,0
T0006723,2026-01-07 11:36:52.578360,user_0009,anna99@oksbi,howelljennifer@ibl,123.84,9,b12b6680-7f07-4cb9-afd3-40c0f945f2fd,Kolkata,136.37,0,0,1013.55,none,0
T0013257,2026-01-08 21:05:58.932476,user_0394,riveramegan@ibl,jacobhernandez@okhdfcbank,763.05,19,a995ecc3-6f5b-49a6-8ff1-c51f915cb31b,Bengaluru,600.1,0,0,946.08,none,0
T0036276,2026-01-20 08:43:13.080704,user_0043,rhodescourtney@oksbi,bauernicole@okhdfcbank,559.45,23,4f67448e-10ec-4b1f-a4a5-c736ae59aa52,Chennai,435.94,0,0,2796.37,none,0
T0044127,2026-01-27 02:19:58.221383,user_0161,mark43@okhdfcbank,levykelly@okhdfcbank,206.85,10,eb93f78c-620a-4158-9d2d-904f78c59073,Pune,216.11,0,0,466.14,none,0
T0057817,2026-01-28 12:45:19.002083,user_0119,tamarasmith@ybl,dylancampbell@ibl,263.47,20,5380b904-688c-4015-aab9-7e494f2d4796,Lucknow,258.1,0,0,0.19,none,0
T0059787,2026-02-08 21:56:39.261004,user_0145,tammy00@paytm,jonathanhart@paytm,1258.46,14,6601ddd0-3170-4437-a8f7-ef5a060edf5b,Lucknow,1012.92,0,0,753.01,none,0
T0034797,2026-01-20 01:36:27.192056,user_0547,cgallegos@paytm,courtney06@ibl,1125.72,16,eb6c1016-cee6-44d0-9dac-6e8345241ea6,Mumbai,1106.69,0,0,412.53,none,0
T0014183,2026-01-10 09:54:24.155475,user_0113,nrodriguez@ibl,xjones@ybl,719.99,17,b28187c4-aa05-4442-a284-e8fd755cee2a,Kolkata,1157.52,0,0,457.54,none,0
T0054354,2026-01-26 16:15:43.213821,user_0355,julie87@ibl,allison50@ibl,679.73,3,6c4c450b-623a-40fc-9326-7d25234b4562,Bengaluru,1166.07,0,0,45.99,none,0
T0037877,2026-01-21 20:35:35.270744,user_0267,ascott@okhdfcbank,christophersloan@ibl,2489.1,17,3f8c1097-c4da-4c2e-9bff-a27915c1604f,Chennai,2332.96,0,0,1697.47,none,0
T0010319,2026-01-10 15:50:59.994953,user_0572,tammycurry@paytm,todd41@paytm,1392.83,1,22bf18f5-1f65-4a87-b33e-e3447dbf4bc1,Delhi,1058.21,0,0,83.21,none,0
T0037140,2026-01-20 17:34:35.531969,user_0573,sarah14@ibl,rodriguezerik@okhdfcbank,1415.77,6,5bb8b9c8-8932-49f3-9ee8-9a4c681134e2,Kolkata,1731.83,0,0,1008.04,none,0
T0015515,2026-01-08 11:04:13.721698,user_0640,sullivanjennifer@ybl,mjimenez@ibl,1824.82,8,8471b4b0-ae1b-4f69-b740-d83173318749,Jaipur,1466.02,0,0,322.02,none,0
T0026467,2026-01-21 19:01:02.305488,user_0107,ann99@paytm,brownanita@paytm,1761.58,11,a748dbcf-ac61-4e63-8dde-29a6baa4b71a,Bengaluru,1784.21,0,0,118.75,none,0
T0056248,2026-02-04 08:08:42.602898,user_0146,james73@oksbi,annettejones@paytm,874.62,23,668409e3-f1f8-443e-a99f-131849c8a43f,Delhi,1271.12,0,0,1477.4,none,0
T0045422,2026-01-23 12:02:47.417565,user_0280,lauren90@oksbi,juansanchez@ibl,194.58,12,c2492e5e-005f-40e6-95c3-b2dbf374190d,Ahmedabad,334.96,0,0,95.43,none,0
T0021703,2026-01-09 20:31:31.839093,user_0372,robert24@okhdfcbank,watsonmary@paytm,1805.45,14,bf337a15-1e08-4f20-bdd1-51b0f64ab6ec,Pune,689.02,0,0,2.81,mule_burst,1
T0047443,2026-01-24 18:54:53.091911,user_0359,brownnatasha@ybl,jennifer69@paytm,505.53,16,a48e40f1-d042-4dfa-96ab-087a8bc78e81,Bengaluru,485.99,0,0,233.18,none,0
T0041008,2026-01-25 08:29:31.311187,user_0044,jeremywiley@ybl,ahicks@ybl,370.68,18,fd235def-3e5a-47e3-9560-db22c96b5edb,Ahmedabad,698.34,0,0,87.93,none,0
T0029001,2026-01-11 03:42:44.675904,user_0234,tommy79@paytm,katelynrowe@okhdfcbank,3116.05,10,ebe9e207-4f19-4ec0-832d-4526b3e4110a,Delhi,1581.93,0,0,840.53,none,0
T0000194,2026-01-01 19:45:27.191743,user_0185,campbellsara@ybl,sadams@ibl,597.56,20,2e326567-d284-454e-bebe-c0db9a3a6103,Chennai,727.57,0,0,136.31,none,0
T0025453,2026-01-08 07:52:10.400931,user_0229,padillaadrienne@paytm,nrangel@okhdfcbank,2462.22,11,269cd696-236c-4b87-94a0-bccb8a476a87,Mumbai,2180.16,0,0,127.57,none,0
T0006412,2026-01-02 20:29:33.090471,user_0744,ortegajoseph@oksbi,ronald99@oksbi,948.31,11,40a26c60-0d27-4659-b72a-da9b2f32751e,Delhi,746.35,0,0,1378.58,none,0
T0048020,2026-01-24 02:03:54.882749,user_0353,denise49@paytm,saraharrison@okhdfcbank,293.89,23,216e9fe5-93f3-4596-8c1c-8b0556771f36,Pune,288.0,0,0,37.46,none,0
T0043305,2026-01-22 19:48:11.465761,user_0137,tonyavega@paytm,hendrixcarlos@okhdfcbank,458.97,7,19985f15-ff00-4d4d-9020-59e4ff9ab5c2,Ahmedabad,411.31,0,1,53.53,none,0
T0048589,2026-01-21 13:00:06.188513,user_0548,sharpdaniel@oksbi,travisallen@oksbi,2168.69,10,5be6128e-18c2-4797-a142-ea7d17be3111,Pune,1665.54,0,0,427.6,none,0
T0014584,2026-01-05 00:48:52.900784,user_0662,daniel40@ybl,brian69@ibl,306.16,8,f7d7465d-37c3-43c9-a5d0-b51788d00abd,Bengaluru,225.76,0,0,319.02,none,0
T0048217,2026-01-22 13:55:21.325364,user_0390,jenniferacosta@ibl,dlynch@paytm,1183.85,12,292bd156-db94-4570-9ac7-0ec0ab8ddeb4,Delhi,1163.09,0,0,351.74,none,0
T0058252,2026-02-03 18:30:46.417585,user_0257,thompsonrachel@ybl,osanchez@oksbi,82.51,12,042b03ca-75a7-4686-9632-1d31c8acffcf,Mumbai,117.55,0,0,499.21,none,0
T0031735,2026-01-20 20:11:30.889316,user_0269,brooksjamie@ybl,zpreston@ibl,308.06,19,61a11729-3cb9-4350-9b4d-a0fe7bb38605,Lucknow,416.68,0,0,396.48,none,0
T0027703,2026-01-12 08:18:10.025245,user_0591,katie15@paytm,michael69@oksbi,196.79,23,e1cde87f-ec95-4f87-ae5e-c36572eb7474,Kolkata,592.39,0,0,198.29,none,0
T0049465,2026-01-26 22:53:43.413705,user_0653,davislisa@okhdfcbank,ccross@okhdfcbank,713.65,22,287d06ca-6f4c-469a-8b22-d3081c8eaee9,Jaipur,724.74,0,0,265.92,none,0
T0059046,2026-02-11 13:45:07.555480,user_0704,marymullins@ybl,pjones@ibl,211.71,12,0274ce40-e090-46b6-b186-a5a8d6ee526b,Lucknow,392.86,0,0,1603.17,none,0
T0026896,2026-01-20 12:52:25.163684,user_0307,zachary04@ibl,dominguezana@paytm,935.3,6,f68c62e6-e2a4-4909-a2dd-22d52afaab7b,Bengaluru,741.81,0,0,685.71,none,0
T0025833,2026-01-12 12:57:58.322031,user_0664,jennifer66@paytm,sancheznatalie@ybl,1813.29,10,8412a335-d88c-456d-b61e-5fdb1a435206,Hyderabad,1717.44,0,0,77.0,none,0
T0047315,2026-01-29 18:49:42.928808,user_0348,jamesjustin@ybl,brettsnyder@paytm,1283.35,9,cf89569d-e550-4736-8780-6e713811b519,Delhi,953.76,0,0,1191.43,none,0
T0053853,2026-01-22 22:46:04.885451,user_0217,philip94@okhdfcbank,frobinson@paytm,533.93,17,27aa7cbc-2337-4bbc-bffe-77c839feb99c,Kolkata,1008.32,0,0,756.99,none,0
T0030826,2026-01-14 05:33:34.824928,user_0479,mpearson@oksbi,stevenbright@okhdfcbank,587.27,16,5e6fea07-c453-4f1d-8199-2fdfb31022f0,Pune,612.16,0,0,2948.27,none,0
T0037485,2026-01-29 06:43:45.407165,user_0289,james98@ibl,katrina41@okhdfcbank,327.43,16,97777f10-f2d2-493f-8e85-140d0f9aeb70,Kolkata,311.68,0,0,1116.55,none,0
T0044989,2026-01-25 16:52:21.658863,user_0628,mwhite@ybl,crystalstark@oksbi,1718.93,23,722dce13-47a4-4c42-8665-34972fe922aa,Ahmedabad,1310.64,0,1,643.95,none,0
T0059831,2026-01-31 14:53:05.282675,user_0622,clarkmichael@ibl,danielmarshall@ibl,1602.21,13,10f1bc81-448a-4a9e-a6b2-bc5b50c187fc,Hyderabad,1402.78,0,0,2966.12,none,0
T0052588,2026-02-04 12:22:16.808587,user_0198,enewman@ybl,leejamie@ibl,1013.77,13,439e754c-6930-46ea-a0bd-a1ee5807cf74,Hyderabad,851.34,0,0,944.31,none,0
T0041997,2026-01-25 11:02:46.493407,user_0379,robertcastro@ibl,zkennedy@oksbi,507.48,10,86e52753-7c93-46cc-97d7-a560adb14670,Mumbai,644.86,0,0,1853.29,none,0
T0037864,2026-01-15 05:13:42.507278,user_0739,probinson@ibl,markgallagher@ibl,1152.55,23,25637cc3-ca97-4bf5-95d5-96afa663d2cd,Pune,1234.4,0,0,494.01,none,0
T0042678,2026-01-29 08:10:38.579007,user_0646,vbradley@ibl,keith37@oksbi,1072.48,13,ca9f1d59-83e8-4700-8e63-813ed22e3226,Kolkata,1945.41,0,0,205.0,none,0
T0055821,2026-01-27 08:59:19.723522,user_0180,ystewart@ybl,qwelch@oksbi,790.24,8,8a4b8f7c-2147-4a15-bcce-96f6250a4578,Chennai,1040.97,0,1,165.32,none,0
T0041393,2026-01-24 22:04:10.590324,user_0014,trujilloleah@oksbi,oobrien@paytm,548.0,12,c7cfeca8-22b9-424c-a744-3fb881bd55d5,Hyderabad,473.21,0,0,1552.02,none,0
T0033581,2026-01-15 22:48:49.351209,user_0453,michael77@ybl,gonzalezedward@ybl,1305.89,3,3ae28023-5472-4d2d-b239-9ffb27046f25,Delhi,1421.8,0,1,205.87,none,0
T0039248,2026-01-22 13:28:20.731911,user_0047,stephen89@okhdfcbank,radams@paytm,910.78,18,fb8fe8c4-d8b4-4ead-9360-8edf382b5b86,Hyderabad,573.87,0,0,1438.94,none,0
T0022868,2026-01-13 08:30:30.070982,user_0700,lwood@paytm,ysanchez@okhdfcbank,1080.78,7,268b84b6-3ec0-4285-8bc4-ec0ec2aef674,Mumbai,1960.67,0,0,214.97,none,0
T0028206,2026-01-21 12:57:46.531063,user_0614,hreeves@oksbi,jramos@okhdfcbank,904.15,13,c21c3fb3-a6a5-40ff-93fb-71d0dd326d9c,Ahmedabad,757.13,0,0,258.98,none,0
T0018439,2026-01-09 23:08:46.847775,user_0048,ryan25@oksbi,rhonda06@paytm,814.54,16,ce88cb2d-d4e8-4839-bc3e-058be0f3eab0,Bengaluru,609.54,0,0,742.5,none,0
T0017779,2026-01-07 05:29:38.582877,user_0346,tiffanymitchell@okhdfcbank,williamsjoseph@ibl,1267.34,23,e76adca9-7811-4802-88cc-7cfecf01f944,Chennai,1188.96,0,0,698.83,none,0
T0012417,2026-01-07 23:51:17.490076,user_0100,fmiller@okhdfcbank,timothy60@ybl,1593.65,6,604e46cb-3712-42d1-87cd-b6a1bf012e32,Kolkata,1348.16,0,0,503.88,none,0
T0051925,2026-02-01 13:50:56.384546,user_0676,lkelly@ibl,benjamin18@oksbi,916.54,7,ccac2fb5-1a0c-4c04-93cd-129110042d82,Lucknow,772.58,0,0,93.58,none,0
T0003329,2026-01-03 18:41:28.839335,user_0534,carlho@oksbi,cindy57@ibl,391.51,23,d2938e6e-ff4d-4930-b3b0-fb536f75ee8a,Ahmedabad,316.14,0,0,387.36,none,0
T0031525,2026-01-15 00:41:39.396852,user_0729,pdouglas@okhdfcbank,mariamorris@ybl,2563.46,9,01a25ed1-c3ab-45f1-8c6b-7074ab102c9b,Chennai,3010.52,0,0,1463.15,none,0
T0050652,2026-02-01 08:18:24.579324,user_0104,pamela83@paytm,joshuahernandez@ybl,836.49,8,90ce77e9-7513-43b9-87de-96ea2b0fbe44,Hyderabad,677.64,0,0,107.77,none,0
T0026668,2026-01-16 15:49:52.147563,user_0198,enewman@ybl,terrancemiller@oksbi,839.17,17,439e754c-6930-46ea-a0bd-a1ee5807cf74,Hyderabad,851.34,0,0,77.36,none,0
T0005156,2026-01-03 11:57:14.688522,user_0481,kmorris@paytm,friedmanrichard@paytm,681.96,18,5f65c8ce-bd21-4c11-be9d-61ee18b87245,Ahmedabad,806.37,0,0,30.68,none,0
T0034767,2026-01-14 06:45:24.941993,user_0681,hbush@oksbi,marcmontgomery@ybl,722.04,14,f5b78cc7-e6b3-4944-8b32-3e357922bac2,Lucknow,781.84,0,1,111.82,none,0
T0009851,2026-01-05 03:58:05.501605,user_0096,waltonmalik@ybl,vphillips@oksbi,2362.19,18,6e8f75a1-17dd-4d81-95da-705cd4ef00aa,Kolkata,2218.83,0,0,182.21,none,0
T0004341,2026-01-04 06:46:36.790060,user_0184,kristin49@ybl,montoyafelicia@okhdfcbank,2317.49,15,3c20592f-c04a-46c4-b3b6-3fe1d1843324,Jaipur,1643.58,0,0,544.37,none,0
T0036693,2026-01-25 01:09:29.442842,user_0710,vturner@ybl,allenjones@okhdfcbank,1015.89,11,eb6c1016-cee6-44d0-9dac-6e8345241ea6,Ahmedabad,957.3,0,0,140.14,none,0
T0009063,2026-01-06 06:12:50.031312,user_0087,qwilliams@paytm,davidharvey@ibl,562.93,18,3f738f50-19a2-476f-a8dd-2bfdf956be95,Delhi,816.63,0,0,667.53,none,0
T0008597,2026-01-07 22:19:23.750549,user_0485,christina79@ibl,bendermatthew@paytm,528.99,10,12a1fe7d-dfa5-4722-8a1f-c9df9a591974,Bengaluru,438.72,0,0,647.82,none,0
T0022993,2026-01-11 20:29:28.961398,user_0302,wcarrillo@ybl,vbrown@ibl,686.2,17,0e51f30d-c6a7-4e39-84b0-32ccd7c524a5,Bengaluru,769.29,0,0,1986.9,none,0
T0009665,2026-01-06 06:06:13.271311,user_0118,bartonshannon@ibl,khernandez@ibl,821.58,14,86e52753-7c93-46cc-97d7-a560adb14670,Hyderabad,833.45,0,1,750.66,none,0
T0034080,2026-01-20 01:02:39.358767,user_0543,leescott@ybl,martinezalan@ibl,235.07,23,a4b1f991-7542-4646-8d37-a539857dd3b3,Delhi,256.73,0,0,97.71,none,0
T0047205,2026-02-02 06:58:16.920839,user_0719,jessicachapman@ibl,parsonsmary@ibl,791.73,6,0f5ae9d3-8e6e-4003-a14f-3f12cfd01cbd,Lucknow,792.56,0,0,590.44,none,0
T0029737,2026-01-17 22:44:45.847296,user_0345,barbarasantos@ybl,arellanojason@paytm,324.15,18,4f9a5f98-4d95-4273-8b2c-c805d1403430,Chennai,328.21,0,0,164.7,none,0
T0022850,2026-01-13 18:48:55.041408,user_0688,harrisonwilliam@okhdfcbank,mendozamelanie@paytm,1389.22,14,f6d22a7b-aec7-4a82-948b-4376602a4e57,Bengaluru,1590.87,0,0,557.55,none,0
T0026926,2026-01-20 21:55:42.882797,user_0108,xmoran@paytm,prattronnie@ybl,1128.24,11,9d66e815-5a41-43b3-a95f-176cdebac186,Hyderabad,1094.77,0,0,99.98,none,0
T0028977,2026-01-19 02:36:23.563330,user_0765,ruizsamantha@paytm,eadams@oksbi,10.0,1,899ca782-e323-4d1a-bc1b-dacc18e19331,Chennai,472.5,0,0,253.36,none,0
T0050152,2026-01-20 07:47:58.137954,user_0011,rogersjoshua@okhdfcbank,mcross@ibl,499.23,10,3967e60a-823d-4107-9c8a-c066cb2fafa3,Jaipur,892.47,0,0,309.76,none,0
T0047476,2026-01-24 09:45:45.174254,user_0280,lauren90@oksbi,jessica61@paytm,533.79,9,db97ac6a-739f-42f4-82c1-2fbc49864999,Pune,334.96,1,1,28.92,geo_jump,1
T0021250,2026-01-12 04:19:34.324194,user_0087,qwilliams@paytm,jwall@okhdfcbank,570.03,16,3f738f50-19a2-476f-a8dd-2bfdf956be95,Delhi,816.63,0,0,766.18,none,0
T0000231,2026-01-01 18:29:48.340937,user_0737,chelseywhite@paytm,joelduncan@okhdfcbank,931.42,10,b076a7dc-fd0c-4433-8a5e-151b23d3cd4c,Pune,711.97,0,0,1109.81,none,0
T0007948,2026-01-07 07:33:12.510086,user_0057,butleromar@paytm,aguirreamanda@oksbi,402.95,18,0a368ce7-dc57-4131-b8e1-daa7cbceabde,Chennai,561.37,0,1,119.75,none,0
T0007171,2026-01-04 12:37:14.793589,user_0271,qpearson@paytm,mannbrittany@paytm,648.81,9,15969802-b6dd-4257-bb7d-9f1c57eb89b1,Mumbai,660.33,0,0,86.32,none,0
T0021888,2026-01-16 03:04:37.679967,user_0067,aaronpowers@okhdfcbank,annneal@ibl,1207.77,14,71299889-a01a-4992-bf9d-3e64c1a6423b,Hyderabad,703.07,0,0,323.37,none,0
T0037916,2026-01-21 09:52:07.083677,user_0660,woodana@oksbi,clarklisa@ybl,1476.33,18,9416e4dc-c6b2-4def-b8d8-b7f1c86c6544,Kolkata,1363.02,0,0,513.17,none,0
T0022702,2026-01-14 20:18:08.750182,user_0303,susan77@paytm,tracey91@ibl,975.51,15,0d557b61-8a17-4dfe-bfc0-0dc804f64d86,Chennai,1184.83,0,0,103.33,none,0
T0054259,2026-01-27 13:15:56.030864,user_0128,megan85@paytm,ntaylor@okhdfcbank,835.84,12,0aeccec7-204d-49da-b156-7f2acef74829,Jaipur,1019.57,0,0,633.82,none,0
T0023511,2026-01-19 13:30:47.758789,user_0676,lkelly@ibl,adavis@paytm,632.93,6,ccac2fb5-1a0c-4c04-93cd-129110042d82,Lucknow,772.58,0,0,206.44,none,0
T0013237,2026-01-08 09:37:12.928581,user_0295,calhounandrea@oksbi,ereed@okhdfcbank,631.44,15,2a25a888-0f02-4ad0-a706-7ef466aa9385,Lucknow,495.43,0,0,196.78,none,0
T0045228,2026-01-29 23:43:38.720946,user_0308,justinross@okhdfcbank,dgardner@ibl,651.3,19,fcc4091b-f457-47c6-b894-6a15c34201db,Chennai,1103.8,0,0,679.61,none,0
T0053576,2026-02-07 07:13:12.092373,user_0104,pamela83@paytm,gilbertchristopher@okhdfcbank,746.81,16,90ce77e9-7513-43b9-87de-96ea2b0fbe44,Hyderabad,677.64,0,0,4095.88,none,0
T0058046,2026-01-30 03:36:06.467990,user_0662,daniel40@ybl,austin08@okhdfcbank,335.93,8,f7d7465d-37c3-43c9-a5d0-b51788d00abd,Bengaluru,225.76,0,0,1565.51,none,0
T0030809,2026-01-15 04:07:12.479153,user_0535,fcamacho@okhdfcbank,gilmoregregory@ibl,1745.66,12,c4615234-8044-4eb2-b66e-dbf4a0ea0251,Pune,1153.44,0,0,1251.51,none,0
T0027965,2026-01-15 02:52:40.095418,user_0204,heather29@ibl,michellebrown@oksbi,212.06,18,66132e69-7418-4109-93d1-bf0f56c438e4,Mumbai,410.23,0,0,1041.51,none,0
T0046198,2026-01-23 16:11:00.831860,user_0242,cjohnson@ibl,saunderssarah@ybl,1019.44,7,78660765-14f7-4e8d-95bc-b8d04094dded,Ahmedabad,1618.05,0,0,61.0,none,0
T0003837,2026-01-01 03:28:42.948061,user_0670,thomasnicole@ibl,tvelasquez@ibl,435.95,16,0eaf04b5-f2a9-4c8a-8a9e-4a62fae3114b,Chennai,325.38,0,0,208.72,none,0
T0022666,2026-01-12 20:34:02.683013,user_0501,mckeetodd@ibl,durancassandra@oksbi,723.91,16,4aea1b8f-b43c-4e0a-ba9f-c10e52daf681,Ahmedabad,483.5,0,0,1811.02,none,0
T0031754,2026-01-27 17:47:01.400934,user_0101,fstewart@ibl,tsaunders@okhdfcbank,1063.3,13,5c70ee97-fca4-4567-8316-d2d6fa4a58ef,Chennai,953.35,0,0,2410.0,none,0
T0001800,2026-01-01 20:37:39.404404,user_0117,owilliams@paytm,walkerandrew@ybl,174.03,11,75f8e3a8-7d97-4c0f-bd56-09c4a4461663,Ahmedabad,200.48,0,0,161.52,none,0
T0028393,2026-01-16 15:01:08.257662,user_0792,joshualee@ybl,mferguson@okhdfcbank,901.5,8,20156a72-12e1-43a6-932c-ae01d2c65ee4,Hyderabad,1161.12,0,0,1870.33,none,0
T0028422,2026-01-12 13:58:40.425956,user_0553,wilsonshannon@paytm,brian90@ybl,990.92,15,7de31a51-6694-4343-90ba-58e3d2762bdc,Ahmedabad,785.03,0,0,333.55,none,0
T0005266,2026-01-03 17:57:30.600265,user_0193,jason53@ybl,sarah31@ybl,324.45,4,b8a6171f-1ee3-4dc4-bb04-8a8b405bfdc9,Mumbai,352.38,0,0,2084.3,none,0
T0016699,2026-01-08 00:13:04.508190,user_0247,johnsjessica@ibl,gjenkins@okhdfcbank,1329.94,13,f8f9a45d-0f55-4896-b610-396b7df59abf,Mumbai,1108.56,0,0,782.38,none,0
T0058542,2026-02-06 01:50:01.381449,user_0787,burtonkimberly@oksbi,ooliver@okhdfcbank,221.28,23,7a3a6e96-23ff-43d3-bb4f-b88a2f4dd219,Mumbai,234.93,0,0,573.58,none,0
T0008608,2026-01-06 12:02:39.552799,user_0549,phillipmorris@oksbi,vharmon@paytm,708.19,14,d61169a1-ff46-46bf-894d-916deb6d2fed,Kolkata,823.39,0,0,241.61,none,0
T0030936,2026-01-16 00:28:51.674345,user_0136,gonzalezkaren@ibl,dylan59@okhdfcbank,1670.35,12,1b84edc3-d8e0-49de-8217-ea0e896490ab,Mumbai,1451.93,0,0,326.39,none,0
T0053365,2026-01-26 08:46:20.836496,user_0735,scottlisa@ibl,clarkjesse@okhdfcbank,510.58,7,e0527739-4d40-4f1b-bca5-be2952171bf3,Pune,397.6,0,0,315.59,none,0
T0017520,2026-01-06 02:57:00.186903,user_0116,jenniferrodriguez@paytm,joseph91@oksbi,350.4,20,5c9deee0-b42a-4456-8736-5a84725e134d,Lucknow,368.02,0,0,231.26,none,0
T0037288,2026-01-17 11:17:26.037594,user_0324,stephenmartinez@oksbi,ogarrison@oksbi,963.19,20,3f5e3b8c-c058-4da5-a757-075bd47f83b1,Hyderabad,941.81,0,0,82.02,none,0
T0029101,2026-01-09 19:48:04.807918,user_0460,jesseshepherd@ibl,walkermark@okhdfcbank,1251.21,15,e723ada3-8c32-4db2-942a-895e0fcf601f,Mumbai,1598.12,0,0,131.8,none,0
T0051631,2026-02-01 08:19:55.305558,user_0352,martinjeremy@okhdfcbank,nroberts@ybl,1143.87,6,750d112e-8164-4eec-a4ab-851bf1fac6e7,Chennai,871.94,0,0,450.47,none,0
T0044608,2026-01-20 21:46:10.816869,user_0561,deanjohnny@ibl,gravestonya@paytm,406.23,6,af70de70-2b69-495e-8567-1b58926bffa5,Mumbai,331.62,0,0,111.38,none,0
T0034572,2026-01-23 17:04:41.658473,user_0192,fmedina@paytm,lewistiffany@oksbi,931.74,9,24108e9a-3f77-4cae-b318-b96d44790612,Mumbai,710.36,0,1,2612.54,none,0
T0017310,2026-01-12 12:01:04.315665,user_0519,lonniegrant@oksbi,andrewjohnson@paytm,1528.18,11,3de4e97d-f5f1-4da6-b7e4-b2afae251a0d,Chennai,1108.63,1,0,2.4,mule_burst,1
T0024167,2026-01-12 23:56:18.462114,user_0785,ljenkins@oksbi,xnguyen@paytm,665.82,19,ae455cc6-b88e-430f-9e1e-994ac5a11f5c,Hyderabad,545.25,0,0,296.56,none,0
T0000233,2026-01-01 04:44:13.898780,user_0420,mario74@ybl,tyler13@okhdfcbank,1374.28,23,5a5226e6-9d64-4932-8066-853d6de299a1,Lucknow,1401.85,0,1,284.23,none,0
T0036062,2026-01-20 00:02:35.539948,user_0630,lisa81@ibl,jack16@oksbi,1874.79,11,4cc9f5f2-e42e-4037-8a55-2ea08acbbe09,Mumbai,2481.13,0,0,1614.63,none,0
T0053943,2026-01-22 17:58:18.092423,user_0186,qfoster@ibl,allensarah@okhdfcbank,1335.43,18,ef69a980-5ad4-49ef-a36f-a890cc21cbdb,Chennai,898.47,0,0,1399.4,none,0
T0025189,2026-01-10 10:51:43.372422,user_0065,benjamincrawford@okhdfcbank,ramirezamber@okhdfcbank,443.45,9,f10c718b-1eb0-438a-a75d-d5af3c365296,Hyderabad,678.96,0,0,681.98,none,0
T0035839,2026-01-20 06:22:47.869959,user_0549,phillipmorris@oksbi,bhayden@oksbi,825.65,5,d61169a1-ff46-46bf-894d-916deb6d2fed,Kolkata,823.39,0,0,60.99,none,0
T0002620,2026-01-03 15:29:28.296386,user_0455,caitlin82@ibl,jennifer28@okhdfcbank,1592.16,10,2e326567-d284-454e-bebe-c0db9a3a6103,Ahmedabad,1134.15,0,0,873.06,none,0
T0025517,2026-01-11 18:08:35.445522,user_0283,qdavis@okhdfcbank,parkerallen@paytm,320.04,14,ebc1bb52-82e4-4d4a-943a-c1c54f560ed5,Pune,435.42,0,0,160.4,none,0
T0055054,2026-01-20 20:10:18.999100,user_0295,calhounandrea@oksbi,reneeestes@ybl,737.83,6,2a25a888-0f02-4ad0-a706-7ef466aa9385,Lucknow,495.43,0,0,1096.18,none,0
T0032290,2026-01-12 16:08:41.320405,user_0779,andersonkylie@ibl,william15@okhdfcbank,3832.57,12,9c678393-2ced-4c0d-b173-04b5c1dd484a,Kolkata,2566.44,0,0,775.26,none,0
T0016800,2026-01-12 17:17:19.154274,user_0113,nrodriguez@ibl,rushnathan@paytm,932.73,8,b28187c4-aa05-4442-a284-e8fd755cee2a,Kolkata,1157.52,0,0,257.6,none,0
T0013226,2026-01-05 16:42:57.128864,user_0722,deckeralexander@paytm,hpeterson@ybl,1208.11,12,14296c07-f26b-4776-913e-4de2e0c53cb8,Bengaluru,1153.26,0,0,260.71,none,0
T0011467,2026-01-06 20:34:08.462236,user_0786,carlsonjennifer@ibl,annawhite@ibl,476.14,9,8d244e3e-c4da-4ddb-a0b1-5abaa6a27967,Jaipur,816.66,0,0,1363.31,none,0
T0016509,2026-01-07 14:08:32.461587,user_0443,hlopez@okhdfcbank,connornichols@okhdfcbank,109.46,20,a6fd0cb1-16e6-45c0-84cb-294fe86e8e63,Pune,190.13,0,0,1294.06,none,0
T0032706,2026-01-14 10:58:06.832017,user_0351,esweeney@paytm,rachel76@ybl,1589.52,13,57d337d3-4fd8-4bbb-992c-11072444d301,Pune,1826.06,0,0,348.51,none,0
T0048058,2026-01-21 13:47:11.898798,user_0696,yorkjoshua@paytm,jamiemacdonald@okhdfcbank,256.98,11,f3abea0d-5be9-4db3-9d92-dd7c0db977a9,Mumbai,229.99,0,1,475.68,none,0
T0029456,2026-01-17 17:33:27.401564,user_0345,barbarasantos@ybl,sarahlee@ibl,369.08,12,4f9a5f98-4d95-4273-8b2c-c805d1403430,Chennai,328.21,0,0,140.17,none,0
T0020929,2026-01-11 14:17:59.240177,user_0642,amanda69@oksbi,norrissarah@ybl,1685.6,14,ae9bec36-35c7-436c-9b99-62c6e61fecc0,Kolkata,1965.93,0,0,486.14,none,0
T0011660,2026-01-08 07:42:28.860231,user_0420,mario74@ybl,cherylhuynh@okhdfcbank,1519.0,14,5a5226e6-9d64-4932-8066-853d6de299a1,Pune,1401.85,0,0,2779.44,none,0
T0058011,2026-02-07 11:14:14.719824,user_0480,johnadams@ybl,zolson@ibl,1036.62,15,822c4d32-6c64-4c15-aba3-01cba561e1e9,Jaipur,934.28,0,0,147.28,none,0
T0045608,2026-01-18 19:49:35.974223,user_0220,melaniedrake@oksbi,williamsandrew@okhdfcbank,1992.82,7,a9e27ba9-952e-4abb-94dd-5061555736f8,Ahmedabad,2607.34,0,0,164.11,none,0
T0051181,2026-02-01 18:26:20.484532,user_0414,tonystewart@ybl,lukehamilton@ibl,772.87,14,52961fb3-4d40-4b28-9628-ddcd19dd3e8c,Lucknow,808.85,0,0,628.25,none,0
T0012609,2026-01-08 12:10:56.434757,user_0340,rosshannah@ybl,nelsoncraig@ybl,346.8,23,cdd0b4d4-5542-47de-b6ad-f48b2314d0c8,Lucknow,754.31,0,0,21.06,none,0
T0048336,2026-02-06 20:13:38.085199,user_0046,gary04@ybl,amberrobinson@oksbi,373.51,14,98af5cca-6b11-47cb-a372-542482c56b21,Jaipur,762.64,0,0,433.75,none,0
T0015493,2026-01-12 00:07:52.009970,user_0482,rodriguezrobert@okhdfcbank,bakererica@ybl,1334.28,11,9b4e2c24-9479-41e6-8927-7d9b6e0d2648,Bengaluru,1004.67,0,0,303.41,none,0
T0002448,2026-01-03 00:03:43.293865,user_0732,kayla54@ibl,shansen@ibl,859.74,10,97777f10-f2d2-493f-8e85-140d0f9aeb70,Bengaluru,864.5,0,0,209.44,none,0
T0056295,2026-01-27 03:03:00.051380,user_0064,michaelortiz@ibl,collinssharon@okhdfcbank,640.21,21,a84554c3-a3f6-4c61-afb7-0dab2f383b43,Bengaluru,858.71,0,0,39.14,none,0
T0005812,2026-01-04 14:16:23.059780,user_0000,ericaadams@oksbi,smithrebecca@okhdfcbank,1092.65,17,00fa0eb4-5c5f-48d4-8df4-07b82751ab86,Mumbai,1007.47,0,0,954.67,none,0
T0005404,2026-01-02 13:28:14.582853,user_0780,bstrickland@ybl,dfox@okhdfcbank,435.75,21,0a0537f0-2c2c-422b-a568-95c6812a1f9b,Lucknow,450.25,0,0,335.96,none,0
T0041259,2026-01-23 09:59:57.317662,user_0509,raymondstacy@okhdfcbank,patricia89@oksbi,1309.48,16,aa604892-3926-42e9-9b58-eb49c9784b52,Lucknow,1236.46,0,0,43.08,none,0
T0011321,2026-01-10 10:23:46.127764,user_0798,buckleygregory@oksbi,suttonwilliam@ibl,176.91,18,5c9deee0-b42a-4456-8736-5a84725e134d,Kolkata,436.51,0,0,402.41,none,0
T0012779,2026-01-04 12:37:23.664791,user_0281,paulfields@okhdfcbank,sandra22@okhdfcbank,383.88,9,304b2370-8270-4238-9b5f-8f39848b34f0,Lucknow,397.4,0,0,273.61,none,0
T0044810,2026-01-25 16:44:23.459302,user_0451,charlene98@oksbi,dporter@okhdfcbank,1332.06,12,5e717fca-020a-4497-b4ed-51458d9765c7,Mumbai,829.77,0,0,923.14,none,0
T0036710,2026-01-17 14:42:56.773088,user_0640,sullivanjennifer@ybl,ngross@ybl,805.01,13,8471b4b0-ae1b-4f69-b740-d83173318749,Jaipur,1466.02,0,0,488.6,none,0
T0048394,2026-01-24 22:18:19.154851,user_0700,lwood@paytm,carmen39@ybl,1627.8,11,268b84b6-3ec0-4285-8bc4-ec0ec2aef674,Mumbai,1960.67,0,1,339.84,none,0
T0005260,2026-01-02 17:09:41.300121,user_0471,brentdennis@ibl,zhorton@paytm,1746.32,11,310c0c00-3fa7-4104-9bf9-0e27dc96925e,Hyderabad,1784.06,0,0,554.13,none,0
T0017676,2026-01-12 01:52:46.520956,user_0376,xevans@oksbi,qjones@ibl,2259.53,7,b43bd27f-42a2-49a6-8664-12854303cbc1,Delhi,3124.06,0,0,338.12,none,0
T0041676,2026-01-19 17:13:01.227596,user_0326,craignicolas@paytm,dawn83@ybl,1307.69,16,861b4f5b-45a0-4539-ade8-370ace9e9ebd,Bengaluru,1275.28,0,0,721.96,none,0
T0004892,2026-01-04 02:00:24.792191,user_0177,millerbrian@ibl,teresamiller@ybl,409.93,13,497ec6d1-081f-46dc-b8d9-a88aef0bea4f,Chennai,467.21,0,0,1836.9,none,0
T0011264,2026-01-09 04:52:09.144404,user_0676,lkelly@ibl,crystalward@okhdfcbank,900.66,15,ccac2fb5-1a0c-4c04-93cd-129110042d82,Lucknow,772.58,0,0,120.42,none,0
T0039642,2026-01-24 01:32:55.135366,user_0394,riveramegan@ibl,hannah70@ybl,365.61,11,a995ecc3-6f5b-49a6-8ff1-c51f915cb31b,Bengaluru,600.1,0,0,756.64,none,0
T0054108,2026-01-28 13:36:55.814539,user_0342,colematthew@ibl,nancyroberts@paytm,1024.48,14,97867b12-1328-4726-a4f4-34d6d1e91691,Bengaluru,1408.8,0,1,907.93,none,0
T0055025,2026-01-26 11:16:43.550246,user_0273,cheryl63@paytm,sarah31@ybl,385.96,15,3be79df4-72ec-416e-88a7-23e9bfa016c2,Mumbai,478.53,0,0,547.59,none,0
T0005649,2026-01-03 02:55:07.843041,user_0777,xjackson@paytm,brittanyyoder@okhdfcbank,1437.22,6,e1fdc6d1-6978-4221-bfb7-5c574b8c031f,Mumbai,1131.6,0,0,796.81,none,0
T0014621,2026-01-07 22:36:09.931859,user_0021,william28@paytm,lauren64@oksbi,303.35,18,a981b098-b2cf-452d-a7f3-33b3f7baf55e,Bengaluru,264.07,0,0,86.35,none,0
T0007192,2026-01-05 19:47:35.051807,user_0086,arodriguez@oksbi,adrianmcneil@ibl,226.68,14,f0f7ad22-c76a-4e0f-88f0-91f09b8b38ae,Pune,183.43,0,0,720.11,none,0
T0025562,2026-01-18 05:28:50.553444,user_0271,qpearson@paytm,stacyward@okhdfcbank,265.34,15,15969802-b6dd-4257-bb7d-9f1c57eb89b1,Mumbai,660.33,0,0,119.76,none,0
T0032133,2026-01-16 22:43:08.781486,user_0086,arodriguez@oksbi,hughessherry@ybl,190.71,10,f0f7ad22-c76a-4e0f-88f0-91f09b8b38ae,Pune,183.43,0,0,2775.55,none,0
T0059446,2026-01-29 19:37:17.476420,user_0082,jarvismegan@ibl,cobbmegan@oksbi,428.22,16,9b69554d-7c54-435f-ac8c-3b6aa974d079,Delhi,388.48,0,0,884.42,none,0
T0003325,2026-01-03 10:21:26.025715,user_0254,nicholasanderson@paytm,jacquelinedelacruz@ibl,188.09,13,2c33350c-73b9-41d8-92f5-131ada52d2ee,Chennai,227.78,0,0,314.48,none,0
T0032588,2026-01-21 21:44:34.655117,user_0606,tgallegos@paytm,lwilcox@ybl,926.64,9,f5b78cc7-e6b3-4944-8b32-3e357922bac2,Ahmedabad,1524.14,0,0,249.68,none,0
T0048297,2026-01-25 14:46:39.668366,user_0317,duranamber@paytm,mark21@oksbi,776.95,5,8ed6ad5e-1831-4aa3-9466-9d1910df9974,Kolkata,617.22,0,0,368.78,none,0
T0044477,2026-01-30 17:54:07.445660,user_0386,rwilliamson@ybl,spowers@ybl,83.98,5,5d678bb1-945e-42e4-888a-93ec70d9c9f8,Pune,221.98,0,0,2.48,none,0
T0004309,2026-01-03 18:16:53.607559,user_0496,kristinawilliamson@paytm,webstersteven@oksbi,840.2,11,9b4e2c24-9479-41e6-8927-7d9b6e0d2648,Mumbai,904.72,0,0,304.85,none,0
T0005194,2026-01-02 08:09:28.133764,user_0279,craigromero@okhdfcbank,ifox@oksbi,874.5,9,9d264599-c4dd-4df5-9aec-56a857311609,Hyderabad,652.77,0,1,374.42,none,0
T0034972,2026-01-14 20:19:29.299168,user_0722,deckeralexander@paytm,pperry@oksbi,1462.25,12,14296c07-f26b-4776-913e-4de2e0c53cb8,Bengaluru,1153.26,0,0,587.85,none,0
T0020777,2026-01-17 06:31:28.262422,user_0296,michael43@ybl,angelavaldez@okhdfcbank,843.26,7,f7eae66e-ca6c-4f9b-8969-71018b2c550a,Bengaluru,742.04,0,0,427.6,none,0
T0058628,2026-01-27 15:10:42.138107,user_0766,sanchezdeborah@paytm,oalexander@paytm,946.11,16,965befdf-6b4b-4411-8a4a-0e2df22b5b98,Kolkata,940.15,0,0,556.9,none,0
T0048784,2026-01-22 13:53:12.538427,user_0265,eanderson@oksbi,wisebrianna@ibl,1032.66,19,73d39457-b25f-43df-b8d4-9848702ba49f,Lucknow,662.91,0,0,27.37,none,0
T0051333,2026-01-23 05:54:50.014108,user_0035,lawrencebrown@oksbi,sandragutierrez@paytm,806.89,18,bd1531c8-3764-4bda-b108-d4482f65fafa,Chennai,1322.48,0,0,35.79,none,0
T0055222,2026-01-27 13:52:39.934244,user_0498,pricejoseph@ibl,samanthablack@oksbi,293.69,6,cfd7f3b9-c68f-4ba5-9e0d-02b5fe7402cd,Delhi,383.56,0,0,1604.47,none,0
T0012544,2026-01-11 16:54:50.099701,user_0652,pmurphy@paytm,smithteresa@ibl,657.7,8,4c6a70f4-8ede-444d-876c-f68c3f1be0d0,Mumbai,631.23,0,0,595.83,none,0
T0009654,2026-01-06 04:36:45.554015,user_0790,montgomerymichelle@ibl,youngjared@ibl,559.2,17,5da8d6d2-f8b3-4a8b-a05f-b8bc8a16a06c,Lucknow,1033.97,0,0,28.01,none,0
T0044455,2026-01-26 22:31:42.400411,user_0438,angela65@ybl,bernardmartinez@okhdfcbank,547.01,23,f50d7a37-a44d-4fec-bd85-d7fa8ac97b01,Mumbai,698.76,0,0,878.2,none,0
T0014414,2026-01-11 15:09:44.249591,user_0305,oschultz@ibl,markmiller@okhdfcbank,894.32,16,4baf0f5e-a932-4094-93f2-8f11147f6570,Ahmedabad,1056.87,0,0,1840.19,none,0
T0055425,2026-01-28 23:14:25.754667,user_0488,rodriguezbrian@okhdfcbank,ostewart@ybl,412.52,16,03c72ba8-d605-4770-8a63-f881ffd0f9d5,Bengaluru,463.23,0,0,761.38,none,0
T0055595,2026-01-25 15:00:06.683643,user_0742,kimberly07@ybl,kbrady@paytm,698.55,20,53cd6268-610c-4373-8299-9aa40cdf742b,Ahmedabad,448.85,0,0,709.7,none,0
T0040916,2026-01-21 12:54:50.771449,user_0318,charlesnathan@ybl,davenportlisa@oksbi,673.94,17,22bf18f5-1f65-4a87-b33e-e3447dbf4bc1,Pune,927.28,0,0,468.83,none,0
T0001785,2026-01-01 17:56:08.281089,user_0117,owilliams@paytm,uwilliams@ybl,220.33,9,75f8e3a8-7d97-4c0f-bd56-09c4a4461663,Ahmedabad,200.48,0,0,594.78,none,0
T0006011,2026-01-06 05:29:16.131100,user_0691,keith09@ybl,thomascathy@paytm,1014.3,22,64953d5f-0cb4-4891-988d-f23b3ccff6eb,Mumbai,1100.43,0,0,217.66,none,0
T0030670,2026-01-16 15:29:31.712798,user_0026,nathan94@ybl,johnsonbryce@okhdfcbank,516.57,17,4bbe4aff-9326-4ffd-9be4-bf5192698698,Kolkata,658.71,0,0,569.1,none,0
T0013022,2026-01-08 05:19:54.118025,user_0394,riveramegan@ibl,omurray@ybl,720.48,6,a995ecc3-6f5b-49a6-8ff1-c51f915cb31b,Bengaluru,600.1,0,0,373.57,none,0
T0056104,2026-01-28 03:33:30.657262,user_0444,ashleymeza@oksbi,sheri42@ibl,809.5,18,47c68688-ecf3-4053-af36-b8cc13087974,Lucknow,678.96,0,0,363.61,none,0
T0055686,2026-02-03 09:14:51.551255,user_0102,garciarobert@okhdfcbank,hansenthomas@paytm,602.42,21,81f76d1c-2dbc-4134-830f-f46e8026695f,Bengaluru,597.81,0,1,129.35,none,0
T0019730,2026-01-11 22:40:35.418631,user_0672,taylorlinda@paytm,andrea87@ibl,683.42,12,b4323070-a23d-4c2f-82a7-96891933918c,Hyderabad,1312.21,0,0,569.72,none,0
T0002830,2026-01-03 14:03:58.288899,user_0267,ascott@okhdfcbank,mark66@ybl,2539.73,14,3f8c1097-c4da-4c2e-9bff-a27915c1604f,Chennai,2332.96,0,0,942.76,none,0
T0004045,2026-01-05 01:48:43.936574,user_0285,zarias@okhdfcbank,sarawilliams@ybl,2212.21,14,ccf3a171-56dc-4907-ba6c-34ab6712303a,Mumbai,2022.54,0,0,267.43,none,0
T0032543,2026-01-12 02:35:55.807025,user_0139,james80@oksbi,monicadavis@oksbi,793.13,15,af475b49-c775-4395-9494-05f02cd2a404,Kolkata,740.48,0,0,581.4,none,0
T0044389,2026-02-02 19:25:53.041294,user_0380,twright@ibl,ahart@oksbi,667.94,6,61ee411a-1bac-47a7-b386-f7a4c991603f,Delhi,699.9,0,0,473.83,none,0
T0007472,2026-01-08 20:39:53.004596,user_0769,marybrown@ybl,wardbrandy@paytm,1967.66,5,c777a07f-6346-44ef-a9ef-74e34ab6821c,Lucknow,1545.14,0,0,1038.5,none,0
T0024234,2026-01-17 02:23:35.147788,user_0473,walkerkeith@ibl,rodriguezzachary@ybl,573.4,5,9adf4709-ac75-4344-a08e-149e44b9e602,Kolkata,581.48,0,0,1002.43,none,0
T0011224,2026-01-06 13:30:06.208637,user_0534,carlho@oksbi,jacqueline24@paytm,446.15,20,d2938e6e-ff4d-4930-b3b0-fb536f75ee8a,Ahmedabad,316.14,0,0,251.27,none,0
T0058220,2026-01-31 14:02:15.828818,user_0131,jennifer58@oksbi,tcook@ibl,398.54,12,71efe72a-ae13-491e-84fa-4c7239e7a4f1,Chennai,391.92,0,1,412.12,none,0
T0001078,2026-01-01 22:58:51.318735,user_0042,katherine83@ybl,juliamorales@ibl,647.38,18,6e417d47-5ff5-45ea-9bc4-40f14b1a269b,Lucknow,921.39,0,0,651.24,none,0
T0024211,2026-01-17 01:19:05.894953,user_0246,kgreene@paytm,pageandrew@paytm,1457.45,9,1519830c-4019-4303-9c45-7e4da79313b8,Chennai,2096.02,0,0,291.02,none,0
T0026566,2026-01-10 04:53:35.005065,user_0508,garrettnatasha@ibl,pespinoza@ibl,1466.51,9,1e38f711-e2ec-43f4-bba1-aed944cdbfdd,Lucknow,1468.73,0,0,238.99,none,0
T0021568,2026-01-13 02:12:00.673136,user_0441,blackburnsusan@ibl,samuel84@oksbi,514.32,5,20156a72-12e1-43a6-932c-ae01d2c65ee4,Pune,466.35,0,0,100.26,none,0
T0055908,2026-02-02 00:15:22.555180,user_0284,nathanlynch@paytm,spencermichelle@paytm,330.73,13,a65be22b-d5a3-46d9-8362-a810a2611b8d,Ahmedabad,299.61,0,0,246.69,none,0
T0021372,2026-01-12 03:03:02.608331,user_0089,tiffanysantiago@ibl,mark22@paytm,1411.36,15,5ef787b8-f2e6-495f-b32e-2016add702c9,Delhi,1207.38,0,0,1568.26,none,0
T0015291,2026-01-11 16:32:48.643656,user_0113,nrodriguez@ibl,gardnerchristopher@ybl,1292.79,9,b28187c4-aa05-4442-a284-e8fd755cee2a,Kolkata,1157.52,0,0,51.28,none,0
T0058139,2026-02-04 23:36:02.561185,user_0631,fbradley@okhdfcbank,christopher10@okhdfcbank,393.34,12,f0f7ad22-c76a-4e0f-88f0-91f09b8b38ae,Ahmedabad,647.15,0,0,17.15,none,0
T0026489,2026-01-17 13:20:28.765627,user_0099,christianwallace@ybl,pellis@oksbi,938.91,14,bda3c162-3a78-464a-9d86-80cbb90800f3,Bengaluru,1211.31,0,0,594.69,none,0
T0038848,2026-01-21 15:19:44.134715,user_0552,heather21@okhdfcbank,donna90@okhdfcbank,2447.67,6,5e717fca-020a-4497-b4ed-51458d9765c7,Bengaluru,2146.15,0,0,578.09,none,0
T0025315,2026-01-19 00:07:08.784003,user_0274,jarnold@ibl,karen17@ibl,582.58,13,4fa03f26-f6f7-40cc-a9ec-8e49d1bdb8c0,Delhi,461.33,0,0,582.32,none,0
T0038966,2026-01-22 03:54:19.406410,user_0280,lauren90@oksbi,phenderson@oksbi,356.87,19,c2492e5e-005f-40e6-95c3-b2dbf374190d,Ahmedabad,334.96,0,0,851.1,none,0
T0054522,2026-01-31 17:43:38.812403,user_0367,amy28@paytm,andrew14@okhdfcbank,192.08,18,74797b61-2737-4b52-ba6a-210722319050,Mumbai,175.24,0,1,125.28,none,0
T0025831,2026-01-16 12:08:28.989641,user_0545,robertoaustin@paytm,dmills@okhdfcbank,1203.55,16,a1e518a2-93d2-48d4-a465-5c397d4d2add,Bengaluru,909.77,0,0,363.47,none,0
T0018609,2026-01-10 00:51:37.137543,user_0712,hbaker@paytm,rbradley@okhdfcbank,971.32,15,00a81de9-d20f-47d0-8465-6d6b81fb18b3,Hyderabad,756.69,0,1,769.54,none,0
T0018438,2026-01-14 10:19:39.490532,user_0067,aaronpowers@okhdfcbank,smithalyssa@oksbi,500.59,13,71299889-a01a-4992-bf9d-3e64c1a6423b,Hyderabad,703.07,0,0,1634.71,none,0
T0030673,2026-01-17 16:04:53.705285,user_0318,charlesnathan@ybl,frankboone@oksbi,1040.66,20,22bf18f5-1f65-4a87-b33e-e3447dbf4bc1,Pune,927.28,0,0,677.62,none,0
T0004863,2026-01-02 13:38:19.538013,user_0777,xjackson@paytm,kelleyderek@okhdfcbank,1240.0,6,e1fdc6d1-6978-4221-bfb7-5c574b8c031f,Mumbai,1131.6,0,0,150.92,none,0
T0057497,2026-01-26 10:49:06.100259,user_0381,oclayton@paytm,tammy22@oksbi,314.83,14,9c1c3517-85d2-40a6-8629-5b5d707df251,Delhi,473.58,0,0,269.34,none,0
T0028303,2026-01-13 01:00:37.394279,user_0186,qfoster@ibl,murrayemily@okhdfcbank,973.04,4,ef69a980-5ad4-49ef-a36f-a890cc21cbdb,Chennai,898.47,0,1,208.39,none,0
T0056510,2026-02-03 07:57:07.022574,user_0181,nicholsdarlene@okhdfcbank,mrandall@oksbi,543.2,15,a981b098-b2cf-452d-a7f3-33b3f7baf55e,Mumbai,617.61,0,0,87.34,none,0
T0033106,2026-01-20 17:21:49.908981,user_0440,navarromary@ybl,susanjacobs@okhdfcbank,705.57,11,e3c43657-1d8c-4bac-83b4-09ef2260e70f,Hyderabad,1153.0,0,0,1597.4,none,0
T0041633,2026-01-28 05:11:59.071853,user_0003,carolynsmith@ybl,yanderson@ibl,659.74,16,5380b904-688c-4015-aab9-7e494f2d4796,Hyderabad,602.92,0,0,71.94,none,0
T0016252,2026-01-12 17:16:34.590561,user_0562,fjimenez@oksbi,oterry@okhdfcbank,555.77,8,9191b363-4e2d-4645-adc7-cac7fd72b050,Bengaluru,692.33,0,0,259.21,none,0
T0020301,2026-01-10 19:41:12.163512,user_0240,olsontimothy@paytm,laura51@oksbi,405.31,17,43d75413-a939-4bd1-a516-b0d47d3572cc,Mumbai,1019.17,0,1,664.27,none,0
T0023233,2026-01-17 16:10:54.989581,user_0382,christian38@ibl,kanediane@oksbi,443.86,13,fdb1429e-7010-4d13-b526-b22d3f6c21f7,Delhi,593.48,0,0,1187.55,none,0
T0012041,2026-01-07 18:18:49.138811,user_0402,sharon20@ibl,mark42@ybl,436.76,2,37bb3eec-4bf5-4b52-b09d-258c27a0c3d7,Hyderabad,481.53,0,0,282.97,none,0
T0056149,2026-01-31 07:17:44.387372,user_0357,jessicastanley@ybl,marie02@oksbi,949.93,12,42378962-e4fd-4c34-9670-7a2129dc073e,Bengaluru,990.97,0,0,39.5,none,0
T0059709,2026-01-28 05:13:05.526095,user_0381,oclayton@paytm,rogerssue@okhdfcbank,632.12,17,9c1c3517-85d2-40a6-8629-5b5d707df251,Delhi,473.58,0,0,2543.99,none,0
T0059854,2026-01-24 14:49:48.764668,user_0761,sullivanjason@ibl,patriciamoore@okhdfcbank,1200.43,11,34885a46-9088-4eaf-8977-6598203c8c25,Chennai,1037.19,0,0,160.92,none,0
T0021411,2026-01-13 13:45:29.734221,user_0271,qpearson@paytm,lori79@ibl,658.55,16,15969802-b6dd-4257-bb7d-9f1c57eb89b1,Mumbai,660.33,0,0,287.92,none,0
T0006253,2026-01-07 04:44:02.917473,user_0776,bryan42@ibl,markbaird@paytm,1644.78,10,2bd3cdcd-2779-4685-94a5-3fdef10d27c8,Delhi,1410.76,0,0,147.19,none,0
T0056812,2026-01-25 03:57:08.977172,user_0368,brittanybryant@oksbi,hblackburn@okhdfcbank,578.66,6,07512c9e-1aa1-467d-afce-9d783af8caff,Hyderabad,247.77,1,0,0.78,mule_burst,1
T0059158,2026-02-06 09:21:04.921862,user_0378,laurakelley@oksbi,johncabrera@ybl,982.29,11,aaf91531-0200-41f0-8768-a84fa76afde6,Hyderabad,824.28,0,0,449.56,none,0
T0012810,2026-01-09 21:39:54.410371,user_0385,derrickrodriguez@ybl,sullivankelly@ybl,107.56,14,5230dfbd-5553-42fe-a889-803e5913f9d3,Pune,116.88,0,0,860.67,none,0
T0030036,2026-01-16 00:54:37.159641,user_0612,kimberly21@oksbi,robertbutler@ybl,988.63,16,5f32d5d8-2abe-4585-825e-0259b88416d2,Bengaluru,692.73,0,0,239.67,none,0
T0037599,2026-01-15 00:21:03.401972,user_0217,philip94@okhdfcbank,tinawise@okhdfcbank,1397.18,10,27aa7cbc-2337-4bbc-bffe-77c839feb99c,Kolkata,1008.32,0,0,481.56,none,0
T0008634,2026-01-03 10:34:38.424940,user_0537,mparsons@paytm,fullerdaniel@oksbi,1607.47,13,ac9ed156-f63f-4e41-ba9a-ca5e176132ed,Delhi,1276.31,0,0,545.67,none,0
T0022109,2026-01-16 03:48:14.139692,user_0185,campbellsara@ybl,donaldparker@ibl,459.6,18,2e326567-d284-454e-bebe-c0db9a3a6103,Chennai,727.57,0,0,317.15,none,0
T0055022,2026-02-02 00:08:12.416172,user_0312,victorgonzalez@ibl,dcooper@ybl,1.39,15,81461a5d-16cb-4dcb-8f5d-ca4810189b11,Chennai,1383.02,1,0,468.18,probing,1
T0037852,2026-01-17 03:55:03.815632,user_0265,eanderson@oksbi,wgutierrez@ybl,567.29,16,73d39457-b25f-43df-b8d4-9848702ba49f,Lucknow,662.91,0,0,464.46,none,0
T0034038,2026-01-24 17:12:22.581037,user_0188,julierobles@ybl,richardsmichael@ybl,502.6,11,9d3616a1-08de-4921-a60c-b547e2280fe3,Jaipur,377.12,0,0,833.59,none,0
T0037829,2026-01-24 21:02:46.200824,user_0105,xclements@ibl,sharpwilliam@paytm,1108.46,12,ec8be537-58ab-4778-943b-45e3b6d1f6bb,Pune,908.81,0,0,108.15,none,0
T0050254,2026-01-22 22:08:01.404085,user_0758,tracybrown@okhdfcbank,maryvasquez@ybl,248.61,22,94a1875d-2db6-4edb-82de-ffccf86c2ca2,Ahmedabad,206.29,0,0,564.39,none,0
T0052176,2026-01-27 00:39:21.698477,user_0164,rebeccaaustin@ybl,justin48@ybl,649.61,13,257f7595-cdfb-4db9-85e7-8b23f4613f09,Ahmedabad,753.37,0,0,843.9,none,0
T0033484,2026-01-11 20:13:27.179139,user_0415,linda73@oksbi,kenneth12@okhdfcbank,623.48,8,972a8469-1641-4f82-8b9d-2434e465e150,Chennai,626.1,0,0,136.52,none,0
T0016931,2026-01-11 12:33:44.314945,user_0689,vberry@oksbi,cochraneric@paytm,287.18,13,e3c43657-1d8c-4bac-83b4-09ef2260e70f,Ahmedabad,371.65,0,0,872.06,none,0
T0026334,2026-01-16 15:50:26.882011,user_0657,kevin46@paytm,johnsonjerry@okhdfcbank,221.87,18,370b9a29-0a53-4df9-9a72-083cb266986c,Bengaluru,240.26,0,0,372.6,none,0
T0048598,2026-02-03 02:54:43.280634,user_0340,rosshannah@ybl,sharon41@ibl,428.35,16,cdd0b4d4-5542-47de-b6ad-f48b2314d0c8,Lucknow,754.31,0,0,697.08,none,0
T0045817,2026-01-18 12:10:46.775604,user_0544,kim47@ibl,lisa53@oksbi,823.93,9,a21b0307-82af-485c-938d-994c2b0abedd,Hyderabad,1774.69,0,0,1143.9,none,0
T0059687,2026-02-01 00:15:38.713626,user_0782,saramann@oksbi,howeaaron@okhdfcbank,1558.76,11,73253aa3-ec17-4298-943d-f5b3a58e83dd,Hyderabad,1891.83,0,0,57.91,none,0
T0026219,2026-01-13 10:04:30.926723,user_0464,larsonkevin@ybl,ramirezjames@oksbi,875.44,23,f5c9b047-9c10-4572-8f6b-40d09efba58b,Delhi,864.3,0,0,1005.63,none,0
T0014816,2026-01-09 03:16:21.909962,user_0370,regina78@ibl,georgejohnson@ibl,933.22,20,e9ad0e9b-8c9a-41e9-b3b2-63376a74dbb7,Jaipur,591.4,0,0,1108.66,none,0
T0043626,2026-01-16 19:44:26.844454,user_0217,philip94@okhdfcbank,dominguezjoe@ibl,1195.53,2,27aa7cbc-2337-4bbc-bffe-77c839feb99c,Kolkata,1008.32,0,0,26.26,none,0
T0026827,2026-01-18 05:42:46.218235,user_0753,gregorywilliams@oksbi,crobles@paytm,630.06,17,4082cbb9-48bd-4b3e-a2f5-df2badaa44ca,Mumbai,447.43,0,1,260.14,none,0
T0036060,2026-01-26 02:41:59.715044,user_0110,aaronkelly@oksbi,melindamatthews@oksbi,315.1,6,0426fcc9-255b-40e2-bdc2-b74b38a56b49,Mumbai,302.48,0,0,34.47,none,0
T0041476,2026-01-27 13:49:30.529083,user_0108,xmoran@paytm,orice@paytm,1527.92,10,9d66e815-5a41-43b3-a95f-176cdebac186,Hyderabad,1094.77,0,0,977.83,none,0
T0025432,2026-01-12 16:10:28.027438,user_0258,richamanda@paytm,jennifercummings@ibl,811.67,8,65bcc272-fadd-4ea3-aca5-e2fdb966442a,Ahmedabad,671.7,0,0,211.3,none,0
T0036178,2026-01-20 10:49:37.161314,user_0487,jamesbrooks@ybl,lbarry@oksbi,1555.81,13,92a81713-b90e-444b-951c-25d54d4c5280,Mumbai,1752.15,0,0,146.86,none,0
T0035413,2026-01-15 17:25:27.123952,user_0697,christinahill@oksbi,lianthony@paytm,392.22,14,541cdfcd-da0d-4a5f-948f-8b74a65bb1f2,Hyderabad,381.81,0,0,354.29,none,0
T0044222,2026-01-28 01:14:57.412161,user_0792,joshualee@ybl,johnsonamber@ybl,1238.61,17,9d66e815-5a41-43b3-a95f-176cdebac186,Hyderabad,1161.12,0,0,438.08,none,0
T0025234,2026-01-09 12:09:57.401147,user_0567,brandonhernandez@oksbi,parkerwilliam@oksbi,1116.51,17,ceae71cf-ce00-4af0-beb0-51817ba24588,Chennai,597.0,0,0,77.13,none,0
T0045336,2026-01-20 01:28:56.959660,user_0372,robert24@okhdfcbank,lucasesparza@oksbi,628.49,21,5a104129-54ae-4d1b-8ce6-424dbef59fe6,Pune,689.02,0,1,1635.1,none,0
T0052613,2026-01-29 02:31:27.834654,user_0281,paulfields@okhdfcbank,julieirwin@ibl,332.51,14,304b2370-8270-4238-9b5f-8f39848b34f0,Lucknow,397.4,0,0,469.45,none,0
T0049486,2026-01-23 00:07:02.486360,user_0738,irodriguez@oksbi,ssmith@okhdfcbank,450.59,19,6e417d47-5ff5-45ea-9bc4-40f14b1a269b,Bengaluru,703.83,0,0,45.52,none,0
T0038338,2026-01-24 23:26:19.115138,user_0741,johnsonchad@okhdfcbank,erica47@okhdfcbank,315.98,13,23e2fcb4-72d8-467d-894a-05e430b187ef,Pune,242.79,0,0,971.5,none,0
T0019879,2026-01-14 01:49:56.104082,user_0595,brewertimothy@okhdfcbank,john84@okhdfcbank,1046.66,19,331f63fb-d11f-48c0-a97c-a4fff75d599f,Chennai,839.42,0,0,446.03,none,0
T0001880,2026-01-01 14:15:38.847498,user_0695,mitchellchristopher@ibl,judithcox@ibl,367.09,9,9b792afa-2a3d-418d-a754-a29ff143e545,Kolkata,468.23,0,0,440.61,none,0
T0040618,2026-01-16 19:25:39.544604,user_0297,shawnpowell@ybl,michael74@paytm,393.73,17,ccf4ffb0-b4bb-473f-ac70-51d1d051267f,Mumbai,373.05,0,0,1221.4,none,0
T0038320,2026-01-18 13:44:45.325129,user_0773,daughertybarbara@paytm,jessica13@oksbi,292.53,17,9293f705-0815-4147-be00-980eae441e21,Chennai,229.54,0,0,253.96,none,0
T0031534,2026-01-18 15:03:00.149827,user_0373,smithlisa@okhdfcbank,kevinball@okhdfcbank,1194.37,18,893ad232-98c3-43ca-bff4-cec6e7b7b4c6,Ahmedabad,2199.82,0,0,204.31,none,0
T0033671,2026-01-22 07:26:54.234864,user_0084,ywhite@okhdfcbank,christopherbell@paytm,1388.51,19,63f2ae24-fc3d-4348-808d-4127610461e3,Jaipur,1231.18,0,0,92.83,none,0
T0036519,2026-01-17 04:25:47.409919,user_0618,andrew43@ybl,pamela16@ybl,120.67,12,033d2bce-575a-4d2c-a5c5-650c8186a576,Hyderabad,552.34,0,0,319.46,none,0
T0012356,2026-01-04 17:42:22.858907,user_0528,wattsthomas@okhdfcbank,jbenjamin@okhdfcbank,495.49,16,033d2bce-575a-4d2c-a5c5-650c8186a576,Jaipur,416.54,0,0,54.77,none,0
T0046767,2026-01-30 23:10:02.564652,user_0194,gwhitehead@ybl,rebecca31@ibl,150.05,13,adf4e62d-6651-429e-8268-690ba43825b5,Lucknow,1357.64,0,0,1708.37,none,0
T0012184,2026-01-09 12:57:57.726056,user_0533,stephanie33@paytm,matthew75@oksbi,179.06,11,4926ce5f-7878-4140-ac2a-4f71a77d95f1,Hyderabad,213.64,0,0,64.6,none,0
T0023244,2026-01-16 14:41:25.560441,user_0667,xbridges@paytm,robert48@oksbi,420.17,15,267eddce-df8f-4197-9a4a-99b2e806133c,Bengaluru,872.67,0,0,2269.0,none,0
T0034150,2026-01-21 08:00:48.873010,user_0340,rosshannah@ybl,sarah09@ibl,552.62,9,cdd0b4d4-5542-47de-b6ad-f48b2314d0c8,Mumbai,754.31,0,1,49.54,none,0
T0021595,2026-01-13 04:07:54.268823,user_0282,morrowthomas@ibl,kduran@okhdfcbank,245.71,16,c0398710-8976-4334-a281-7efdae849217,Bengaluru,218.91,0,0,45.7,none,0
T0055451,2026-02-01 05:05:38.590774,user_0367,amy28@paytm,xgriffin@oksbi,132.14,23,74797b61-2737-4b52-ba6a-210722319050,Mumbai,175.24,0,0,682.0,none,0
T0058360,2026-02-11 11:24:28.318538,user_0598,annette58@ybl,nathanmassey@paytm,715.56,13,b0e6a969-e213-42b0-b1ee-dba313432e61,Lucknow,696.98,0,0,269.2,none,0
T0033688,2026-01-17 03:40:32.765632,user_0158,susanmeyer@okhdfcbank,asmall@oksbi,1910.8,9,cd6bb03b-eb35-47a0-ad6e-0291b7893986,Kolkata,1964.86,0,0,189.37,none,0
T0030183,2026-01-20 17:29:07.174880,user_0120,tranryan@ybl,davisbeth@ibl,350.63,12,db23aa8c-3bca-4f85-a20a-60ac9261549d,Chennai,356.48,0,0,411.92,none,0
T0031007,2026-01-22 10:12:53.141928,user_0747,fernandezaaron@okhdfcbank,qjackson@paytm,76.49,12,ae455cc6-b88e-430f-9e1e-994ac5a11f5c,Chennai,128.4,0,0,1198.12,none,0
T0053448,2026-02-04 07:12:26.496379,user_0753,gregorywilliams@oksbi,nwade@ibl,328.48,13,4082cbb9-48bd-4b3e-a2f5-df2badaa44ca,Mumbai,447.43,0,0,395.18,none,0
T0054885,2026-01-25 21:26:02.426511,user_0026,nathan94@ybl,williamsmelissa@ybl,349.08,23,4bbe4aff-9326-4ffd-9be4-bf5192698698,Kolkata,658.71,0,0,106.72,none,0
T0037005,2026-01-24 06:03:53.492630,user_0104,pamela83@paytm,smithpatricia@ibl,796.88,9,90ce77e9-7513-43b9-87de-96ea2b0fbe44,Hyderabad,677.64,0,0,228.93,none,0
T0059396,2026-01-27 17:13:09.285395,user_0510,edwardprince@ibl,justinsanders@oksbi,1168.02,15,a65f7b8a-dbb4-4021-bdde-64afa75b395a,Lucknow,1014.43,0,0,474.15,none,0
T0057177,2026-01-26 23:46:28.919733,user_0625,amber02@ybl,erichoffman@ybl,866.8,19,965befdf-6b4b-4411-8a4a-0e2df22b5b98,Mumbai,697.63,0,1,92.14,none,0
T0050711,2026-01-31 04:29:42.581368,user_0583,lvasquez@ybl,jessica00@ybl,402.51,10,4b9dfd58-9e5d-4c7a-85ac-c35415f00cb4,Kolkata,433.68,0,0,2735.69,none,0
T0002477,2026-01-01 19:16:31.751716,user_0271,qpearson@paytm,clarkmaria@ibl,726.17,14,15969802-b6dd-4257-bb7d-9f1c57eb89b1,Hyderabad,660.33,0,1,46.79,none,0
T0040726,2026-01-27 01:48:11.010304,user_0296,michael43@ybl,robertbenson@paytm,614.94,10,f7eae66e-ca6c-4f9b-8969-71018b2c550a,Bengaluru,742.04,0,0,654.93,none,0
T0057657,2026-01-26 06:52:11.676240,user_0442,garciajerry@paytm,harrisjerry@oksbi,980.72,9,4aab47b2-3c9d-428a-a176-1930f6d70248,Hyderabad,1092.08,0,0,873.68,none,0
T0000214,2026-01-01 00:45:25.049666,user_0514,shane23@ibl,umichael@okhdfcbank,411.77,10,8cc36f3b-c3af-4cfe-b34a-6ca38116e3fc,Kolkata,795.34,0,0,45.42,none,0
T0051639,2026-01-23 23:30:54.435669,user_0447,laurapierce@oksbi,ynichols@paytm,1073.56,15,63d62a39-c0e3-4efd-8c71-e0fe5a0cdd7c,Ahmedabad,1084.29,0,0,662.53,none,0
T0030386,2026-01-17 03:08:40.660728,user_0196,james29@oksbi,xbeck@okhdfcbank,518.65,15,811414f8-d9df-4d0e-a25a-ed6cf0458043,Bengaluru,953.45,0,0,147.2,none,0
T0012603,2026-01-08 17:46:25.974599,user_0663,ryanlawrence@oksbi,kevin12@okhdfcbank,196.73,11,ce3714af-99b4-4350-af2b-99b4d9acd158,Ahmedabad,176.85,0,0,177.77,none,0
T0057602,2026-02-02 05:44:37.384081,user_0095,kchristian@oksbi,uwolf@okhdfcbank,277.15,8,d0725b5c-a281-4044-af96-288295d82980,Delhi,411.63,0,0,66.02,none,0
T0039748,2026-01-17 03:22:19.712626,user_0755,omosley@ibl,donnacarey@okhdfcbank,905.47,12,d9b59f84-edc3-41c3-adea-2d2d086c405f,Delhi,803.07,0,0,579.17,none,0
T0011943,2026-01-04 06:30:11.172493,user_0308,justinross@okhdfcbank,lflores@ybl,1198.01,9,fcc4091b-f457-47c6-b894-6a15c34201db,Chennai,1103.8,0,0,65.56,none,0
T0010377,2026-01-10 23:25:47.650311,user_0332,melissa47@ybl,jacob62@okhdfcbank,1624.53,11,1a2a73ed-562b-4f79-8374-59eef50bea63,Pune,1243.24,0,0,258.5,none,0
T0027120,2026-01-09 01:59:40.844644,user_0381,oclayton@paytm,marilyn26@okhdfcbank,802.23,15,9c1c3517-85d2-40a6-8629-5b5d707df251,Delhi,473.58,0,0,359.07,none,0
T0031014,2026-01-14 01:59:39.063725,user_0476,zbaker@paytm,whiteallison@ibl,739.18,17,3b9b2d45-a350-45e4-b9c5-9df987f255d6,Hyderabad,698.92,0,0,90.18,none,0
T0048468,2026-01-31 15:56:43.521515,user_0219,acox@okhdfcbank,costaregina@ybl,4435.57,2,ff869e24-5946-4491-a4cf-53234d69cf1b,Kolkata,393.73,1,1,108.39,takeover,1
T0051170,2026-01-28 05:27:03.770563,user_0416,norrismichael@okhdfcbank,joncampbell@ybl,271.57,12,7c16128d-b2c0-4394-a17f-29e170286046,Bengaluru,474.98,0,0,47.63,none,0
T0001453,2026-01-01 06:19:46.660210,user_0199,emily41@okhdfcbank,maureenmeyer@ibl,361.71,13,dbd30aec-0b46-4173-80a8-547382425912,Bengaluru,487.65,0,0,82.7,none,0
T0008704,2026-01-05 22:10:30.019699,user_0669,dennisjones@paytm,sandra65@okhdfcbank,668.95,15,f836f571-3cce-476c-b836-c448ad261ec5,Lucknow,581.98,0,0,1025.09,none,0
T0012652,2026-01-04 14:09:50.863864,user_0294,aprilmclaughlin@ybl,antoniogarrett@oksbi,429.16,11,a7dc2bc0-bd9c-4693-b6ca-1127e9f87970,Ahmedabad,433.96,0,0,6.44,none,0
T0039772,2026-01-20 23:05:06.146427,user_0223,jillwebb@ibl,jfreeman@oksbi,549.54,5,a14923c2-f920-464c-8763-fcd01f15c7b6,Ahmedabad,480.36,0,0,103.69,none,0
T0008678,2026-01-06 10:27:26.619498,user_0721,lawrencesmith@okhdfcbank,ewolf@ibl,338.41,17,34323ec6-b0c4-401c-a9b7-c0fa26c432f6,Jaipur,569.44,0,0,76.42,none,0
T0027458,2026-01-15 17:53:35.215756,user_0530,melissahenry@ybl,michael93@ibl,577.94,19,34981735-4d38-4415-a036-35fca88d4108,Jaipur,931.05,0,0,4739.84,none,0
T0051713,2026-01-21 08:32:28.212544,user_0360,johnsonrandy@oksbi,pagebreanna@ibl,335.88,17,30e912f2-f2b4-4abf-8441-aefd0299436a,Bengaluru,325.09,0,0,71.1,none,0
T0008066,2026-01-05 20:12:07.199618,user_0190,susan08@oksbi,chayes@ibl,1711.28,12,ae62990c-19bd-4f93-b8ef-7666b7a4c719,Chennai,1511.37,0,0,4.28,none,0
T0009044,2026-01-05 18:58:25.514864,user_0778,samuelfrost@okhdfcbank,kaitlyn35@ibl,364.15,8,5e09a9ee-af88-4dec-bb1e-143b196f4dfa,Bengaluru,495.12,0,0,131.04,none,0
T0001585,2026-01-02 04:31:40.439883,user_0399,joanjohnson@ybl,todd35@paytm,618.95,8,6601ddd0-3170-4437-a8f7-ef5a060edf5b,Mumbai,569.25,0,0,38.15,none,0
T0039150,2026-01-15 01:38:24.251389,user_0442,garciajerry@paytm,harringtonjonathan@oksbi,1183.89,14,4aab47b2-3c9d-428a-a176-1930f6d70248,Hyderabad,1092.08,0,0,19.79,none,0
T0017776,2026-01-10 06:22:06.974910,user_0118,bartonshannon@ibl,joseph55@ybl,681.72,16,86e52753-7c93-46cc-97d7-a560adb14670,Lucknow,833.45,0,1,145.32,none,0
T0029567,2026-01-13 16:21:22.125487,user_0749,mathew46@ybl,bwatson@okhdfcbank,1460.24,9,68bd075b-7eb6-481e-a72f-947d816462cb,Lucknow,1076.93,0,1,136.27,none,0
T0035150,2026-01-15 19:05:54.612029,user_0049,mhoward@paytm,christina59@paytm,875.18,15,604e46cb-3712-42d1-87cd-b6a1bf012e32,Mumbai,918.61,0,0,496.46,none,0
T0050301,2026-01-31 04:41:16.604251,user_0730,pauladominguez@ybl,rossmichael@oksbi,895.79,11,42c18a62-ef48-48d5-90fd-9d3f85d51695,Delhi,759.82,0,0,2613.38,none,0
T0019906,2026-01-11 13:22:03.586821,user_0721,lawrencesmith@okhdfcbank,cbates@ybl,475.31,10,34323ec6-b0c4-401c-a9b7-c0fa26c432f6,Jaipur,569.44,0,0,354.82,none,0
T0036338,2026-01-28 17:42:42.943395,user_0776,bryan42@ibl,brittanyfrederick@ybl,1990.41,11,2bd3cdcd-2779-4685-94a5-3fdef10d27c8,Delhi,1410.76,0,0,1688.85,none,0
T0004182,2026-01-04 00:55:17.246014,user_0384,elopez@okhdfcbank,leahpham@ibl,1857.44,17,3ae28023-5472-4d2d-b239-9ffb27046f25,Mumbai,1589.38,0,0,167.65,none,0
T0019587,2026-01-12 21:01:46.170673,user_0164,rebeccaaustin@ybl,lindseyray@paytm,440.4,18,257f7595-cdfb-4db9-85e7-8b23f4613f09,Ahmedabad,753.37,0,0,2288.43,none,0
T0041786,2026-01-25 13:22:38.355534,user_0211,wilkinsonmichele@ibl,james65@ybl,463.58,20,86cac6f4-e238-4e93-bd17-c5e8d5ca69ab,Hyderabad,374.23,0,0,1984.55,none,0
T0032539,2026-01-14 05:20:31.252851,user_0301,heather69@oksbi,todd54@oksbi,1179.73,16,b02b61c4-a3d7-4628-ace6-6fa2fd5166e6,Hyderabad,1187.78,0,0,1114.52,none,0
T0035369,2026-01-22 07:40:59.679252,user_0345,barbarasantos@ybl,wbates@ybl,297.32,14,4f9a5f98-4d95-4273-8b2c-c805d1403430,Chennai,328.21,0,0,748.33,none,0
T0029732,2026-01-19 10:03:23.752207,user_0604,jennifer46@oksbi,ohenry@okhdfcbank,859.14,11,8a624cbd-e582-4678-ad52-29dd639fc471,Kolkata,860.54,0,0,278.51,none,0
T0009742,2026-01-07 14:45:42.596853,user_0513,mwaller@ybl,qedwards@ybl,446.49,12,1c0f0bdc-ac7e-437c-94cc-1e2a5e4cb287,Ahmedabad,634.04,0,0,848.94,none,0
T0019789,2026-01-05 15:09:35.852066,user_0739,probinson@ibl,kwhite@oksbi,1345.05,13,25637cc3-ca97-4bf5-95d5-96afa663d2cd,Pune,1234.4,0,0,227.41,none,0
T0029075,2026-01-15 05:07:05.657870,user_0618,andrew43@ybl,amandawaller@okhdfcbank,540.85,17,a43e558c-2215-4f00-9fdf-0e05c0cef31b,Bengaluru,552.34,0,1,48.83,none,0
T0011458,2026-01-03 22:27:03.144626,user_0134,natalie60@ybl,wjohnson@okhdfcbank,109.92,14,5cb85aed-f5f6-4c97-aefb-63b11b049863,Bengaluru,142.59,0,1,1310.99,none,0
T0052259,2026-01-24 03:22:30.972793,user_0778,samuelfrost@okhdfcbank,randallricky@ibl,762.18,9,5e09a9ee-af88-4dec-bb1e-143b196f4dfa,Bengaluru,495.12,0,0,277.47,none,0
T0036005,2026-01-25 21:31:51.104597,user_0546,vaughnrebecca@paytm,michaelthompson@oksbi,1466.72,12,94a1875d-2db6-4edb-82de-ffccf86c2ca2,Kolkata,981.44,0,0,51.15,none,0
T0034399,2026-01-18 11:01:18.751829,user_0097,tara08@ybl,pdrake@okhdfcbank,1337.6,20,01d74256-3860-4ab6-96a4-02f23ae8cc93,Mumbai,992.51,0,0,283.64,none,0
T0020044,2026-01-15 11:06:20.524897,user_0533,stephanie33@paytm,wellseric@paytm,189.12,16,4926ce5f-7878-4140-ac2a-4f71a77d95f1,Hyderabad,213.64,0,0,809.0,none,0
T0024912,2026-01-12 00:16:58.559546,user_0794,kjimenez@paytm,robert45@ybl,361.12,12,34885a46-9088-4eaf-8977-6598203c8c25,Bengaluru,397.25,0,0,294.91,none,0
T0037782,2026-01-16 18:56:20.995561,user_0408,novakbianca@ybl,psanders@ybl,451.59,19,771ad655-cdfc-4ee0-a61e-de900267deb3,Hyderabad,473.01,0,0,516.96,none,0
T0037548,2026-01-23 17:01:15.574071,user_0338,oporter@okhdfcbank,tyronesanchez@paytm,725.33,0,6b790d01-3cf8-4d20-bbad-793f87a1ec02,Delhi,506.48,0,0,596.35,none,0
T0044491,2026-01-18 23:28:41.621544,user_0368,brittanybryant@oksbi,phaynes@okhdfcbank,312.32,11,2747b93c-9ae7-4eab-884a-67809136f1f8,Hyderabad,247.77,0,0,130.41,none,0
T0059732,2026-01-28 21:11:49.132899,user_0250,mariaburke@okhdfcbank,evanstyler@paytm,117.4,4,6a5e6920-bf5a-47e6-93a3-dd5a4b8c5bdc,Bengaluru,158.45,0,0,417.75,none,0
T0023047,2026-01-12 17:12:42.036984,user_0402,sharon20@ibl,oliverandre@ybl,5210.19,1,f217589a-cd2e-47ba-bc46-1d4a02dd925c,Mumbai,481.53,1,1,910.78,takeover,1
T0055827,2026-02-10 03:31:54.523000,user_0459,devonrichardson@oksbi,myerslatoya@paytm,704.71,18,473bd358-610e-4a64-a130-1617c2dff335,Lucknow,569.42,0,0,3040.81,none,0
T0033452,2026-01-14 08:36:37.949846,user_0408,novakbianca@ybl,woodnicole@ibl,512.52,11,771ad655-cdfc-4ee0-a61e-de900267deb3,Hyderabad,473.01,0,0,763.74,none,0
T0004570,2026-01-02 19:23:30.781956,user_0177,millerbrian@ibl,johnsonsandra@ibl,573.05,10,497ec6d1-081f-46dc-b8d9-a88aef0bea4f,Chennai,467.21,0,0,723.4,none,0
T0001026,2026-01-01 13:20:09.604035,user_0447,laurapierce@oksbi,melissa13@okhdfcbank,572.47,7,63d62a39-c0e3-4efd-8c71-e0fe5a0cdd7c,Ahmedabad,1084.29,0,0,800.16,none,0
T0027200,2026-01-13 08:10:48.395088,user_0590,parkerwilliam@paytm,fthompson@okhdfcbank,817.84,5,67c0518b-17ef-4621-881c-79d4c27437eb,Pune,780.59,0,0,948.25,none,0
T0029005,2026-01-19 23:56:37.372329,user_0650,zthompson@paytm,nmurphy@oksbi,469.4,18,d65e59dd-e62d-4d06-8f9b-85581a7f195b,Mumbai,574.51,0,0,343.12,none,0
T0048817,2026-01-19 03:36:41.549523,user_0058,thomas23@ibl,alejandro42@ybl,1014.95,10,2a25a888-0f02-4ad0-a706-7ef466aa9385,Jaipur,881.57,0,0,59.15,none,0
T0052778,2026-01-26 22:39:04.972973,user_0508,garrettnatasha@ibl,tanyahernandez@ybl,1627.98,20,4140752c-aa44-4259-9001-8b7b6d4067f4,Lucknow,1468.73,0,0,228.94,none,0
T0009145,2026-01-07 02:33:49.811637,user_0562,fjimenez@oksbi,jacob76@ibl,604.51,13,9191b363-4e2d-4645-adc7-cac7fd72b050,Bengaluru,692.33,0,0,105.59,none,0
T0036966,2026-01-18 06:33:08.607541,user_0254,nicholasanderson@paytm,chenashley@oksbi,323.08,14,2c33350c-73b9-41d8-92f5-131ada52d2ee,Chennai,227.78,0,0,872.99,none,0
T0057070,2026-01-26 12:41:22.774320,user_0237,jason22@ibl,jameswilkins@okhdfcbank,511.43,11,8412a335-d88c-456d-b61e-5fdb1a435206,Ahmedabad,510.22,0,0,31.07,none,0
T0055340,2026-01-24 03:37:28.413948,user_0535,fcamacho@okhdfcbank,lukelutz@ibl,955.44,19,c4615234-8044-4eb2-b66e-dbf4a0ea0251,Pune,1153.44,0,0,102.03,none,0
T0008159,2026-01-05 11:16:43.180028,user_0576,thomas14@paytm,mendezjaime@okhdfcbank,363.55,10,f387e1bd-2d59-42c6-934a-5a2fa7cf705c,Hyderabad,435.29,0,0,89.95,none,0
T0050754,2026-01-24 16:30:32.714489,user_0685,sanchezcrystal@paytm,morrisonfelicia@okhdfcbank,264.41,23,31a3ac4d-828c-47e7-87d5-b7be1d30d990,Ahmedabad,258.55,0,0,281.25,none,0
T0006213,2026-01-02 20:40:01.753464,user_0794,kjimenez@paytm,jessica86@oksbi,547.3,9,34885a46-9088-4eaf-8977-6598203c8c25,Bengaluru,397.25,0,0,504.5,none,0
T0013534,2026-01-09 10:01:28.013167,user_0110,aaronkelly@oksbi,barry66@paytm,220.25,16,0426fcc9-255b-40e2-bdc2-b74b38a56b49,Mumbai,302.48,0,0,362.05,none,0
T0043656,2026-01-23 12:34:51.425597,user_0363,jerome47@ibl,xbates@paytm,2150.39,2,f18cccdc-131e-4723-bbcd-f203459ee674,Ahmedabad,1456.37,0,0,265.95,none,0
T0006690,2026-01-05 17:38:11.470880,user_0724,jeffrey44@ibl,othomas@okhdfcbank,539.76,11,b4323070-a23d-4c2f-82a7-96891933918c,Mumbai,387.58,0,0,530.51,none,0
T0038153,2026-01-18 15:30:37.653609,user_0540,richjohn@oksbi,austinharris@ibl,501.84,13,6a36af18-06d3-4b93-ae33-688d597e6845,Lucknow,419.4,0,0,1233.1,none,0
T0021148,2026-01-11 14:52:09.217595,user_0055,wheelerbrandon@ybl,jeffrey44@paytm,1539.18,11,7b85179a-d5b0-47e0-aa5d-932b45ff2c83,Mumbai,1352.41,0,0,472.12,none,0
T0013543,2026-01-12 06:58:24.363002,user_0213,lunapatricia@oksbi,holmesphillip@ybl,924.96,18,66d71d97-b193-48b8-ae49-c0799bd0d4c7,Lucknow,946.37,0,0,1108.94,none,0
T0039231,2026-01-22 20:34:45.077893,user_0275,jwhite@oksbi,wonglaurie@oksbi,245.49,12,9191b363-4e2d-4645-adc7-cac7fd72b050,Pune,200.41,0,0,163.52,none,0
T0038522,2026-01-22 06:41:20.788027,user_0170,lukemiller@ybl,acostakristin@oksbi,510.97,13,d18183d1-ac2b-4cfc-85c5-1060991121e7,Pune,872.55,0,0,185.38,none,0
T0015344,2026-01-10 01:29:24.953208,user_0291,john02@oksbi,diaztimothy@paytm,1560.77,23,bd1a8f4b-88ff-4d40-bb72-c86d92fa675f,Bengaluru,1318.43,0,1,1130.67,none,0
T0051122,2026-01-23 18:19:20.669325,user_0240,olsontimothy@paytm,cassie27@ybl,941.43,13,43d75413-a939-4bd1-a516-b0d47d3572cc,Hyderabad,1019.17,0,0,253.41,none,0
T0022867,2026-01-11 18:18:12.808171,user_0103,petersenlatoya@oksbi,mdorsey@okhdfcbank,509.19,7,0123a348-638a-4df6-adf7-2cd3979aa051,Chennai,398.27,0,0,41.27,none,0
T0008956,2026-01-07 18:20:11.641693,user_0767,jacksonbrendan@okhdfcbank,hamptonsabrina@ybl,705.24,12,e6b9d31a-361f-4d90-bad1-fa330ae4ac11,Lucknow,708.79,0,0,63.68,none,0
T0017671,2026-01-11 15:22:18.678001,user_0601,morgannicholas@paytm,grayerin@ybl,2099.48,16,436e3c49-770e-49db-b092-d40143675d58,Bengaluru,1806.78,0,0,207.08,none,0
T0012891,2026-01-10 12:07:42.253589,user_0404,michaelwilliams@oksbi,barnettmorgan@paytm,208.96,7,a013ac6e-deda-4e16-9b3d-bd5ce9a1fa6f,Pune,192.62,0,0,156.44,none,0
T0015122,2026-01-13 23:51:54.568811,user_0108,xmoran@paytm,brian94@ybl,1004.27,12,9d66e815-5a41-43b3-a95f-176cdebac186,Hyderabad,1094.77,0,0,1286.9,none,0
T0020047,2026-01-12 10:44:54.767006,user_0385,derrickrodriguez@ybl,jasonorozco@paytm,120.45,13,5230dfbd-5553-42fe-a889-803e5913f9d3,Pune,116.88,0,0,252.97,none,0
T0013950,2026-01-09 00:04:55.500006,user_0644,terrireyes@oksbi,berrytimothy@paytm,1069.96,11,8e4c3ab5-6d5d-4477-adc2-9178a0411612,Chennai,684.09,0,0,1524.72,none,0
T0037841,2026-01-13 06:15:29.262814,user_0415,linda73@oksbi,jesse33@oksbi,240.74,10,f8ded777-bb1e-4ae8-97d8-21b8bb93cd40,Chennai,626.1,0,0,451.12,none,0
T0059187,2026-01-29 17:24:37.171122,user_0078,ian66@oksbi,yolandarivera@ybl,249.26,12,98dc9e0b-51a1-45df-86ac-10102e0869c1,Delhi,193.73,0,0,1675.38,none,0
T0007448,2026-01-05 11:35:56.715189,user_0797,vwilliams@okhdfcbank,sduffy@ybl,780.51,18,74bd0c93-8177-4661-b7fe-032c02571851,Delhi,980.88,0,1,6.59,none,0
T0029686,2026-01-21 20:33:04.489967,user_0443,hlopez@okhdfcbank,robertsims@oksbi,229.39,10,a6fd0cb1-16e6-45c0-84cb-294fe86e8e63,Pune,190.13,0,0,14.44,none,0
T0050406,2026-02-02 22:41:49.373419,user_0313,moniqueclark@ibl,williamschristopher@paytm,415.38,15,67ce378f-e5a4-483b-a383-889adb2c6ac8,Jaipur,460.93,0,0,12.31,none,0
T0058419,2026-02-01 07:37:52.005480,user_0733,kimberlyramirez@okhdfcbank,bwilliams@paytm,856.51,18,ff4c96d6-71f2-4e8f-b69f-68c3e60fd420,Chennai,896.97,0,0,1112.06,none,0
T0019658,2026-01-07 12:55:28.235603,user_0256,mserrano@ybl,shawdaniel@okhdfcbank,549.96,4,32a447b2-ef04-457d-8dcc-c33aa9434aa0,Lucknow,688.39,0,0,44.14,none,0
T0006861,2026-01-06 01:13:33.176093,user_0143,heather06@paytm,robertsbrian@paytm,434.38,4,c342bd2b-f295-456e-9967-5f06bd767e35,Pune,385.44,0,0,65.89,none,0
T0028357,2026-01-13 18:39:28.388970,user_0492,jodylewis@paytm,joseph86@ybl,2587.98,21,ccf3a171-56dc-4907-ba6c-34ab6712303a,Kolkata,2140.54,0,1,672.06,none,0
T0029418,2026-01-16 14:18:16.568599,user_0200,jessicafreeman@ibl,mhernandez@ibl,757.17,15,670acc5c-b321-4f21-8dd8-eb85b04d3376,Hyderabad,501.81,0,1,76.63,none,0
T0015190,2026-01-11 21:28:55.289690,user_0754,tguerrero@ybl,huberangela@paytm,573.21,14,68d0a2a8-c4e7-47dd-a929-de738693fd9d,Chennai,572.35,0,0,956.18,none,0
T0024428,2026-01-15 03:09:58.681715,user_0069,stacychan@ybl,fjohnson@ybl,3915.1,15,8ed8a80d-84cf-4e39-bf31-c29f82bbad84,Delhi,2969.2,0,1,1140.69,none,0
T0030184,2026-01-20 04:09:44.086447,user_0747,fernandezaaron@okhdfcbank,durankevin@ybl,172.4,8,ae455cc6-b88e-430f-9e1e-994ac5a11f5c,Chennai,128.4,0,0,438.72,none,0
T0000391,2026-01-01 07:02:41.260408,user_0613,jamiejohnson@paytm,wlloyd@ibl,926.03,9,92a54d04-f2dd-41f5-b3b6-d344f2e3c6f0,Chennai,994.6,0,0,422.69,none,0
T0046158,2026-01-26 03:53:17.064706,user_0345,barbarasantos@ybl,smiller@paytm,252.6,14,4f9a5f98-4d95-4273-8b2c-c805d1403430,Chennai,328.21,0,0,783.17,none,0
T0013130,2026-01-09 17:52:02.411398,user_0101,fstewart@ibl,michael42@oksbi,990.14,9,5c70ee97-fca4-4567-8316-d2d6fa4a58ef,Chennai,953.35,0,0,944.63,none,0
T0047589,2026-01-25 18:06:38.869235,user_0210,tony12@ibl,charlesmoss@ybl,739.28,20,bc2cbb0d-dd33-4cc7-ab7f-089acd5f4822,Chennai,897.59,0,0,125.77,none,0
T0058835,2026-02-12 18:01:50.342153,user_0243,ashleymartin@paytm,kristy12@ybl,1750.42,10,3c20592f-c04a-46c4-b3b6-3fe1d1843324,Lucknow,1881.32,0,0,207.69,none,0
T0008749,2026-01-04 09:58:52.075028,user_0056,valdezandrew@ybl,ywheeler@oksbi,5.98,16,8ffe2a70-ff5e-4fcb-90c9-80c4e2cec61b,Jaipur,415.87,1,0,1572.97,probing,1
T0012712,2026-01-10 21:20:18.397033,user_0752,christopher74@okhdfcbank,kennethgriffin@oksbi,906.1,17,20156a72-12e1-43a6-932c-ae01d2c65ee4,Mumbai,557.31,0,1,140.43,none,0
T0001977,2026-01-04 03:01:52.671743,user_0490,cooperlinda@paytm,martinjason@ybl,1055.36,5,8f15ba58-fce6-4504-87f8-424daae65fc1,Chennai,1099.83,0,0,865.38,none,0
T0050744,2026-01-21 12:40:32.823437,user_0659,sabbott@ybl,jessicaclark@okhdfcbank,195.73,14,8e485223-46b9-4991-a14e-b70db380c73a,Chennai,1385.91,0,0,143.56,none,0
T0036660,2026-01-19 16:26:09.846238,user_0675,carnold@paytm,bennettthomas@paytm,664.8,15,8d7248e2-951f-48d0-9e84-f058d5a804eb,Delhi,607.26,0,0,104.67,none,0
T0042303,2026-01-20 03:31:37.826826,user_0526,catherine93@paytm,cestrada@paytm,608.74,7,55c34853-0783-443c-a65f-ad87c57c7498,Pune,822.0,0,0,448.83,none,0
T0009298,2026-01-02 22:35:07.469045,user_0696,yorkjoshua@paytm,jessica81@oksbi,181.51,14,f3abea0d-5be9-4db3-9d92-dd7c0db977a9,Bengaluru,229.99,0,0,0.62,none,0
T0057873,2026-01-26 07:46:09.983970,user_0139,james80@oksbi,sarah12@oksbi,1230.77,9,1a2a73ed-562b-4f79-8374-59eef50bea63,Kolkata,740.48,0,0,193.7,none,0
T0009721,2026-01-04 14:16:40.387891,user_0452,nicholaspierce@ybl,holtthomas@oksbi,161.13,9,e1cde87f-ec95-4f87-ae5e-c36572eb7474,Mumbai,299.74,0,0,394.34,none,0
T0027325,2026-01-18 19:38:27.592979,user_0600,carl24@ybl,danielchavez@okhdfcbank,92.88,16,5304317f-af42-412f-b838-b3268e944239,Pune,189.0,0,0,41.92,none,0
T0048653,2026-01-22 10:37:53.503932,user_0265,eanderson@oksbi,kruegerheather@ybl,1031.97,10,73d39457-b25f-43df-b8d4-9848702ba49f,Lucknow,662.91,0,0,45.92,none,0
T0002534,2026-01-01 04:45:04.740123,user_0772,lisa65@ibl,peter93@oksbi,257.09,20,51beb80e-b7e6-414c-9c8a-49225005680f,Hyderabad,356.19,0,0,53.33,none,0
T0025121,2026-01-12 07:57:34.666176,user_0639,cassandra28@paytm,vwiggins@ybl,621.24,17,2a9528c3-5ae1-4bad-aa29-60fda85894df,Lucknow,687.35,0,0,363.42,none,0
T0049898,2026-01-27 02:15:00.291887,user_0688,harrisonwilliam@okhdfcbank,julia43@ibl,1649.53,17,f6d22a7b-aec7-4a82-948b-4376602a4e57,Bengaluru,1590.87,0,0,975.08,none,0
T0047875,2026-01-27 00:06:35.391482,user_0487,jamesbrooks@ybl,ryanpaula@ibl,1371.51,10,92a81713-b90e-444b-951c-25d54d4c5280,Mumbai,1752.15,0,0,1469.39,none,0
T0057306,2026-01-30 18:44:47.830130,user_0218,stevendixon@paytm,richardsmatthew@okhdfcbank,1640.69,12,5f89ed12-64d6-4fbf-98c0-1e2bf99f0704,Delhi,2561.28,0,0,360.63,none,0
T0007759,2026-01-06 11:36:36.706986,user_0387,blopez@okhdfcbank,koliver@okhdfcbank,474.28,9,31a3ac4d-828c-47e7-87d5-b7be1d30d990,Delhi,390.27,0,0,1429.09,none,0
T0027319,2026-01-14 09:40:56.922498,user_0517,russellstout@paytm,johnrodriguez@paytm,925.91,11,77fc9703-1fd5-4423-b06c-5c5649e2623d,Ahmedabad,820.3,0,0,500.19,none,0
T0005039,2026-01-03 16:44:39.511100,user_0521,jessicacannon@paytm,nfletcher@ibl,485.02,0,38e7e019-fb89-46c8-87ec-fe71d49347fc,Chennai,853.92,0,0,195.4,none,0
T0017680,2026-01-09 12:20:11.208824,user_0336,dustinhaley@ibl,randallpotts@okhdfcbank,1034.64,17,ec4e8cbb-a2aa-478c-a59e-0258814ff657,Chennai,1099.73,0,0,164.12,none,0
T0033805,2026-01-18 00:48:13.051838,user_0441,blackburnsusan@ibl,veronicafreeman@okhdfcbank,303.03,19,20156a72-12e1-43a6-932c-ae01d2c65ee4,Pune,466.35,0,0,98.33,none,0
T0021623,2026-01-14 02:57:13.202925,user_0391,christophersmith@oksbi,williamsmary@ybl,460.98,8,dd2467ac-778e-4db3-a93d-ffbc6c6fa611,Delhi,287.08,0,0,477.63,none,0
T0043862,2026-01-18 22:46:00.796946,user_0027,eyork@okhdfcbank,eholmes@okhdfcbank,522.64,19,aee14f87-fcff-49e3-940f-f5896c624c2c,Jaipur,572.95,0,0,133.56,none,0
T0016494,2026-01-06 09:30:45.599615,user_0306,laurengutierrez@ibl,obrown@ibl,189.36,20,b7f60cdf-41dc-4c60-a5f6-0735757b6b29,Lucknow,179.92,0,0,275.46,none,0
T0045165,2026-01-18 04:09:34.925042,user_0231,nicholasgray@paytm,aharrison@paytm,493.38,14,23c8afdb-83f8-4f16-a4a4-474c9b33e3a4,Jaipur,502.55,0,0,137.43,none,0
T0005278,2026-01-04 14:49:13.975576,user_0208,erinrivera@okhdfcbank,thomascarey@okhdfcbank,1110.6,7,e7ba26ac-ab7a-4d1c-8cfe-f6833e11bafe,Lucknow,707.15,0,0,684.83,none,0
T0017470,2026-01-14 03:33:33.414155,user_0213,lunapatricia@oksbi,sherri84@ibl,389.91,13,66d71d97-b193-48b8-ae49-c0799bd0d4c7,Lucknow,946.37,0,0,345.44,none,0
T0029613,2026-01-17 19:08:16.385683,user_0214,hessbeth@ybl,taylordavid@paytm,920.92,9,439e754c-6930-46ea-a0bd-a1ee5807cf74,Lucknow,839.21,0,0,799.98,none,0
T0014042,2026-01-07 15:23:08.216667,user_0329,thomas95@ibl,cbishop@oksbi,255.37,16,ad05b912-5ab2-4d4a-8bd8-8fcd57a2be4e,Lucknow,319.84,0,0,424.26,none,0
T0033882,2026-01-18 14:30:57.957952,user_0183,howardwesley@ibl,valdezkrystal@ibl,1721.91,21,2e9ce8ff-084a-4c4b-9146-8cdcf7164b73,Ahmedabad,1231.18,0,0,118.45,none,0
T0008335,2026-01-05 07:08:28.350458,user_0512,robertberry@okhdfcbank,hdavis@ybl,543.54,9,eec259dc-7f95-497c-a76a-a6ced50755d9,Hyderabad,1110.9,0,1,278.7,none,0
T0010582,2026-01-05 06:25:22.632723,user_0443,hlopez@okhdfcbank,vduarte@ibl,149.43,14,a6fd0cb1-16e6-45c0-84cb-294fe86e8e63,Pune,190.13,0,0,681.76,none,0
T0058664,2026-01-28 08:53:29.316512,user_0193,jason53@ybl,amandaphillips@oksbi,360.91,17,b8a6171f-1ee3-4dc4-bb04-8a8b405bfdc9,Mumbai,352.38,0,0,1059.46,none,0
T0023280,2026-01-12 22:23:40.444225,user_0696,yorkjoshua@paytm,jenniferparker@ybl,202.02,10,f3abea0d-5be9-4db3-9d92-dd7c0db977a9,Bengaluru,229.99,0,0,494.88,none,0
T0003053,2026-01-04 10:55:44.327653,user_0476,zbaker@paytm,jarvisrachel@oksbi,546.19,17,3b9b2d45-a350-45e4-b9c5-9df987f255d6,Hyderabad,698.92,0,0,761.19,none,0
T0044930,2026-01-25 09:48:08.883851,user_0588,ann30@ibl,boydbreanna@paytm,770.27,1,47c1c017-6045-4909-936d-47d73e0f84ce,Chennai,968.32,0,0,542.31,none,0
T0018409,2026-01-09 22:59:22.684898,user_0501,mckeetodd@ibl,tarafigueroa@oksbi,423.52,10,4aea1b8f-b43c-4e0a-ba9f-c10e52daf681,Ahmedabad,483.5,0,0,267.92,none,0
T0001526,2026-01-01 19:47:53.423964,user_0375,wattstravis@ibl,veronicaanderson@ybl,822.22,19,3e42df5b-90a3-4bbf-b580-e05067f1698c,Ahmedabad,587.23,0,0,418.22,none,0
T0052574,2026-01-18 07:12:51.818008,user_0698,alexis19@ybl,perrymoore@ibl,1909.73,11,f80b2cea-658e-44a2-9879-cf35f4719986,Mumbai,1971.87,0,0,776.01,none,0
T0003000,2026-01-03 15:48:43.634001,user_0244,macdonalddylan@ybl,matthew11@oksbi,726.8,8,4b657bcc-b041-4f19-bbe7-18354e8bf78a,Mumbai,778.2,0,0,3828.73,none,0
T0032293,2026-01-16 18:09:20.091091,user_0337,thomassmith@ybl,michelle90@ibl,2006.89,16,c88a618e-fed4-457d-bb02-6576f512c4c3,Lucknow,2711.07,0,0,383.27,none,0
T0040008,2026-01-22 14:14:37.857890,user_0439,colonjoseph@paytm,snyderheather@paytm,1698.15,17,22b5f457-1860-4d28-90af-b235ade68f51,Hyderabad,2112.92,0,0,641.74,none,0
T0049676,2026-01-19 06:42:46.933087,user_0732,kayla54@ibl,mary24@okhdfcbank,986.37,18,97777f10-f2d2-493f-8e85-140d0f9aeb70,Bengaluru,864.5,0,0,168.56,none,0
T0045961,2026-01-27 18:42:24.317782,user_0053,daviddawson@okhdfcbank,gomezdonna@ibl,570.2,11,dabf984e-53ff-4461-aa1f-1b61265cb9d9,Pune,901.25,0,0,802.98,none,0
T0019562,2026-01-11 15:06:51.228328,user_0418,ihansen@paytm,danaevans@ibl,801.55,18,9780c215-2b2b-48e9-a417-c09380a8a23d,Jaipur,823.0,0,0,537.36,none,0
T0010264,2026-01-04 23:42:57.573016,user_0571,cheryl99@ybl,srodgers@okhdfcbank,394.05,11,0d18ab95-668c-4477-8b95-017c5dae1201,Hyderabad,463.07,0,0,256.54,none,0
T0025806,2026-01-14 08:56:49.121078,user_0618,andrew43@ybl,cynthia55@ybl,416.39,3,a43e558c-2215-4f00-9fdf-0e05c0cef31b,Hyderabad,552.34,0,0,40.74,none,0
T0003193,2026-01-03 11:38:00.758592,user_0562,fjimenez@oksbi,heidischneider@ibl,1006.63,17,9191b363-4e2d-4645-adc7-cac7fd72b050,Bengaluru,692.33,0,0,1733.01,none,0
T0058076,2026-02-01 19:42:51.949188,user_0763,joycehall@ibl,angela38@oksbi,676.28,13,694d7b00-8d38-4327-883f-13c601b158e9,Chennai,461.07,0,0,343.69,none,0
T0048529,2026-01-26 21:29:21.734931,user_0502,lopezvincent@oksbi,bethanyrichards@ibl,961.45,13,b1d81887-4739-4c7b-bff3-0c8d83ff3e96,Delhi,839.04,0,0,329.86,none,0
T0042307,2026-01-21 22:11:01.119884,user_0530,melissahenry@ybl,areyes@ibl,845.03,18,34981735-4d38-4415-a036-35fca88d4108,Jaipur,931.05,0,0,371.51,none,0
T0002652,2026-01-03 06:30:34.466087,user_0194,gwhitehead@ybl,gomezjames@paytm,1407.11,11,adf4e62d-6651-429e-8268-690ba43825b5,Lucknow,1357.64,0,0,1086.91,none,0
T0057195,2026-01-30 04:33:53.695883,user_0183,howardwesley@ibl,ghull@paytm,759.11,23,2e9ce8ff-084a-4c4b-9146-8cdcf7164b73,Ahmedabad,1231.18,0,1,124.89,none,0
T0054746,2026-02-02 18:00:27.397227,user_0473,walkerkeith@ibl,willie37@ibl,319.12,15,9adf4709-ac75-4344-a08e-149e44b9e602,Kolkata,581.48,0,0,1136.84,none,0
T0010341,2026-01-07 05:39:34.546389,user_0188,julierobles@ybl,rmiller@okhdfcbank,442.85,16,9d3616a1-08de-4921-a60c-b547e2280fe3,Jaipur,377.12,0,0,315.96,none,0
T0001180,2026-01-01 08:28:24.645722,user_0385,derrickrodriguez@ybl,mcculloughrobert@ibl,161.95,10,5230dfbd-5553-42fe-a889-803e5913f9d3,Pune,116.88,0,0,221.7,none,0
T0056317,2026-01-29 02:50:07.389522,user_0410,kelli32@okhdfcbank,katherineclark@okhdfcbank,648.99,16,fb10987f-20ac-4703-ab67-146a77a6e17c,Pune,777.41,0,1,526.25,none,0
T0019885,2026-01-11 04:57:26.553032,user_0154,billmcfarland@oksbi,wendysalazar@oksbi,632.75,12,5c9deee0-b42a-4456-8736-5a84725e134d,Mumbai,413.93,0,0,1521.75,none,0
T0046716,2026-01-29 06:53:02.522815,user_0335,angelachase@oksbi,fcarrillo@oksbi,1242.67,15,1a432f0a-7daa-49f0-80b6-fce2de53790a,Ahmedabad,1498.89,0,0,58.08,none,0
T0042159,2026-01-24 12:33:06.465318,user_0468,walterscrystal@ybl,fuentesmary@paytm,417.86,9,3d44cb2c-ea45-4a41-a589-ada1345af934,Lucknow,483.63,0,0,2265.46,none,0
T0044254,2026-01-19 18:52:46.130749,user_0567,brandonhernandez@oksbi,wchurch@ybl,345.57,21,ceae71cf-ce00-4af0-beb0-51817ba24588,Chennai,597.0,0,0,293.91,none,0
T0051718,2026-01-30 21:17:47.629408,user_0585,wilsonsteven@ibl,caitlynlewis@ibl,707.2,15,84182d35-3e71-4433-bd90-b81afbe0e6b8,Bengaluru,1024.75,0,0,94.43,none,0
T0037312,2026-01-24 12:16:04.978286,user_0095,kchristian@oksbi,nmcdonald@ybl,290.64,10,d0725b5c-a281-4044-af96-288295d82980,Delhi,411.63,0,0,199.04,none,0
T0056557,2026-02-04 02:08:23.150302,user_0706,kbarber@ybl,jonesrebecca@okhdfcbank,172.04,12,9ca3fbb3-ff11-48ba-b6ee-1640723ef466,Mumbai,192.76,0,0,73.53,none,0
T0058696,2026-02-09 03:28:04.340949,user_0786,carlsonjennifer@ibl,marshalllogan@ybl,785.45,13,8d244e3e-c4da-4ddb-a0b1-5abaa6a27967,Jaipur,816.66,0,0,691.09,none,0
T0052299,2026-02-04 03:51:34.615922,user_0480,johnadams@ybl,haley14@paytm,1141.32,19,822c4d32-6c64-4c15-aba3-01cba561e1e9,Jaipur,934.28,0,0,609.35,none,0
T0031275,2026-01-16 08:15:20.670680,user_0211,wilkinsonmichele@ibl,deleondavid@ibl,513.5,8,86cac6f4-e238-4e93-bd17-c5e8d5ca69ab,Hyderabad,374.23,0,0,904.3,none,0
T0038375,2026-01-24 22:45:02.208610,user_0003,carolynsmith@ybl,hallbrandon@ibl,665.73,16,5380b904-688c-4015-aab9-7e494f2d4796,Hyderabad,602.92,0,0,560.07,none,0
T0001315,2026-01-01 13:24:00.141054,user_0168,willie87@paytm,jennifer89@oksbi,1329.06,14,af8f8cf0-451a-4ec7-9cdd-e8ca7bfeadd1,Chennai,641.32,1,0,0.52,mule_burst,1
T0046945,2026-01-23 11:07:42.511495,user_0581,sara99@okhdfcbank,stefanie81@okhdfcbank,1628.09,8,b5cbe3f5-6a66-4184-bde1-bf5daf4847f0,Mumbai,2074.96,0,0,316.98,none,0
T0012541,2026-01-09 12:48:22.446230,user_0146,james73@oksbi,jmiller@paytm,1118.85,19,dd59ba71-36b8-4481-bb3a-4e3e7c52fa17,Delhi,1271.12,0,0,387.53,none,0
T0011464,2026-01-05 05:18:45.200915,user_0119,tamarasmith@ybl,john55@paytm,183.04,15,5380b904-688c-4015-aab9-7e494f2d4796,Lucknow,258.1,0,0,1274.23,none,0
T0033762,2026-01-19 15:24:12.369410,user_0660,woodana@oksbi,nancy45@okhdfcbank,1558.38,10,9416e4dc-c6b2-4def-b8d8-b7f1c86c6544,Kolkata,1363.02,0,0,280.78,none,0
T0004338,2026-01-03 03:04:39.037507,user_0325,astewart@ibl,vortiz@oksbi,558.78,11,54bbbcf8-28fe-4761-8d49-fe3f2ca8f783,Pune,522.05,0,0,583.81,none,0
T0046899,2026-01-28 12:45:33.165721,user_0284,nathanlynch@paytm,johnsoncameron@ybl,464.88,0,a65be22b-d5a3-46d9-8362-a810a2611b8d,Ahmedabad,299.61,0,0,1426.57,none,0
T0047160,2026-01-31 03:02:45.692535,user_0067,aaronpowers@okhdfcbank,johnmann@paytm,563.95,11,71299889-a01a-4992-bf9d-3e64c1a6423b,Hyderabad,703.07,0,0,282.66,none,0
T0020734,2026-01-13 08:57:34.488600,user_0271,qpearson@paytm,theresa50@okhdfcbank,243.67,7,15969802-b6dd-4257-bb7d-9f1c57eb89b1,Mumbai,660.33,0,0,2502.76,none,0
T0024897,2026-01-13 15:11:28.675500,user_0279,craigromero@okhdfcbank,heatherdouglas@okhdfcbank,688.84,10,9d264599-c4dd-4df5-9aec-56a857311609,Hyderabad,652.77,0,0,472.44,none,0
T0043251,2026-01-24 17:56:52.283530,user_0644,terrireyes@oksbi,qanderson@ybl,459.83,5,5da8d6d2-f8b3-4a8b-a05f-b8bc8a16a06c,Chennai,684.09,0,0,1154.85,none,0
T0001998,2026-01-02 12:40:21.392450,user_0554,christopher68@okhdfcbank,onealaustin@ibl,388.04,10,38e7e019-fb89-46c8-87ec-fe71d49347fc,Jaipur,423.19,0,0,2.62,none,0
T0029854,2026-01-15 08:26:29.995836,user_0509,raymondstacy@okhdfcbank,ann87@okhdfcbank,1079.6,6,aa604892-3926-42e9-9b58-eb49c9784b52,Lucknow,1236.46,0,0,91.29,none,0
T0049365,2026-01-31 23:00:49.755982,user_0496,kristinawilliamson@paytm,andrew33@oksbi,789.72,3,9b4e2c24-9479-41e6-8927-7d9b6e0d2648,Mumbai,904.72,0,0,2530.94,none,0
T0050185,2026-01-27 23:56:44.835900,user_0060,cindy26@ybl,amanda90@ibl,190.64,12,e00da49d-effa-4002-b040-413c4690fb15,Delhi,220.34,0,0,374.84,none,0
T0000308,2026-01-01 02:26:45.111786,user_0265,eanderson@oksbi,anna93@ybl,684.68,19,73d39457-b25f-43df-b8d4-9848702ba49f,Lucknow,662.91,0,0,98.64,none,0
T0032945,2026-01-18 17:56:54.459592,user_0623,joseph49@ibl,moorecheyenne@ybl,926.67,6,9132b63e-f162-47e4-a9c3-49e03602f8ac,Chennai,847.74,0,0,188.62,none,0
T0010322,2026-01-03 16:25:10.886895,user_0772,lisa65@ibl,pmathis@okhdfcbank,3247.67,4,0f423f8a-5a6c-427b-a14b-58b8b739b772,Ahmedabad,356.19,1,1,384.9,takeover,1
T0043818,2026-01-21 07:45:00.661139,user_0758,tracybrown@okhdfcbank,brownjoseph@okhdfcbank,164.41,15,94a1875d-2db6-4edb-82de-ffccf86c2ca2,Ahmedabad,206.29,0,1,1185.41,none,0
T0019983,2026-01-06 10:06:27.892888,user_0326,craignicolas@paytm,fanderson@paytm,594.41,19,861b4f5b-45a0-4539-ade8-370ace9e9ebd,Bengaluru,1275.28,0,0,1440.05,none,0
T0017144,2026-01-13 03:04:58.853464,user_0743,denisesmith@ybl,beckermatthew@oksbi,634.12,10,f4e95734-5052-4700-a077-96a38685abaa,Ahmedabad,624.7,0,0,1078.01,none,0
T0059978,2026-02-01 00:33:27.933269,user_0613,jamiejohnson@paytm,katelynschroeder@paytm,881.41,15,92a54d04-f2dd-41f5-b3b6-d344f2e3c6f0,Chennai,994.6,0,0,2813.97,none,0
T0031425,2026-01-22 03:18:17.497047,user_0315,eric11@paytm,qoconnor@paytm,1229.53,11,43ad3d62-b17c-4b21-8dbc-2c1ca4afe7bd,Jaipur,1772.55,0,0,1702.14,none,0
T0008191,2026-01-02 21:25:18.364478,user_0283,qdavis@okhdfcbank,scott79@paytm,436.53,20,ebc1bb52-82e4-4d4a-943a-c1c54f560ed5,Pune,435.42,0,0,113.11,none,0
T0027053,2026-01-15 09:37:29.112783,user_0674,dhanson@oksbi,jessica01@oksbi,297.15,16,d56ce8ea-1959-4b5a-a7a8-f6366a35df59,Delhi,327.13,0,0,302.72,none,0
T0054623,2026-02-03 23:42:38.702496,user_0020,qknox@okhdfcbank,awilliams@ybl,815.25,17,f8f58a26-1924-4644-af52-7666b23909f4,Bengaluru,1238.02,0,0,459.94,none,0
T0034898,2026-01-11 18:24:58.709447,user_0008,smithyvonne@okhdfcbank,patrick52@ybl,974.87,2,74962764-12a4-4ef0-84bb-b7a9d98868dd,Bengaluru,849.58,0,0,77.56,none,0
T0029784,2026-01-18 14:33:19.937656,user_0030,dillonpatrick@ibl,veronica04@paytm,695.03,18,ec95b3ac-0beb-4c34-8566-7c4879ba630a,Lucknow,898.42,0,0,337.72,none,0
T0059994,2026-01-24 00:03:00.551158,user_0409,jbarker@oksbi,ramosnoah@paytm,1236.27,12,46fde062-a33d-47af-9701-410d3f4b1a70,Jaipur,944.75,0,0,625.4,none,0
T0006488,2026-01-03 21:01:00.875271,user_0383,justin84@ibl,christophermoore@paytm,1836.04,15,f510ab53-c7fe-439f-9190-f938a66fd7f7,Kolkata,1833.96,0,0,32.27,none,0
T0030156,2026-01-17 03:31:41.616851,user_0787,burtonkimberly@oksbi,nbaker@ybl,245.82,12,75f8e3a8-7d97-4c0f-bd56-09c4a4461663,Mumbai,234.93,0,0,392.46,none,0
T0033124,2026-01-15 18:57:17.420961,user_0591,katie15@paytm,thomasreed@paytm,728.45,18,e1cde87f-ec95-4f87-ae5e-c36572eb7474,Kolkata,592.39,0,0,177.76,none,0
T0027644,2026-01-14 04:33:37.091188,user_0156,tracy98@okhdfcbank,sharonmason@ybl,1275.42,6,c6435300-68a5-4c68-a32d-bb5e486bb6bf,Mumbai,1202.03,0,0,471.77,none,0
T0049693,2026-01-23 23:20:25.755203,user_0401,thomasmaldonado@oksbi,atravis@ibl,221.11,11,cf0e6d2b-315c-467a-85d8-a6ad77d0359e,Mumbai,256.83,0,0,771.4,none,0
T0043919,2026-01-20 10:19:54.161675,user_0664,jennifer66@paytm,ljenkins@oksbi,1396.15,8,8412a335-d88c-456d-b61e-5fdb1a435206,Hyderabad,1717.44,0,0,11.18,none,0
T0035186,2026-01-19 03:49:35.160724,user_0623,joseph49@ibl,wubradley@ybl,702.14,11,9132b63e-f162-47e4-a9c3-49e03602f8ac,Chennai,847.74,0,0,62.76,none,0
T0029353,2026-01-13 10:06:44.508500,user_0165,susanfleming@ibl,dhampton@ybl,599.59,17,cbb18c79-1036-408d-99a0-90075bb47c18,Jaipur,536.83,0,0,255.21,none,0
T0018207,2026-01-05 13:33:41.165495,user_0249,kdillon@okhdfcbank,brandilewis@okhdfcbank,1320.64,13,48998e5f-d40e-43ce-92a7-4a4144bed486,Jaipur,1426.21,0,0,439.08,none,0
T0054239,2026-01-27 15:12:32.064708,user_0401,thomasmaldonado@oksbi,mmatthews@paytm,289.09,18,cf0e6d2b-315c-467a-85d8-a6ad77d0359e,Mumbai,256.83,0,0,143.15,none,0
T0042316,2026-01-22 01:45:12.452133,user_0042,katherine83@ybl,emilyrobinson@paytm,923.5,8,614c721d-a921-4b4c-95fb-e976ae007b7e,Lucknow,921.39,0,0,577.79,none,0
T0049713,2026-01-25 22:08:27.652989,user_0388,brandonnichols@oksbi,santanajason@ibl,994.27,7,f5d8fb91-ee60-41ac-add0-622e266bf2ea,Jaipur,1325.98,0,0,960.25,none,0
T0023348,2026-01-16 12:35:21.527978,user_0572,tammycurry@paytm,millerjulia@oksbi,1101.69,9,22bf18f5-1f65-4a87-b33e-e3447dbf4bc1,Delhi,1058.21,0,0,1155.4,none,0
T0047120,2026-01-28 09:40:04.094455,user_0092,rreed@ybl,jeffrey35@okhdfcbank,320.47,20,1b0c62eb-27c8-4c6c-9be5-a4c395af6d0c,Pune,423.55,0,0,1081.53,none,0
T0014681,2026-01-06 17:43:30.006731,user_0187,wellsamanda@okhdfcbank,griffindeanna@okhdfcbank,369.12,16,310c0c00-3fa7-4104-9bf9-0e27dc96925e,Delhi,651.69,0,0,912.66,none,0
T0008473,2026-01-10 09:59:33.536145,user_0614,hreeves@oksbi,nicolescott@ybl,738.84,5,c21c3fb3-a6a5-40ff-93fb-71d0dd326d9c,Ahmedabad,757.13,0,0,229.34,none,0
T0005046,2026-01-01 12:34:49.498612,user_0548,sharpdaniel@oksbi,criddle@ybl,1051.37,18,5be6128e-18c2-4797-a142-ea7d17be3111,Pune,1665.54,0,0,461.42,none,0
T0008527,2026-01-04 10:15:18.452586,user_0127,vmorrison@ibl,beverlymitchell@oksbi,402.21,11,f1043785-658b-4523-a014-1de9f54ad0a2,Bengaluru,1018.74,0,1,1096.87,none,0
T0038278,2026-01-23 04:26:26.334542,user_0201,michael31@paytm,matthewfitzpatrick@okhdfcbank,616.93,17,9a1de644-815e-46d1-bb8f-aa1837f8a88b,Mumbai,843.82,0,0,843.64,none,0
T0043963,2026-01-27 07:53:03.634077,user_0443,hlopez@okhdfcbank,deborah02@ibl,127.41,10,a6fd0cb1-16e6-45c0-84cb-294fe86e8e63,Jaipur,190.13,0,1,969.01,none,0
T0008229,2026-01-02 21:03:26.677290,user_0265,eanderson@oksbi,rachel27@paytm,1026.45,12,73d39457-b25f-43df-b8d4-9848702ba49f,Lucknow,662.91,0,0,836.77,none,0
T0051300,2026-01-29 06:11:31.195529,user_0733,kimberlyramirez@okhdfcbank,timothy87@ibl,466.5,7,ff4c96d6-71f2-4e8f-b69f-68c3e60fd420,Chennai,896.97,0,1,511.48,none,0
T0043311,2026-01-26 04:59:57.964608,user_0741,johnsonchad@okhdfcbank,johnmcclain@ibl,116.02,21,23e2fcb4-72d8-467d-894a-05e430b187ef,Pune,242.79,0,0,841.3,none,0
T0050948,2026-02-02 09:03:06.284472,user_0677,kjacobs@oksbi,matthew55@ibl,129.24,13,8e969227-72e7-4b51-ae54-ac6d2ff8e87e,Jaipur,237.82,0,0,726.19,none,0
T0047151,2026-01-24 07:37:51.630152,user_0540,richjohn@oksbi,marialynch@oksbi,320.82,11,6a36af18-06d3-4b93-ae33-688d597e6845,Lucknow,419.4,0,0,239.92,none,0
T0037191,2026-01-19 00:43:15.751843,user_0428,jcannon@okhdfcbank,ethornton@ibl,421.21,16,6dda4f8d-cea6-4f4c-b9e5-8ff092f837d4,Hyderabad,448.12,0,0,1785.6,none,0
T0015629,2026-01-06 15:46:00.022123,user_0172,simsjason@okhdfcbank,mark40@okhdfcbank,547.57,12,a205e54f-b1e8-409d-bc20-b9f24a9c589e,Lucknow,456.28,0,0,227.08,none,0
T0017389,2026-01-08 12:50:29.616687,user_0362,penanicole@paytm,rogerscindy@okhdfcbank,780.29,11,b5a6571c-4fa5-435e-90cc-460428b26b1b,Mumbai,745.86,0,0,135.28,none,0
T0044970,2026-01-30 23:11:06.728025,user_0124,william66@okhdfcbank,gonzalesivan@paytm,2326.7,15,5cd8fe1a-dafe-48a9-bc71-e0bef3579560,Ahmedabad,1446.93,0,0,571.08,none,0
T0017994,2026-01-14 13:51:46.140118,user_0107,ann99@paytm,iarnold@ybl,2086.37,10,a748dbcf-ac61-4e63-8dde-29a6baa4b71a,Bengaluru,1784.21,0,0,534.94,none,0
T0009483,2026-01-08 21:08:25.390818,user_0398,paulproctor@ibl,laura91@okhdfcbank,745.96,11,f2c84743-9027-4770-a460-d0d2904883c1,Bengaluru,1072.24,0,1,2718.97,none,0
T0031513,2026-01-26 00:10:49.036299,user_0130,glenda22@ybl,edillon@ybl,1505.55,9,e63658c9-12d0-498d-b18d-4d05e8e22743,Ahmedabad,1112.79,0,0,1640.27,none,0
T0013029,2026-01-10 18:36:40.661802,user_0314,maryhuff@okhdfcbank,shannon53@paytm,584.13,13,a9f25336-83f4-49a9-88a6-39d015b52908,Lucknow,1029.39,0,0,2859.16,none,0
T0024292,2026-01-11 18:52:09.528677,user_0319,travis94@okhdfcbank,crystal24@paytm,735.51,16,3270e4fa-abae-4f43-bcae-8081bdf070aa,Ahmedabad,450.88,0,0,214.42,none,0
T0014779,2026-01-11 03:11:20.290565,user_0009,anna99@oksbi,chrissantos@ibl,116.58,15,b12b6680-7f07-4cb9-afd3-40c0f945f2fd,Kolkata,136.37,0,0,201.88,none,0
T0045368,2026-01-18 15:15:43.484624,user_0683,jessicafox@ibl,dmckee@ybl,440.06,15,ca9f1d59-83e8-4700-8e63-813ed22e3226,Kolkata,415.9,0,0,112.9,none,0
T0052356,2026-02-03 06:30:56.110995,user_0101,fstewart@ibl,thomasmason@ibl,1011.88,13,5c70ee97-fca4-4567-8316-d2d6fa4a58ef,Chennai,953.35,0,0,923.07,none,0
T0004378,2026-01-02 07:09:10.198742,user_0630,lisa81@ibl,katherine10@ybl,2499.6,13,cac4d0eb-3373-430e-bc31-a5971f119c0f,Mumbai,2481.13,0,0,500.1,none,0
T0038012,2026-01-22 07:02:10.815946,user_0718,destiny67@okhdfcbank,patrick80@ibl,2014.17,14,75f8e3a8-7d97-4c0f-bd56-09c4a4461663,Lucknow,1559.81,0,1,256.39,none,0
T0032202,2026-01-15 00:52:10.699046,user_0630,lisa81@ibl,catherine15@oksbi,3081.12,12,4cc9f5f2-e42e-4037-8a55-2ea08acbbe09,Mumbai,2481.13,0,0,206.07,none,0
T0031628,2026-01-17 05:22:49.798836,user_0581,sara99@okhdfcbank,johnsonchad@paytm,1230.56,8,b5cbe3f5-6a66-4184-bde1-bf5daf4847f0,Mumbai,2074.96,0,0,120.26,none,0
T0029052,2026-01-17 12:50:37.130637,user_0781,amiller@ybl,cunninghamsusan@ybl,1946.21,19,fb8fe8c4-d8b4-4ead-9360-8edf382b5b86,Mumbai,1640.13,0,0,959.44,none,0
T0058093,2026-01-29 15:38:07.561046,user_0401,thomasmaldonado@oksbi,cynthiabullock@ybl,202.7,10,cf0e6d2b-315c-467a-85d8-a6ad77d0359e,Mumbai,256.83,0,0,1168.26,none,0
T0031318,2026-01-11 19:24:16.958172,user_0578,cherylrodriguez@oksbi,nguyenkristin@ybl,1477.01,16,8603156a-15ea-4bcf-ab10-21ceaa143cd8,Bengaluru,1101.4,0,0,500.76,none,0
T0009834,2026-01-07 19:25:33.031095,user_0296,michael43@ybl,ryansmith@oksbi,584.13,11,f7eae66e-ca6c-4f9b-8969-71018b2c550a,Bengaluru,742.04,0,0,780.97,none,0
T0011950,2026-01-09 07:48:15.668196,user_0509,raymondstacy@okhdfcbank,ysoto@ibl,1284.01,13,aa604892-3926-42e9-9b58-eb49c9784b52,Lucknow,1236.46,0,0,209.82,none,0
T0015292,2026-01-06 20:22:26.576327,user_0530,melissahenry@ybl,cooperelizabeth@oksbi,1010.86,7,34981735-4d38-4415-a036-35fca88d4108,Jaipur,931.05,0,0,1033.97,none,0
T0054178,2026-01-30 17:58:48.210747,user_0357,jessicastanley@ybl,maria98@okhdfcbank,1123.61,23,42378962-e4fd-4c34-9670-7a2129dc073e,Bengaluru,990.97,0,0,551.75,none,0
T0056479,2026-01-28 18:40:20.087843,user_0408,novakbianca@ybl,abaldwin@ybl,415.42,20,771ad655-cdfc-4ee0-a61e-de900267deb3,Hyderabad,473.01,0,0,656.21,none,0
T0001842,2026-01-03 01:16:05.009403,user_0702,laurenatkins@oksbi,laurakaufman@oksbi,32.81,8,502cf0ee-224a-46a6-ac0f-680115b24e1d,Lucknow,317.95,0,0,1697.78,none,0
T0017920,2026-01-12 06:24:15.872191,user_0135,johnsondustin@ybl,braunjesse@ibl,609.73,10,1f5df912-54e0-4431-8f13-3b65d450afa2,Bengaluru,501.45,0,0,834.43,none,0
T0048129,2026-01-29 11:53:02.781366,user_0516,michelleparker@oksbi,haleybailey@ybl,485.42,20,cb881c32-cbb0-4a8b-9908-a121d1a7ba20,Delhi,533.48,0,0,177.25,none,0
T0045755,2026-01-23 15:06:27.710518,user_0209,wford@paytm,reynoldscarla@ibl,203.76,13,cc152a1b-e278-4642-a484-e035330faaa3,Ahmedabad,578.44,0,0,184.24,none,0
T0000062,2026-01-01 09:22:42.219409,user_0703,tracey29@oksbi,johnwilliams@ybl,556.31,12,ebd34616-91b7-4d8e-9301-6989bfbbb17f,Pune,734.42,0,0,562.7,none,0
T0015450,2026-01-11 07:23:42.473848,user_0040,ismith@paytm,julieeverett@paytm,708.17,12,07f194f9-c115-4d6d-8a4e-5b70a6d964a3,Mumbai,1230.44,0,0,429.09,none,0
T0042350,2026-01-20 13:38:20.981591,user_0561,deanjohnny@ibl,isullivan@paytm,350.78,16,af70de70-2b69-495e-8567-1b58926bffa5,Mumbai,331.62,0,0,279.46,none,0
T0039845,2026-01-21 11:09:21.390625,user_0587,vgutierrez@oksbi,angelagraham@ybl,1719.56,14,66c14dca-8255-4a61-9a3b-031932f57510,Jaipur,2065.85,0,1,153.22,none,0
T0029643,2026-01-14 09:28:45.727836,user_0750,chensusan@oksbi,sharonmcgee@paytm,390.07,17,ec1b8ca1-f91e-4d4c-9ff4-9b7889463e85,Jaipur,612.41,0,0,478.89,none,0
T0055749,2026-01-18 22:05:50.277059,user_0551,nicoledavis@oksbi,jameswilliams@ibl,375.44,12,58c1aad6-f3f8-4ea4-bf14-eafa29f0ef7c,Hyderabad,424.83,0,0,211.19,none,0
T0055892,2026-02-04 15:00:29.931792,user_0340,rosshannah@ybl,kknox@ybl,832.75,17,cdd0b4d4-5542-47de-b6ad-f48b2314d0c8,Lucknow,754.31,0,0,900.68,none,0
T0035745,2026-01-18 06:14:19.401444,user_0072,steven12@paytm,wrightronnie@paytm,1697.62,10,4140752c-aa44-4259-9001-8b7b6d4067f4,Pune,1498.09,0,0,1555.95,none,0
T0025692,2026-01-08 03:34:27.735787,user_0555,nicholasjames@ybl,jeffrey14@oksbi,871.97,10,d8dff535-c62d-4aea-9e70-bd3000a21367,Chennai,511.78,0,0,135.24,none,0
T0023541,2026-01-12 02:44:22.699494,user_0001,xpalmer@okhdfcbank,cynthiaortega@ibl,639.8,18,2d174fc9-6f7c-45ea-a72a-6d8eb5122df8,Bengaluru,647.79,0,0,44.26,none,0
T0007799,2026-01-06 04:27:39.224619,user_0185,campbellsara@ybl,gsmith@ibl,812.3,1,2e326567-d284-454e-bebe-c0db9a3a6103,Chennai,727.57,0,0,45.57,none,0
T0022235,2026-01-14 18:34:48.660747,user_0303,susan77@paytm,bartongeorge@paytm,848.49,13,0d557b61-8a17-4dfe-bfc0-0dc804f64d86,Chennai,1184.83,0,0,246.2,none,0
T0034142,2026-01-19 07:00:11.597366,user_0645,jared96@ibl,patricia80@oksbi,1067.13,16,71299889-a01a-4992-bf9d-3e64c1a6423b,Jaipur,901.26,0,1,1407.48,none,0
T0025530,2026-01-13 23:05:25.668871,user_0402,sharon20@ibl,dawsondavid@paytm,447.5,14,741b77f5-4c24-4053-a7f5-ae02af5b8f47,Hyderabad,481.53,0,0,1644.77,none,0
T0041703,2026-01-26 19:16:48.311757,user_0212,patriciagonzalez@ybl,ofowler@oksbi,795.9,7,f2e9702d-11e9-4daa-ae69-81a35d3d9e56,Kolkata,662.07,0,1,916.69,none,0
T0053394,2026-01-28 07:13:59.634310,user_0317,duranamber@paytm,mkey@oksbi,579.63,3,8ed6ad5e-1831-4aa3-9466-9d1910df9974,Kolkata,617.22,0,0,473.18,none,0
T0035762,2026-01-27 09:55:39.075554,user_0197,yorksarah@ibl,claytonlee@ibl,350.47,16,949077c2-7674-456f-a26d-719d81cf3252,Lucknow,465.88,0,0,1740.91,none,0
T0047433,2026-01-15 22:32:14.810050,user_0138,maryvaughn@ibl,ginaharris@ybl,743.61,11,e1035e1c-e3bb-42ae-a552-ac5309eda6f5,Kolkata,1132.79,0,0,1187.78,none,0
T0030985,2026-01-17 23:03:07.575815,user_0204,heather29@ibl,mmartinez@paytm,186.23,18,66132e69-7418-4109-93d1-bf0f56c438e4,Mumbai,410.23,0,0,660.31,none,0
T0058669,2026-01-26 16:51:12.753619,user_0234,tommy79@paytm,hernandezgina@paytm,2254.46,10,ebe9e207-4f19-4ec0-832d-4526b3e4110a,Delhi,1581.93,0,0,87.64,none,0
T0041029,2026-01-15 14:03:44.552982,user_0774,marcoconnell@okhdfcbank,christina09@okhdfcbank,125.08,11,bdb025ff-2451-45a4-91d0-59b26699cd99,Mumbai,182.36,0,0,276.88,none,0
T0052722,2026-01-31 04:52:38.620601,user_0060,cindy26@ybl,hwilliamson@ybl,186.96,12,c6ac1b04-dd1d-4cd1-811f-6bf5379ef467,Delhi,220.34,0,0,740.59,none,0
T0034405,2026-01-15 10:50:55.828158,user_0639,cassandra28@paytm,mmcknight@oksbi,859.72,17,2a9528c3-5ae1-4bad-aa29-60fda85894df,Lucknow,687.35,0,0,11.91,none,0
T0019219,2026-01-12 18:13:43.004585,user_0303,susan77@paytm,ajordan@ybl,1744.12,17,0d557b61-8a17-4dfe-bfc0-0dc804f64d86,Chennai,1184.83,0,0,1991.27,none,0
T0010186,2026-01-05 09:15:33.824920,user_0442,garciajerry@paytm,lharrington@ibl,1025.11,8,4aab47b2-3c9d-428a-a176-1930f6d70248,Hyderabad,1092.08,0,0,138.56,none,0
T0012379,2026-01-10 06:05:59.604487,user_0654,shermandonna@ibl,eric34@okhdfcbank,2088.82,18,7eccdaf4-c413-4dc2-85c5-ae8abe15ad12,Pune,1925.58,0,0,30.83,none,0
T0052018,2026-01-28 00:10:10.259321,user_0346,tiffanymitchell@okhdfcbank,kellyjeffery@okhdfcbank,2232.85,17,e76adca9-7811-4802-88cc-7cfecf01f944,Chennai,1188.96,0,0,253.56,none,0
T0052534,2026-01-27 09:05:19.642976,user_0164,rebeccaaustin@ybl,michaelcastro@okhdfcbank,719.82,23,257f7595-cdfb-4db9-85e7-8b23f4613f09,Ahmedabad,753.37,0,0,505.97,none,0
T0007240,2026-01-05 03:04:08.744096,user_0040,ismith@paytm,josephfreeman@ybl,1246.84,10,07f194f9-c115-4d6d-8a4e-5b70a6d964a3,Mumbai,1230.44,0,0,161.13,none,0
T0021270,2026-01-14 02:57:15.661151,user_0754,tguerrero@ybl,bbrewer@ybl,203.74,5,68d0a2a8-c4e7-47dd-a929-de738693fd9d,Lucknow,572.35,0,1,47.77,none,0
T0034987,2026-01-21 10:17:17.866530,user_0446,emily61@ybl,jill00@paytm,882.76,14,287d06ca-6f4c-469a-8b22-d3081c8eaee9,Bengaluru,932.9,0,0,9.91,none,0
T0014386,2026-01-15 20:54:09.547180,user_0264,brianna91@paytm,xyork@paytm,530.02,7,a2a9d4d8-102e-4de5-a5cc-8bf738ab854c,Ahmedabad,385.33,0,0,252.39,none,0
T0007138,2026-01-03 13:52:54.020369,user_0511,christopherreyes@ybl,pittsjenna@paytm,1345.82,23,f18cccdc-131e-4723-bbcd-f203459ee674,Kolkata,1715.43,0,0,159.07,none,0
T0056831,2026-01-31 02:30:31.843980,user_0214,hessbeth@ybl,rogersrita@oksbi,865.4,10,439e754c-6930-46ea-a0bd-a1ee5807cf74,Lucknow,839.21,0,0,465.37,none,0
T0000242,2026-01-01 18:59:39.936759,user_0070,cummingscraig@okhdfcbank,michaelbaldwin@ybl,738.32,8,a04d4d14-197d-4ae1-8bc2-ea720c648ca2,Lucknow,622.18,0,0,1139.67,none,0
T0053612,2026-01-28 17:23:30.296395,user_0580,ronald54@ybl,richkathryn@okhdfcbank,501.43,23,b24cc64f-be3e-4e57-b30a-9e32aba4fc03,Lucknow,824.0,0,0,2400.1,none,0
T0002880,2026-01-02 09:33:27.207287,user_0760,morganmatthew@ybl,jimwilliams@okhdfcbank,629.35,16,a6846099-f729-4951-8591-31d2bbda0242,Pune,607.2,0,0,470.56,none,0
T0041419,2026-01-24 22:02:42.946312,user_0307,zachary04@ibl,fbrown@paytm,337.86,12,f68c62e6-e2a4-4909-a2dd-22d52afaab7b,Bengaluru,741.81,0,0,387.49,none,0
T0000546,2026-01-05 06:27:04.217667,user_0423,osmith@ybl,nbrown@okhdfcbank,1562.15,13,0964fbbf-8cd3-41b0-82b0-1cfdd045dd1c,Ahmedabad,1363.77,0,0,417.71,none,0
T0037813,2026-01-17 09:59:14.506224,user_0365,johnsonmichael@oksbi,brandyestes@okhdfcbank,155.04,8,9c3de1b0-022b-4683-9033-da6587cf63fd,Mumbai,519.63,0,0,590.87,none,0
T0020475,2026-01-12 10:12:38.412420,user_0516,michelleparker@oksbi,christinacontreras@paytm,650.69,16,cb881c32-cbb0-4a8b-9908-a121d1a7ba20,Delhi,533.48,0,0,266.5,none,0
T0059315,2026-02-01 09:44:34.688343,user_0002,wellsdavid@paytm,allisonpatton@paytm,1425.39,9,c74ffd5f-37ee-4155-a157-920d71e5385c,Lucknow,602.91,1,1,16.05,geo_jump,1
T0055014,2026-02-04 01:33:47.208228,user_0192,fmedina@paytm,ejenkins@ybl,690.3,12,24108e9a-3f77-4cae-b318-b96d44790612,Mumbai,710.36,0,0,998.06,none,0
T0036109,2026-01-19 07:04:47.705663,user_0320,wwhite@oksbi,misty66@okhdfcbank,1046.2,15,35ce8841-4973-4d6c-8dca-bfb7001a9a8b,Jaipur,762.39,0,1,1087.81,none,0
T0032163,2026-01-20 05:12:18.307472,user_0266,reneemiller@paytm,nielsenjoanna@okhdfcbank,352.09,20,2ab8bd33-911f-430b-9bff-00b07fe670f3,Chennai,312.23,0,0,1503.18,none,0
T0043255,2026-01-14 15:45:54.181066,user_0350,robert99@okhdfcbank,hestertaylor@okhdfcbank,205.91,10,24933b83-7577-40a9-a491-f0b2ea1fca65,Hyderabad,155.41,0,0,29.9,none,0
T0019653,2026-01-13 15:36:11.606753,user_0124,william66@okhdfcbank,tyler85@okhdfcbank,2219.15,10,b63b4dc3-a559-4463-b9e1-3ceab0cbc61f,Ahmedabad,1446.93,0,0,2753.75,none,0
T0056304,2026-01-26 12:12:34.220347,user_0680,arthur09@paytm,icoleman@oksbi,1792.4,15,844e250b-e684-490c-923b-78208089b8c5,Hyderabad,1698.35,0,0,742.75,none,0
T0007247,2026-01-03 23:54:27.585176,user_0395,brianrowe@paytm,anne76@okhdfcbank,280.52,17,9b69554d-7c54-435f-ac8c-3b6aa974d079,Ahmedabad,541.24,0,0,1315.67,none,0
T0032662,2026-01-17 19:13:01.742477,user_0754,tguerrero@ybl,fcross@paytm,675.1,4,68d0a2a8-c4e7-47dd-a929-de738693fd9d,Chennai,572.35,0,0,163.98,none,0
T0043484,2026-01-17 22:04:53.820369,user_0233,zacharygomez@ibl,cooperkevin@okhdfcbank,831.99,20,eec259dc-7f95-497c-a76a-a6ced50755d9,Delhi,659.25,0,0,1446.33,none,0
T0012618,2026-01-09 02:04:53.442331,user_0091,pstanley@okhdfcbank,sarahjenkins@okhdfcbank,869.18,4,a3b442bd-4649-4296-af58-42c3ff86cc31,Hyderabad,882.09,0,0,774.6,none,0
T0050547,2026-01-28 09:38:52.646883,user_0665,qgardner@ibl,carolynhill@ybl,1161.77,12,e27718c5-737d-4fb6-9113-76e038d77b9a,Pune,1052.32,0,0,878.63,none,0
T0032439,2026-01-19 05:29:07.224569,user_0345,barbarasantos@ybl,mcgeejeffrey@ybl,448.12,12,4f9a5f98-4d95-4273-8b2c-c805d1403430,Chennai,328.21,0,0,498.35,none,0
T0019469,2026-01-13 07:06:45.959650,user_0481,kmorris@paytm,penningtonnichole@oksbi,1083.61,14,5f65c8ce-bd21-4c11-be9d-61ee18b87245,Ahmedabad,806.37,0,0,188.62,none,0
T0058448,2026-01-31 19:36:00.591336,user_0356,bjackson@oksbi,josephmcfarland@paytm,441.61,19,9c1c3517-85d2-40a6-8629-5b5d707df251,Mumbai,386.11,0,0,50.19,none,0
T0048213,2026-02-05 00:12:12.864309,user_0221,katherinetaylor@paytm,lindsay98@oksbi,324.19,15,b5a6571c-4fa5-435e-90cc-460428b26b1b,Pune,380.32,0,1,121.16,none,0
T0015208,2026-01-14 15:01:12.250086,user_0392,matthewcollins@paytm,harrisstephanie@ybl,518.2,5,0e0630cd-996d-4c50-bc04-a168652ffb49,Bengaluru,480.83,0,0,751.1,none,0
T0052462,2026-01-31 05:09:53.057965,user_0642,amanda69@oksbi,maryortiz@paytm,2024.13,11,ae9bec36-35c7-436c-9b99-62c6e61fecc0,Kolkata,1965.93,0,0,290.09,none,0
T0045122,2026-02-03 18:18:40.834523,user_0106,velasquezmegan@ibl,rebecca27@okhdfcbank,1005.03,16,96792482-a3c9-48e4-8d22-38e6c7bf4fbc,Jaipur,723.4,0,0,78.22,none,0
T0003999,2026-01-02 20:42:22.971457,user_0223,jillwebb@ibl,ewalker@ybl,535.42,23,a14923c2-f920-464c-8763-fcd01f15c7b6,Ahmedabad,480.36,0,0,850.26,none,0
T0017032,2026-01-11 00:33:20.899507,user_0237,jason22@ibl,christianperez@paytm,417.79,15,8412a335-d88c-456d-b61e-5fdb1a435206,Ahmedabad,510.22,0,0,1464.78,none,0
T0000311,2026-01-01 12:47:22.251895,user_0770,wilsonbrooke@ibl,vrhodes@oksbi,429.97,8,10f1bc81-448a-4a9e-a6b2-bc5b50c187fc,Ahmedabad,638.11,0,0,33.71,none,0
T0002917,2026-01-02 16:00:11.392611,user_0094,smithsarah@ybl,morriskatherine@okhdfcbank,1078.54,13,9c2e58de-ea4e-4617-93f8-382b8fb864e4,Kolkata,879.75,0,0,8.25,none,0
T0012698,2026-01-08 13:52:59.446104,user_0378,laurakelley@oksbi,fholland@okhdfcbank,904.19,19,aaf91531-0200-41f0-8768-a84fa76afde6,Hyderabad,824.28,0,0,118.51,none,0
T0010029,2026-01-04 18:18:25.313540,user_0786,carlsonjennifer@ibl,christensengeorge@ibl,1009.44,7,8d244e3e-c4da-4ddb-a0b1-5abaa6a27967,Jaipur,816.66,0,0,134.4,none,0
T0056914,2026-02-02 10:36:45.321522,user_0565,mramos@paytm,clarkrobin@paytm,297.28,16,4fa03f26-f6f7-40cc-a9ec-8e49d1bdb8c0,Hyderabad,608.95,0,0,1174.33,none,0
T0027388,2026-01-17 10:32:54.589850,user_0501,mckeetodd@ibl,randerson@oksbi,375.16,13,4aea1b8f-b43c-4e0a-ba9f-c10e52daf681,Ahmedabad,483.5,0,0,230.31,none,0
T0034265,2026-01-11 01:11:40.267919,user_0008,smithyvonne@okhdfcbank,vbaker@ibl,974.81,3,74962764-12a4-4ef0-84bb-b7a9d98868dd,Bengaluru,849.58,0,0,83.0,none,0
T0013936,2026-01-10 08:49:35.087944,user_0629,tjensen@okhdfcbank,fkirk@paytm,946.07,23,58c1aad6-f3f8-4ea4-bf14-eafa29f0ef7c,Chennai,912.08,0,0,834.28,none,0
T0023718,2026-01-13 21:24:37.827215,user_0665,qgardner@ibl,leahstevenson@okhdfcbank,1404.86,23,f5141058-3138-4975-bbf3-3a349c2dfa97,Pune,1052.32,0,0,2.09,none,0
T0006441,2026-01-03 11:53:27.829971,user_0073,phelpsmichael@oksbi,nshaw@oksbi,1370.23,0,92a81713-b90e-444b-951c-25d54d4c5280,Delhi,1185.23,0,0,17.83,none,0
T0017503,2026-01-05 20:12:27.185740,user_0405,teresayoung@ybl,margaret96@oksbi,1322.49,14,30e912f2-f2b4-4abf-8441-aefd0299436a,Mumbai,1081.13,0,0,107.27,none,0
T0011908,2026-01-10 01:27:56.536083,user_0113,nrodriguez@ibl,garrettmichael@ybl,1717.71,21,b28187c4-aa05-4442-a284-e8fd755cee2a,Kolkata,1157.52,0,0,29.62,none,0
T0000616,2026-01-01 17:23:13.048719,user_0147,kari89@paytm,wilsonmichael@paytm,551.42,16,6e417d47-5ff5-45ea-9bc4-40f14b1a269b,Kolkata,500.25,0,0,741.56,none,0
T0012034,2026-01-09 10:07:43.808393,user_0033,tthomas@okhdfcbank,norrislarry@ybl,1292.06,16,67ce378f-e5a4-483b-a383-889adb2c6ac8,Kolkata,1085.05,0,0,66.39,none,0
T0039427,2026-01-15 02:09:22.184233,user_0683,jessicafox@ibl,kimberlyvillegas@ybl,559.21,6,ed1115d7-50a4-4c85-99d5-7b0242d04d55,Kolkata,415.9,0,0,722.9,none,0
T0034716,2026-01-14 18:10:54.929347,user_0758,tracybrown@okhdfcbank,leslie43@paytm,254.43,13,94a1875d-2db6-4edb-82de-ffccf86c2ca2,Ahmedabad,206.29,0,0,1954.28,none,0
T0037862,2026-01-23 02:09:31.102393,user_0212,patriciagonzalez@ybl,kenneth38@ybl,645.24,9,f2e9702d-11e9-4daa-ae69-81a35d3d9e56,Chennai,662.07,0,0,46.69,none,0
T0040642,2026-01-24 02:11:36.507067,user_0587,vgutierrez@oksbi,ericajohnson@okhdfcbank,2883.86,17,66c14dca-8255-4a61-9a3b-031932f57510,Jaipur,2065.85,0,0,32.79,none,0
T0002640,2026-01-03 13:11:56.258297,user_0053,daviddawson@okhdfcbank,whampton@paytm,998.64,14,9f8cc29f-fd35-4c5f-9347-9a3b479bc637,Pune,901.25,0,0,1725.53,none,0
T0015822,2026-01-05 16:40:05.368773,user_0750,chensusan@oksbi,lpaul@ybl,144.48,15,ec1b8ca1-f91e-4d4c-9ff4-9b7889463e85,Jaipur,612.41,0,0,617.82,none,0
T0040186,2026-01-17 12:36:34.858454,user_0283,qdavis@okhdfcbank,joshua73@okhdfcbank,232.99,11,ebc1bb52-82e4-4d4a-943a-c1c54f560ed5,Pune,435.42,0,0,112.81,none,0
T0045799,2026-01-27 01:34:29.782170,user_0039,epowell@paytm,avazquez@paytm,811.4,11,54c63cd8-8945-4f27-97fa-2d8dfb2ca025,Lucknow,625.32,0,0,2283.52,none,0
T0001963,2026-01-02 01:41:46.375149,user_0449,umahoney@ybl,patricia92@paytm,861.66,16,a9ba5a27-907b-4e36-9786-48f864de82e6,Ahmedabad,983.01,0,0,173.75,none,0
T0012362,2026-01-07 17:28:20.690509,user_0496,kristinawilliamson@paytm,vkelly@ibl,631.26,18,9b4e2c24-9479-41e6-8927-7d9b6e0d2648,Mumbai,904.72,0,0,300.45,none,0
T0039705,2026-01-24 20:23:51.309735,user_0006,dking@ybl,catherine50@paytm,261.02,16,032a461a-df9b-4c1f-aacb-1f6d7549c9f9,Chennai,502.43,0,0,93.8,none,0
T0043237,2026-01-27 02:57:29.080667,user_0053,daviddawson@okhdfcbank,rubiorobert@okhdfcbank,845.16,11,9f8cc29f-fd35-4c5f-9347-9a3b479bc637,Pune,901.25,0,0,51.14,none,0
T0023977,2026-01-14 00:09:23.583323,user_0029,kennedyjames@paytm,aaron24@ybl,1369.04,13,96792482-a3c9-48e4-8d22-38e6c7bf4fbc,Kolkata,1425.12,0,0,138.07,none,0
T0028716,2026-01-16 03:27:39.302102,user_0214,hessbeth@ybl,barretttiffany@paytm,1201.97,4,439e754c-6930-46ea-a0bd-a1ee5807cf74,Lucknow,839.21,0,0,696.62,none,0
T0041001,2026-01-22 20:17:08.098798,user_0536,michelle36@okhdfcbank,douglasmichael@ibl,350.3,16,bed63da0-8033-45c2-9413-d64db962c8a7,Mumbai,249.99,0,0,947.59,none,0
T0002430,2026-01-03 06:32:43.836048,user_0479,mpearson@oksbi,tashaharmon@ybl,486.68,17,910c4cb7-25f0-4b0a-a64e-f59d6a18e5af,Pune,612.16,0,1,947.1,none,0
T0056383,2026-02-07 04:19:16.136271,user_0201,michael31@paytm,xcollins@okhdfcbank,800.85,16,9a1de644-815e-46d1-bb8f-aa1837f8a88b,Mumbai,843.82,0,0,228.93,none,0
T0015591,2026-01-10 15:07:02.669957,user_0619,james44@ybl,jacob60@oksbi,489.01,13,e2acf72f-9e57-4f7a-a0ee-89aed453dd32,Ahmedabad,552.09,0,1,613.46,none,0
T0030408,2026-01-12 21:04:27.648348,user_0133,icraig@oksbi,jenna14@oksbi,1793.96,20,5fbbf0b1-8083-49c8-a57e-01c90da23e5c,Bengaluru,2768.61,0,0,426.32,none,0
T0005762,2026-01-04 13:52:11.725690,user_0536,michelle36@okhdfcbank,mitchelldanielle@ybl,214.38,17,bed63da0-8033-45c2-9413-d64db962c8a7,Mumbai,249.99,0,0,136.76,none,0
T0017966,2026-01-12 06:41:04.104409,user_0091,pstanley@okhdfcbank,williammueller@ybl,1033.76,11,a3b442bd-4649-4296-af58-42c3ff86cc31,Hyderabad,882.09,0,0,166.75,none,0
T0040615,2026-01-20 10:16:10.659798,user_0204,heather29@ibl,bharris@oksbi,30.37,6,66132e69-7418-4109-93d1-bf0f56c438e4,Mumbai,410.23,0,0,667.13,none,0
T0001801,2026-01-03 11:07:09.885515,user_0190,susan08@oksbi,jeffrey94@oksbi,489.93,15,c194f97f-00e3-4026-95b6-de85390239d9,Chennai,1511.37,0,1,1650.5,none,0
T0053707,2026-01-24 09:38:39.349831,user_0739,probinson@ibl,nelsonjoseph@oksbi,1449.27,18,25637cc3-ca97-4bf5-95d5-96afa663d2cd,Pune,1234.4,0,0,153.92,none,0
T0027653,2026-01-22 02:07:13.440486,user_0101,fstewart@ibl,douglas06@paytm,803.38,13,5c70ee97-fca4-4567-8316-d2d6fa4a58ef,Chennai,953.35,0,0,211.81,none,0
T0014835,2026-01-09 00:43:57.483777,user_0546,vaughnrebecca@paytm,kellysmith@oksbi,936.23,15,94a1875d-2db6-4edb-82de-ffccf86c2ca2,Kolkata,981.44,0,0,1050.51,none,0
T0006333,2026-01-02 14:56:25.827033,user_0567,brandonhernandez@oksbi,catherine41@paytm,617.12,23,ceae71cf-ce00-4af0-beb0-51817ba24588,Chennai,597.0,0,0,106.12,none,0
T0033449,2026-01-14 13:38:06.694661,user_0628,mwhite@ybl,prattkatrina@ibl,1206.28,16,722dce13-47a4-4c42-8665-34972fe922aa,Ahmedabad,1310.64,0,0,441.91,none,0
T0027274,2026-01-17 11:59:27.981487,user_0131,jennifer58@oksbi,jennifer22@paytm,276.12,19,71efe72a-ae13-491e-84fa-4c7239e7a4f1,Chennai,391.92,0,0,174.21,none,0
T0032892,2026-01-18 07:50:52.024789,user_0792,joshualee@ybl,karenwashington@ybl,1098.15,17,9d66e815-5a41-43b3-a95f-176cdebac186,Hyderabad,1161.12,0,0,384.14,none,0
T0054865,2026-01-31 03:12:44.857382,user_0728,millercassandra@oksbi,gpatel@okhdfcbank,994.16,13,cf89569d-e550-4736-8780-6e713811b519,Delhi,938.13,0,0,823.78,none,0
T0011873,2026-01-07 03:12:52.164659,user_0110,aaronkelly@oksbi,christopher29@paytm,275.78,4,0426fcc9-255b-40e2-bdc2-b74b38a56b49,Mumbai,302.48,0,0,23.02,none,0
T0034296,2026-01-17 00:36:21.938206,user_0240,olsontimothy@paytm,jarmstrong@oksbi,664.18,14,43d75413-a939-4bd1-a516-b0d47d3572cc,Hyderabad,1019.17,0,0,8.7,none,0
T0032745,2026-01-20 11:27:51.653051,user_0383,justin84@ibl,arthurward@paytm,1234.33,10,f510ab53-c7fe-439f-9190-f938a66fd7f7,Kolkata,1833.96,0,0,660.0,none,0
T0054789,2026-01-31 02:49:33.999532,user_0741,johnsonchad@okhdfcbank,angelahartman@okhdfcbank,260.34,14,23e2fcb4-72d8-467d-894a-05e430b187ef,Pune,242.79,0,0,722.84,none,0
T0039482,2026-01-20 23:17:54.786955,user_0669,dennisjones@paytm,qrichards@paytm,449.65,14,f836f571-3cce-476c-b836-c448ad261ec5,Lucknow,581.98,0,0,192.53,none,0
T0045044,2026-01-27 14:36:24.017651,user_0787,burtonkimberly@oksbi,arthur47@ibl,269.69,16,7a3a6e96-23ff-43d3-bb4f-b88a2f4dd219,Mumbai,234.93,0,0,310.2,none,0
T0057810,2026-01-31 23:31:38.214359,user_0547,cgallegos@paytm,garrettkatrina@oksbi,1119.49,17,eb6c1016-cee6-44d0-9dac-6e8345241ea6,Mumbai,1106.69,0,0,475.83,none,0
T0002968,2026-01-01 01:37:37.189333,user_0277,kim62@ybl,gloria04@oksbi,1061.71,7,0a368ce7-dc57-4131-b8e1-daa7cbceabde,Mumbai,1060.92,0,0,97.62,none,0
T0015830,2026-01-07 02:42:53.673534,user_0043,rhodescourtney@oksbi,davispamela@ybl,405.06,5,a2cd1590-58af-493c-8aa2-b4c93ba5bd76,Chennai,435.94,0,0,194.97,none,0
T0023892,2026-01-14 10:48:58.064373,user_0616,cookpamela@okhdfcbank,waredebra@okhdfcbank,127.46,8,f165d779-0154-4950-976d-e21f1b46ebdc,Ahmedabad,192.63,0,0,1642.26,none,0
T0023406,2026-01-16 10:18:01.516060,user_0775,kathrynwatkins@ybl,jacob01@ybl,307.76,6,5a2837b2-cb83-43f2-bb96-f6022b115c36,Chennai,427.41,0,0,405.05,none,0
T0019851,2026-01-09 21:06:22.384932,user_0785,ljenkins@oksbi,piercecolleen@ibl,260.76,10,ae455cc6-b88e-430f-9e1e-994ac5a11f5c,Hyderabad,545.25,0,0,189.1,none,0
T0011540,2026-01-06 20:00:07.161215,user_0177,millerbrian@ibl,brittneysanchez@okhdfcbank,998.38,20,843ec3c3-970e-41e4-abf7-69b4c6246193,Bengaluru,467.21,1,1,22.5,geo_jump,1
T0013843,2026-01-05 17:32:12.593904,user_0479,mpearson@oksbi,wheelerjohn@paytm,525.54,12,5e6fea07-c453-4f1d-8199-2fdfb31022f0,Ahmedabad,612.16,0,1,123.28,none,0
T0056859,2026-01-31 20:59:12.343693,user_0594,sandra77@ybl,vlane@ibl,2386.36,23,143029a9-d88f-4c94-88b7-63d5e519dd7e,Kolkata,1904.54,0,0,415.72,none,0
T0027389,2026-01-13 13:06:07.062476,user_0384,elopez@okhdfcbank,freeves@okhdfcbank,1804.52,19,3ae28023-5472-4d2d-b239-9ffb27046f25,Mumbai,1589.38,0,0,504.64,none,0
T0022834,2026-01-08 21:18:46.050723,user_0148,kimberlybrandt@paytm,denise39@ibl,436.99,13,f6ff3521-c225-4530-952a-53459682d9ff,Pune,433.0,0,0,738.03,none,0
T0036329,2026-01-18 21:11:29.235945,user_0669,dennisjones@paytm,markadkins@oksbi,686.22,16,f836f571-3cce-476c-b836-c448ad261ec5,Lucknow,581.98,0,0,636.24,none,0
T0034585,2026-01-13 22:05:47.226360,user_0426,barrettamber@oksbi,allendawn@okhdfcbank,1100.08,6,16591c89-21eb-4aa9-9a2b-d69c450f69ee,Chennai,1021.31,0,0,5.91,none,0
T0010835,2026-01-06 04:20:18.826042,user_0577,alison83@ybl,brucerobinson@okhdfcbank,1563.67,8,edcabf94-65f6-4a53-9226-a8b3b674410d,Jaipur,1294.02,0,0,15.26,none,0
T0017878,2026-01-09 22:49:41.616431,user_0087,qwilliams@paytm,johnnyrobinson@ibl,1170.98,20,01bb819c-4dfe-4117-a2af-711f1b628a9d,Delhi,816.63,0,0,149.22,none,0
T0040039,2026-01-22 15:49:31.094347,user_0619,james44@ybl,nyoung@ybl,459.15,19,e2acf72f-9e57-4f7a-a0ee-89aed453dd32,Mumbai,552.09,0,0,1267.61,none,0
T0051086,2026-01-28 09:17:52.139155,user_0599,clarkgina@ybl,tlewis@paytm,1383.25,17,76876c62-4c61-445e-ba7e-5d9405d1fb63,Lucknow,1113.45,0,0,300.18,none,0
T0025621,2026-01-13 04:36:06.662193,user_0147,kari89@paytm,mburton@oksbi,320.99,14,6e417d47-5ff5-45ea-9bc4-40f14b1a269b,Kolkata,500.25,0,0,149.44,none,0
T0059106,2026-02-04 16:36:00.497232,user_0536,michelle36@okhdfcbank,barbarasmith@okhdfcbank,281.9,16,bed63da0-8033-45c2-9413-d64db962c8a7,Mumbai,249.99,0,0,1436.02,none,0
T0055155,2026-02-05 06:56:02.337979,user_0512,robertberry@okhdfcbank,xallen@paytm,266.05,21,eec259dc-7f95-497c-a76a-a6ced50755d9,Hyderabad,1110.9,0,0,365.49,none,0
T0052459,2026-01-18 23:10:05.029589,user_0489,mistywilkins@paytm,gregorypatel@paytm,299.38,14,929d6377-1cfb-455f-82c4-2e488cbadae5,Chennai,470.23,0,0,60.37,none,0
T0045949,2026-01-22 18:44:20.539744,user_0794,kjimenez@paytm,kristinanderson@okhdfcbank,444.88,18,34885a46-9088-4eaf-8977-6598203c8c25,Bengaluru,397.25,0,0,1104.37,none,0
T0022317,2026-01-15 09:01:52.532719,user_0572,tammycurry@paytm,justin76@okhdfcbank,1216.88,22,22bf18f5-1f65-4a87-b33e-e3447dbf4bc1,Delhi,1058.21,0,0,881.02,none,0
T0026758,2026-01-15 08:00:07.337553,user_0629,tjensen@okhdfcbank,kirsten11@ibl,498.77,21,58c1aad6-f3f8-4ea4-bf14-eafa29f0ef7c,Chennai,912.08,0,0,295.36,none,0
T0009288,2026-01-07 07:30:40.258637,user_0677,kjacobs@oksbi,wjones@okhdfcbank,276.78,17,5f987c71-a65e-488e-abf3-ad39fec21bbe,Jaipur,237.82,0,1,1105.31,none,0
T0002401,2026-01-04 06:41:44.711565,user_0111,amy51@oksbi,stephaniebest@ybl,1261.35,9,ef0a573d-53d2-456d-9040-158728e213bc,Kolkata,998.14,0,0,3703.83,none,0
T0010323,2026-01-05 05:20:14.271238,user_0330,ivan63@oksbi,randy26@ibl,632.18,18,b390b059-207b-4e21-a7e8-d18eddf6d4ac,Lucknow,726.22,0,0,146.12,none,0
T0009766,2026-01-05 16:43:32.217382,user_0023,jessica82@paytm,rweber@paytm,716.3,9,1e38f711-e2ec-43f4-bba1-aed944cdbfdd,Pune,823.58,0,0,1551.42,none,0
T0008755,2026-01-06 21:17:35.004601,user_0562,fjimenez@oksbi,wwilliams@paytm,465.06,23,9191b363-4e2d-4645-adc7-cac7fd72b050,Bengaluru,692.33,0,0,1819.29,none,0
T0052423,2026-01-17 11:04:39.898478,user_0236,jerryrobertson@ibl,yross@ibl,682.6,9,d61169a1-ff46-46bf-894d-916deb6d2fed,Chennai,741.22,0,0,363.97,none,0
T0057856,2026-02-03 04:44:39.461178,user_0308,justinross@okhdfcbank,acevedodavid@okhdfcbank,1231.4,19,5cec4eb5-edd9-4831-9ca3-5cfb04fc6d82,Chennai,1103.8,0,0,545.82,none,0
T0034392,2026-01-13 18:33:19.815670,user_0486,scottglass@okhdfcbank,jamie52@okhdfcbank,825.23,16,0d31812e-30c3-4756-9453-f867b97e6224,Ahmedabad,1538.46,0,0,209.4,none,0
T0051137,2026-01-29 00:55:18.610807,user_0799,washingtondarren@ibl,maddenjill@ibl,1355.95,11,e08596db-1d87-4966-8710-d430f071d879,Chennai,1319.75,0,0,39.01,none,0
T0039425,2026-01-20 06:14:59.500698,user_0026,nathan94@ybl,ethan16@okhdfcbank,955.61,16,4baf0f5e-a932-4094-93f2-8f11147f6570,Kolkata,658.71,0,0,707.76,none,0
T0010217,2026-01-09 06:50:50.381797,user_0018,ldoyle@ybl,scott50@paytm,1013.25,13,bd5ff093-c16f-4bcc-a243-bed754ec3f33,Mumbai,709.72,0,0,115.23,none,0
T0048452,2026-01-18 20:28:58.363273,user_0371,lindaramos@ybl,wramirez@ibl,181.65,18,0e165b12-9bdc-40d1-9cbf-7b8c74102d5d,Bengaluru,202.73,0,1,267.62,none,0
T0031512,2026-01-19 20:56:40.039924,user_0504,williamssandra@ibl,ryoung@paytm,444.97,9,0426fcc9-255b-40e2-bdc2-b74b38a56b49,Lucknow,478.39,0,0,509.32,none,0
T0057294,2026-01-31 18:59:55.513609,user_0728,millercassandra@oksbi,monique02@oksbi,868.28,17,cf89569d-e550-4736-8780-6e713811b519,Delhi,938.13,0,0,565.36,none,0
T0046581,2026-01-25 17:54:36.341695,user_0160,baileynicole@okhdfcbank,grantjohnson@okhdfcbank,1945.11,12,3f8c1097-c4da-4c2e-9bff-a27915c1604f,Lucknow,1772.26,0,0,942.27,none,0
T0046568,2026-01-21 14:16:08.086149,user_0021,william28@paytm,bethcross@ibl,270.57,15,a981b098-b2cf-452d-a7f3-33b3f7baf55e,Bengaluru,264.07,0,0,517.92,none,0
T0039653,2026-01-16 19:39:46.701965,user_0624,georgecollins@okhdfcbank,stacy62@okhdfcbank,972.9,12,76f2dbfe-cd29-436f-a222-82e174daaebf,Kolkata,680.37,0,1,101.57,none,0
T0016542,2026-01-15 22:46:13.699942,user_0518,dianacunningham@oksbi,hansenshane@ybl,791.4,11,c777a07f-6346-44ef-a9ef-74e34ab6821c,Jaipur,740.94,0,0,141.3,none,0
T0007239,2026-01-05 18:55:06.167943,user_0203,nhayes@paytm,lopeztanya@oksbi,316.36,19,453b45fe-636c-4499-9254-aad3809cd839,Chennai,221.99,0,0,566.74,none,0
T0008806,2026-01-05 13:08:14.901374,user_0612,kimberly21@oksbi,brett93@okhdfcbank,747.65,20,7eece88d-a002-452a-b88c-ddde3f2086c2,Bengaluru,692.73,0,0,1432.87,none,0
T0051620,2026-01-26 21:51:21.067513,user_0012,michelle44@ibl,taylorrodney@paytm,1795.54,19,16de66c9-6210-4ef6-ba9c-43081221cddf,Jaipur,1796.07,0,0,583.22,none,0
T0018588,2026-01-08 01:56:18.227180,user_0497,marshallsierra@oksbi,qperez@ibl,710.0,8,33261887-9058-41df-ae9b-f3e11d27c09a,Pune,629.4,0,0,1258.58,none,0
T0008913,2026-01-04 09:05:11.914656,user_0168,willie87@paytm,usmith@oksbi,801.45,13,5cd8fe1a-dafe-48a9-bc71-e0bef3579560,Chennai,641.32,0,0,698.43,none,0
T0001106,2026-01-01 14:03:28.550330,user_0381,oclayton@paytm,adavis@oksbi,401.44,4,9c1c3517-85d2-40a6-8629-5b5d707df251,Delhi,473.58,0,0,843.48,none,0
T0008456,2026-01-05 13:53:07.661476,user_0647,gilbertcaldwell@okhdfcbank,kellyrichardson@oksbi,1309.81,8,9a069295-3b8d-4447-8e61-065f171b1b80,Lucknow,979.37,0,1,88.27,none,0
T0032020,2026-01-27 05:39:26.943956,user_0437,dowen@okhdfcbank,michelle63@ibl,282.1,12,cb35097a-e5dd-48f1-88a7-38ab0df83e12,Pune,415.49,0,0,246.2,none,0
T0057165,2026-02-04 03:01:38.826070,user_0449,umahoney@ybl,wlewis@ibl,999.02,6,a9ba5a27-907b-4e36-9786-48f864de82e6,Ahmedabad,983.01,0,0,1611.79,none,0
T0026561,2026-01-20 15:00:02.639044,user_0287,daniellegonzales@paytm,edwinlewis@ybl,727.09,23,143029a9-d88f-4c94-88b7-63d5e519dd7e,Jaipur,757.42,0,0,124.9,none,0
T0014431,2026-01-09 01:14:21.166001,user_0074,ronald11@ibl,xmathews@ybl,781.03,7,aaf407f7-0fe7-4149-bc7e-5368b1594847,Chennai,1735.12,0,1,162.83,none,0
T0013829,2026-01-05 11:47:37.886115,user_0656,rgonzalez@ibl,tcarter@ibl,381.08,21,cf0df860-ebc9-4914-9176-a9d19a3624d6,Kolkata,438.15,0,0,237.54,none,0
T0032456,2026-01-13 04:35:21.315111,user_0163,wilsonmichael@oksbi,thomasprice@okhdfcbank,1010.94,9,b8beff3d-cb9f-4f6d-af3a-6f27ef06fccb,Ahmedabad,984.9,0,0,347.98,none,0
T0025670,2026-01-08 19:03:48.090832,user_0578,cherylrodriguez@oksbi,velezlaura@okhdfcbank,1416.09,9,8603156a-15ea-4bcf-ab10-21ceaa143cd8,Bengaluru,1101.4,0,0,2056.79,none,0
T0002350,2026-01-06 17:00:44.547859,user_0106,velasquezmegan@ibl,robertsmith@ybl,855.9,7,96792482-a3c9-48e4-8d22-38e6c7bf4fbc,Jaipur,723.4,0,0,3021.72,none,0
T0008577,2026-01-07 03:17:16.870358,user_0383,justin84@ibl,lmaldonado@ibl,2697.61,4,f510ab53-c7fe-439f-9190-f938a66fd7f7,Kolkata,1833.96,0,0,1231.0,none,0
T0030132,2026-01-14 22:39:31.142212,user_0520,whitemary@oksbi,sweeneydaniel@okhdfcbank,1134.74,17,2303f6c6-d69d-42f1-ae4c-84ffa8c01f05,Jaipur,2573.89,0,0,426.66,none,0
T0052750,2026-01-31 05:14:48.480908,user_0018,ldoyle@ybl,louis53@ybl,730.35,21,bd5ff093-c16f-4bcc-a243-bed754ec3f33,Mumbai,709.72,0,0,125.8,none,0
T0041921,2026-01-22 06:24:03.394669,user_0569,mark10@okhdfcbank,zlittle@ibl,290.86,11,fe7c80e9-a179-4e93-bfc8-25ac869bc00f,Hyderabad,321.67,0,0,1179.1,none,0
T0049368,2026-01-24 09:37:56.315107,user_0527,jerryjohnson@oksbi,bmurray@paytm,1147.24,7,2f8c83e5-6e8d-4644-a01b-fbcbf0eebcce,Bengaluru,787.72,0,0,468.05,none,0
T0001360,2026-01-01 01:14:59.948715,user_0644,terrireyes@oksbi,cookconnor@okhdfcbank,738.25,13,8e4c3ab5-6d5d-4477-adc2-9178a0411612,Chennai,684.09,0,0,75.0,none,0
T0011699,2026-01-06 12:17:08.314607,user_0342,colematthew@ibl,heather27@okhdfcbank,1899.8,11,97867b12-1328-4726-a4f4-34d6d1e91691,Mumbai,1408.8,0,0,194.15,none,0
T0003698,2026-01-01 20:28:02.710121,user_0576,thomas14@paytm,nicole92@oksbi,631.84,16,f387e1bd-2d59-42c6-934a-5a2fa7cf705c,Hyderabad,435.29,0,0,419.75,none,0
T0022815,2026-01-09 09:49:20.887137,user_0597,steven60@paytm,nhernandez@ibl,1112.72,17,8fca7b6a-8fc4-4092-b4e5-59e596229348,Bengaluru,1443.24,0,0,974.63,none,0
T0021011,2026-01-15 02:14:42.550871,user_0621,ericwilson@okhdfcbank,kelly46@oksbi,1981.51,12,ac93281a-92eb-4ab0-a4ee-c67c1a57f9e4,Lucknow,2466.93,0,0,1135.08,none,0
T0050757,2026-01-24 15:11:12.498121,user_0118,bartonshannon@ibl,sullivanmitchell@ibl,894.48,15,86e52753-7c93-46cc-97d7-a560adb14670,Delhi,833.45,0,0,524.91,none,0
T0051286,2026-01-24 12:35:30.958041,user_0127,vmorrison@ibl,david12@ibl,1155.01,8,f1043785-658b-4523-a014-1de9f54ad0a2,Mumbai,1018.74,0,0,822.59,none,0
T0009831,2026-01-09 02:11:07.887972,user_0629,tjensen@okhdfcbank,matthewbrown@oksbi,1319.76,16,58c1aad6-f3f8-4ea4-bf14-eafa29f0ef7c,Chennai,912.08,0,0,135.99,none,0
T0055026,2026-01-28 17:16:54.740833,user_0540,richjohn@oksbi,jacquelinefoster@oksbi,349.32,9,6a36af18-06d3-4b93-ae33-688d597e6845,Lucknow,419.4,0,0,535.37,none,0
T0000752,2026-01-02 06:45:08.674234,user_0303,susan77@paytm,catherine24@paytm,1241.6,12,0d557b61-8a17-4dfe-bfc0-0dc804f64d86,Chennai,1184.83,0,0,1207.85,none,0
T0033563,2026-01-24 08:38:17.914716,user_0110,aaronkelly@oksbi,bjackson@oksbi,281.17,16,0426fcc9-255b-40e2-bdc2-b74b38a56b49,Mumbai,302.48,0,0,585.04,none,0
T0033239,2026-01-23 20:15:15.866919,user_0110,aaronkelly@oksbi,njones@ibl,380.93,15,0426fcc9-255b-40e2-bdc2-b74b38a56b49,Mumbai,302.48,0,0,506.74,none,0
T0001949,2026-01-01 23:19:27.604798,user_0063,chelseastrickland@oksbi,kristy74@ibl,1429.34,14,1d0bc9bd-e9b5-45cf-9766-5cdafe049059,Kolkata,947.84,0,0,182.8,none,0
T0023196,2026-01-10 21:38:18.283995,user_0412,sarah00@ibl,ggalloway@ybl,884.77,10,56fcb6e3-89b0-4cfe-ac70-a0033ac527dd,Mumbai,888.58,1,1,1.85,mule_burst,1
T0012374,2026-01-09 05:05:00.694554,user_0783,robert72@oksbi,samuel37@okhdfcbank,804.19,15,2812859a-1337-439e-8d4f-5d272c7f0b79,Mumbai,983.52,0,1,528.31,none,0
T0009845,2026-01-08 13:11:04.400594,user_0107,ann99@paytm,jeffrey32@paytm,1076.18,12,a748dbcf-ac61-4e63-8dde-29a6baa4b71a,Bengaluru,1784.21,0,0,2330.82,none,0
T0001165,2026-01-01 23:55:37.201966,user_0279,craigromero@okhdfcbank,jbrooks@ibl,700.96,9,9d264599-c4dd-4df5-9aec-56a857311609,Hyderabad,652.77,0,0,282.79,none,0
T0011454,2026-01-13 13:30:17.895780,user_0695,mitchellchristopher@ibl,lconner@okhdfcbank,361.74,23,9b792afa-2a3d-418d-a754-a29ff143e545,Delhi,468.23,0,1,91.17,none,0
T0046188,2026-01-24 05:23:28.423838,user_0779,andersonkylie@ibl,thoffman@ibl,3065.47,3,9c678393-2ced-4c0d-b173-04b5c1dd484a,Kolkata,2566.44,0,0,683.65,none,0
T0001946,2026-01-01 14:22:56.008762,user_0695,mitchellchristopher@ibl,hyates@paytm,811.15,16,9b792afa-2a3d-418d-a754-a29ff143e545,Kolkata,468.23,0,0,7.29,none,0
T0025795,2026-01-15 17:15:02.822239,user_0198,enewman@ybl,shane94@ibl,971.0,17,439e754c-6930-46ea-a0bd-a1ee5807cf74,Hyderabad,851.34,0,0,407.0,none,0
T0012956,2026-01-09 21:26:58.350253,user_0590,parkerwilliam@paytm,christina19@ybl,1042.03,16,67c0518b-17ef-4621-881c-79d4c27437eb,Pune,780.59,0,0,1854.99,none,0
T0052565,2026-01-24 00:59:19.731784,user_0563,franklintrevor@ybl,tcantu@okhdfcbank,623.26,18,73e7f042-516c-4b0a-9385-3918bc4015fa,Jaipur,714.81,0,0,654.83,none,0
T0033363,2026-01-23 07:30:08.513994,user_0414,tonystewart@ybl,simmonskevin@okhdfcbank,573.25,15,52961fb3-4d40-4b28-9628-ddcd19dd3e8c,Lucknow,808.85,0,0,2201.85,none,0
T0055989,2026-02-01 04:03:00.312144,user_0725,austinharvey@ybl,dwilson@oksbi,235.43,11,43bfd931-3605-4f54-a021-c0ca3531968d,Pune,238.44,0,0,167.18,none,0
T0053431,2026-01-19 02:12:23.435307,user_0295,calhounandrea@oksbi,tammy16@okhdfcbank,604.82,16,2a25a888-0f02-4ad0-a706-7ef466aa9385,Lucknow,495.43,0,1,400.15,none,0
T0057822,2026-02-03 10:11:33.891554,user_0257,thompsonrachel@ybl,andrewgarcia@okhdfcbank,159.89,17,73b0d676-3527-45c8-8534-ca08f6f24d1c,Mumbai,117.55,0,0,793.42,none,0
T0053335,2026-01-28 18:21:10.959583,user_0718,destiny67@okhdfcbank,jennifer83@ibl,1152.77,19,75f8e3a8-7d97-4c0f-bd56-09c4a4461663,Lucknow,1559.81,0,0,718.66,none,0
T0006873,2026-01-04 20:07:10.447839,user_0581,sara99@okhdfcbank,christopher56@okhdfcbank,2073.78,6,b5cbe3f5-6a66-4184-bde1-bf5daf4847f0,Mumbai,2074.96,0,0,191.01,none,0
T0009492,2026-01-08 02:56:57.319315,user_0723,foxgina@paytm,susanwarner@ibl,1334.04,7,09cb3942-43f5-4a85-bbc9-f87af668a617,Chennai,1342.79,0,0,49.3,none,0
T0056237,2026-01-30 17:06:44.341909,user_0517,russellstout@paytm,bpope@oksbi,939.21,9,f6e39356-a814-4562-9a00-3f16b9469bcf,Ahmedabad,820.3,0,0,1606.88,none,0
T0024570,2026-01-13 07:05:26.843058,user_0680,arthur09@paytm,vaughngloria@okhdfcbank,1782.31,14,844e250b-e684-490c-923b-78208089b8c5,Hyderabad,1698.35,0,0,142.26,none,0
T0015164,2026-01-11 05:16:54.940756,user_0374,mauriceharrison@ybl,jscott@oksbi,1554.76,6,0f1259e0-a18f-46b6-b535-106e122c9a56,Jaipur,1484.05,0,0,2276.15,none,0
T0041325,2026-01-23 19:32:50.124621,user_0190,susan08@oksbi,ycoleman@ibl,1683.59,15,ae62990c-19bd-4f93-b8ef-7666b7a4c719,Chennai,1511.37,0,0,203.07,none,0
T0032733,2026-01-16 17:09:19.197135,user_0716,stephanie69@ybl,martincastaneda@paytm,1831.44,14,9be71737-06b8-4231-8e86-7f3ca487eeab,Chennai,1580.38,0,0,1394.65,none,0
T0035604,2026-01-21 12:23:27.289523,user_0777,xjackson@paytm,lopezsandra@oksbi,1339.95,11,e1fdc6d1-6978-4221-bfb7-5c574b8c031f,Mumbai,1131.6,0,0,484.7,none,0
T0006062,2026-01-03 17:31:20.418523,user_0201,michael31@paytm,wongjacqueline@okhdfcbank,671.37,14,9a1de644-815e-46d1-bb8f-aa1837f8a88b,Mumbai,843.82,0,0,470.19,none,0
T0023015,2026-01-17 08:33:00.464418,user_0649,gnguyen@okhdfcbank,pmay@ybl,352.22,17,8f158449-4f40-422f-95b0-2530f020e992,Delhi,262.44,0,0,719.4,none,0
T0038306,2026-01-19 14:10:20.872525,user_0078,ian66@oksbi,michelle33@okhdfcbank,216.86,20,98dc9e0b-51a1-45df-86ac-10102e0869c1,Delhi,193.73,0,0,95.57,none,0
T0036320,2026-01-14 05:49:14.533467,user_0365,johnsonmichael@oksbi,alec81@paytm,498.04,11,e1721c83-ef5e-4376-a723-fb72682b163a,Mumbai,519.63,0,0,147.2,none,0
T0031155,2026-01-22 12:02:11.683044,user_0102,garciarobert@okhdfcbank,bjones@oksbi,427.82,14,81f76d1c-2dbc-4134-830f-f46e8026695f,Kolkata,597.81,0,0,1019.6,none,0
T0054350,2026-02-01 23:52:05.911241,user_0702,laurenatkins@oksbi,toni75@okhdfcbank,344.3,10,271e3ee2-b1a6-41f1-a20e-99d33b33f3d8,Lucknow,317.95,0,0,665.16,none,0
T0024590,2026-01-10 22:32:53.841836,user_0766,sanchezdeborah@paytm,mdennis@ybl,1236.42,11,965befdf-6b4b-4411-8a4a-0e2df22b5b98,Kolkata,940.15,0,0,855.81,none,0
T0003493,2026-01-04 09:34:33.965505,user_0142,williamrobles@paytm,millerjuan@oksbi,794.54,14,5fb8d16c-2720-497d-b2eb-d6899be578c7,Chennai,817.66,0,0,1350.65,none,0
T0025113,2026-01-10 09:49:28.372259,user_0561,deanjohnny@ibl,srush@paytm,371.75,7,af70de70-2b69-495e-8567-1b58926bffa5,Mumbai,331.62,0,0,246.36,none,0
T0000486,2026-01-02 01:03:39.673649,user_0396,danielshunter@ibl,robinsmith@paytm,349.62,8,517400f8-0b2c-482a-a928-8e92c68a152f,Jaipur,547.1,0,0,960.56,none,0
T0028361,2026-01-24 15:07:04.781121,user_0046,gary04@ybl,erica92@paytm,443.7,16,98af5cca-6b11-47cb-a372-542482c56b21,Jaipur,762.64,0,0,24.6,none,0
T0055743,2026-01-22 04:57:06.758142,user_0560,roachsusan@ibl,larsenantonio@paytm,1076.55,4,3c9ad14c-ee0c-4eb5-acfe-db992790cebd,Jaipur,961.39,0,0,94.86,none,0
T0011233,2026-01-05 05:58:20.094167,user_0343,michael84@ybl,millerderek@okhdfcbank,513.03,15,310c0c00-3fa7-4104-9bf9-0e27dc96925e,Ahmedabad,486.46,0,1,327.28,none,0
T0002416,2026-01-02 07:14:21.885675,user_0632,tdavis@paytm,hughesdaniel@ibl,1112.29,12,e8334da5-de95-4695-b579-c1437ab99428,Delhi,1468.29,0,0,925.58,none,0
T0041504,2026-01-25 02:48:06.122846,user_0201,michael31@paytm,tpatel@oksbi,531.04,12,9a1de644-815e-46d1-bb8f-aa1837f8a88b,Mumbai,843.82,0,0,1165.87,none,0
T0029770,2026-01-20 11:17:13.334596,user_0335,angelachase@oksbi,stephanieevans@ibl,1697.6,14,1a432f0a-7daa-49f0-80b6-fce2de53790a,Ahmedabad,1498.89,0,0,988.18,none,0
T0032620,2026-01-18 01:52:50.767375,user_0688,harrisonwilliam@okhdfcbank,jmartinez@ybl,1877.92,15,5f90bed6-fb25-464d-a30a-a767a2bb522b,Bengaluru,1590.87,0,0,1525.67,none,0
T0059371,2026-01-30 11:36:11.103487,user_0712,hbaker@paytm,jesse55@ybl,377.16,15,8861fe18-58e2-4888-8a83-81bec85aca46,Hyderabad,756.69,0,0,180.73,none,0
T0018054,2026-01-05 20:58:58.721691,user_0772,lisa65@ibl,englishandrea@paytm,243.19,17,51beb80e-b7e6-414c-9c8a-49225005680f,Hyderabad,356.19,0,0,250.09,none,0
T0023312,2026-01-09 23:12:41.204202,user_0593,collierjames@paytm,anthony72@paytm,629.93,22,6c521d13-b719-4b68-a775-ee42a89e22f2,Delhi,496.98,0,0,365.2,none,0
T0041544,2026-01-20 22:35:53.719374,user_0495,scottbrian@ibl,joseph75@ybl,943.82,12,1519830c-4019-4303-9c45-7e4da79313b8,Ahmedabad,875.45,0,0,1775.56,none,0
T0021516,2026-01-04 21:23:06.854645,user_0350,robert99@okhdfcbank,shelbysmith@paytm,186.69,7,24933b83-7577-40a9-a491-f0b2ea1fca65,Hyderabad,155.41,0,0,723.32,none,0
T0004091,2026-01-02 13:00:54.315738,user_0723,foxgina@paytm,katherine96@oksbi,1485.01,8,09cb3942-43f5-4a85-bbc9-f87af668a617,Chennai,1342.79,0,0,24.98,none,0
T0001238,2026-01-01 05:08:42.626247,user_0450,megan66@paytm,alisongarcia@ybl,809.53,14,9a069295-3b8d-4447-8e61-065f171b1b80,Hyderabad,964.04,0,1,34.53,none,0
T0043239,2026-01-29 19:42:12.332914,user_0213,lunapatricia@oksbi,gsoto@oksbi,1170.49,11,66d71d97-b193-48b8-ae49-c0799bd0d4c7,Lucknow,946.37,0,0,17.08,none,0
T0040393,2026-01-24 19:11:47.120533,user_0124,william66@okhdfcbank,tjones@ybl,850.58,18,b63b4dc3-a559-4463-b9e1-3ceab0cbc61f,Ahmedabad,1446.93,0,0,242.78,none,0
T0027521,2026-01-13 21:56:49.840497,user_0388,brandonnichols@oksbi,parrishthomas@oksbi,1429.01,7,f5d8fb91-ee60-41ac-add0-622e266bf2ea,Jaipur,1325.98,0,0,315.24,none,0
T0015138,2026-01-13 03:19:17.250368,user_0746,zmendoza@paytm,fullerraymond@paytm,616.32,6,b253d218-6c4a-47ea-8906-17f2747b6dba,Pune,750.52,0,0,780.86,none,0
T0028908,2026-01-16 03:02:53.680734,user_0103,petersenlatoya@oksbi,bridgetflynn@ybl,611.45,11,0123a348-638a-4df6-adf7-2cd3979aa051,Jaipur,398.27,0,1,517.07,none,0
T0058817,2026-01-28 19:07:51.391981,user_0086,arodriguez@oksbi,tonya88@paytm,156.22,15,f0f7ad22-c76a-4e0f-88f0-91f09b8b38ae,Hyderabad,183.43,0,1,516.98,none,0
T0040078,2026-01-25 18:21:42.327683,user_0192,fmedina@paytm,kristinnavarro@oksbi,645.98,19,24108e9a-3f77-4cae-b318-b96d44790612,Mumbai,710.36,0,0,417.65,none,0
T0007459,2026-01-03 02:21:09.977543,user_0056,valdezandrew@ybl,tporter@ibl,229.34,8,86341718-2ba6-4db3-bafe-b1149561c813,Jaipur,415.87,0,0,275.54,none,0
T0014794,2026-01-06 23:33:58.312360,user_0779,andersonkylie@ibl,joseph05@ybl,2463.91,10,9c678393-2ced-4c0d-b173-04b5c1dd484a,Kolkata,2566.44,0,0,127.56,none,0
T0019192,2026-01-12 20:45:19.457115,user_0556,rhondacunningham@ybl,orobinson@oksbi,173.8,11,fa8dae42-ba54-4920-a099-d18087623997,Bengaluru,139.54,0,0,956.16,none,0
T0054649,2026-02-06 02:19:26.912459,user_0546,vaughnrebecca@paytm,alyssa98@oksbi,551.69,18,94a1875d-2db6-4edb-82de-ffccf86c2ca2,Kolkata,981.44,0,0,742.59,none,0
T0014022,2026-01-07 07:35:47.086239,user_0336,dustinhaley@ibl,robert10@okhdfcbank,856.9,15,ec4e8cbb-a2aa-478c-a59e-0258814ff657,Chennai,1099.73,0,0,1662.74,none,0
T0039650,2026-01-28 16:06:07.058668,user_0765,ruizsamantha@paytm,andersonjean@paytm,387.84,11,899ca782-e323-4d1a-bc1b-dacc18e19331,Chennai,472.5,0,0,154.53,none,0
T0025516,2026-01-16 09:22:03.858190,user_0071,dawn74@ybl,hrodriguez@oksbi,920.92,12,98eeac2b-fe9f-4caa-a182-f347533f5a72,Kolkata,884.82,0,0,164.44,none,0
T0028925,2026-01-16 05:18:21.182206,user_0611,matthewwebb@ibl,barnesmonica@oksbi,2217.3,7,7e7838c9-ca55-438b-bc9a-be10238d6f44,Pune,1513.73,0,0,293.47,none,0
T0009511,2026-01-07 09:01:51.363107,user_0481,kmorris@paytm,cnichols@ibl,1083.27,18,5f65c8ce-bd21-4c11-be9d-61ee18b87245,Ahmedabad,806.37,0,0,622.6,none,0
T0007491,2026-01-03 19:37:23.597376,user_0415,linda73@oksbi,michaeldunn@paytm,357.72,14,972a8469-1641-4f82-8b9d-2434e465e150,Chennai,626.1,0,0,636.85,none,0
T0024962,2026-01-13 19:28:12.076434,user_0302,wcarrillo@ybl,wbeck@paytm,750.55,15,0e51f30d-c6a7-4e39-84b0-32ccd7c524a5,Bengaluru,769.29,0,0,761.96,none,0
T0005507,2026-01-02 12:07:23.065236,user_0443,hlopez@okhdfcbank,wilsonkimberly@paytm,3.61,3,45a8e9ac-9a04-4d5b-9153-e6a03f34bdb6,Pune,190.13,1,0,252.94,probing,1
T0013819,2026-01-06 13:21:17.746896,user_0123,dalesandoval@paytm,julia89@oksbi,426.61,17,52961fb3-4d40-4b28-9628-ddcd19dd3e8c,Kolkata,283.49,0,1,179.94,none,0
T0020447,2026-01-10 23:31:18.187932,user_0782,saramann@oksbi,stacycooper@paytm,1987.45,14,73253aa3-ec17-4298-943d-f5b3a58e83dd,Hyderabad,1891.83,0,0,358.59,none,0
T0031245,2026-01-21 07:28:22.137846,user_0756,tom73@oksbi,woconnell@ibl,608.83,22,548e1f6b-69ce-4e4e-99a6-92c90d700ea4,Hyderabad,718.24,0,0,297.05,none,0
T0021405,2026-01-13 12:04:32.443719,user_0627,reyeschristopher@paytm,flin@ibl,260.65,19,9ca3fbb3-ff11-48ba-b6ee-1640723ef466,Kolkata,675.85,0,0,412.66,none,0
T0014515,2026-01-09 11:49:44.811893,user_0128,megan85@paytm,davewilliams@okhdfcbank,757.86,13,0aeccec7-204d-49da-b156-7f2acef74829,Jaipur,1019.57,0,0,891.82,none,0
T0001170,2026-01-01 03:46:42.902558,user_0286,jennifer90@ybl,vgarcia@paytm,799.06,17,c51155ff-e7a3-4e81-a3b4-c08b6b8e869f,Chennai,1283.45,0,0,69.57,none,0
T0022707,2026-01-13 23:06:33.302297,user_0364,davidroberson@paytm,mccartykimberly@ibl,1008.51,10,4e7ed827-455a-4762-b428-a656b3ee4d3b,Pune,638.36,0,0,747.57,none,0
T0022972,2026-01-18 18:40:59.092178,user_0621,ericwilson@okhdfcbank,jasminhernandez@paytm,2228.73,16,e0527739-4d40-4f1b-bca5-be2952171bf3,Lucknow,2466.93,0,0,915.91,none,0
T0038762,2026-01-18 05:11:47.006425,user_0639,cassandra28@paytm,elamb@okhdfcbank,582.2,8,2a9528c3-5ae1-4bad-aa29-60fda85894df,Lucknow,687.35,0,0,341.36,none,0
T0031670,2026-01-14 16:25:43.648907,user_0259,davisdonna@okhdfcbank,vgarcia@oksbi,718.02,7,97fa7f04-8363-4007-9cae-9610c72c1fe3,Chennai,924.46,0,0,516.65,none,0
T0027669,2026-01-19 09:37:42.801766,user_0798,buckleygregory@oksbi,denise21@ybl,525.13,21,5c9deee0-b42a-4456-8736-5a84725e134d,Kolkata,436.51,0,1,386.28,none,0
T0036278,2026-01-20 03:38:18.998315,user_0373,smithlisa@okhdfcbank,kathryn46@ibl,2532.33,13,893ad232-98c3-43ca-bff4-cec6e7b7b4c6,Ahmedabad,2199.82,0,0,189.25,none,0
T0038472,2026-01-25 05:24:42.105725,user_0075,smithdevon@ibl,johnsonsarah@oksbi,119.8,11,093923de-8bab-4e3b-a628-6bfbe767dcea,Lucknow,223.16,0,0,478.43,none,0
T0016971,2026-01-10 18:44:14.333326,user_0599,clarkgina@ybl,pittmandonald@paytm,972.02,6,76876c62-4c61-445e-ba7e-5d9405d1fb63,Lucknow,1113.45,0,0,131.42,none,0
T0018770,2026-01-10 18:37:57.684091,user_0672,taylorlinda@paytm,holtmelanie@paytm,1298.22,14,b4323070-a23d-4c2f-82a7-96891933918c,Hyderabad,1312.21,0,0,504.46,none,0
T0024861,2026-01-20 11:21:36.378393,user_0305,oschultz@ibl,victoria57@ybl,1087.09,13,4baf0f5e-a932-4094-93f2-8f11147f6570,Ahmedabad,1056.87,0,0,485.7,none,0
T0008339,2026-01-02 03:05:54.843990,user_0656,rgonzalez@ibl,david06@ybl,405.26,8,cf0df860-ebc9-4914-9176-a9d19a3624d6,Kolkata,438.15,0,0,47.41,none,0
T0010721,2026-01-05 23:52:26.043735,user_0788,robert83@oksbi,gabrielamiller@oksbi,355.77,16,2a9528c3-5ae1-4bad-aa29-60fda85894df,Hyderabad,330.27,0,0,2030.43,none,0
T0003876,2026-01-04 12:05:09.840297,user_0282,morrowthomas@ibl,nperez@paytm,192.96,10,c0398710-8976-4334-a281-7efdae849217,Bengaluru,218.91,0,0,1110.8,none,0
T0039074,2026-01-16 15:09:42.187658,user_0687,chloe58@paytm,jermainebarber@oksbi,574.9,23,d6312a80-1c61-4ec2-9014-2131750565f5,Pune,575.66,0,0,150.83,none,0
T0008745,2026-01-07 00:23:37.177046,user_0188,julierobles@ybl,williamsalan@paytm,453.43,8,9d3616a1-08de-4921-a60c-b547e2280fe3,Jaipur,377.12,0,0,1220.53,none,0
T0056083,2026-01-26 01:02:08.282718,user_0751,diazmelissa@paytm,sabrina45@ybl,677.99,18,1f5df912-54e0-4431-8f13-3b65d450afa2,Mumbai,796.42,0,0,675.44,none,0
T0012993,2026-01-10 17:38:55.451645,user_0269,brooksjamie@ybl,christopher39@oksbi,361.09,22,61a11729-3cb9-4350-9b4d-a0fe7bb38605,Lucknow,416.68,0,0,239.46,none,0
T0047610,2026-01-29 11:02:21.940834,user_0772,lisa65@ibl,josephdavidson@okhdfcbank,299.98,9,51beb80e-b7e6-414c-9c8a-49225005680f,Hyderabad,356.19,0,0,650.83,none,0
T0049413,2026-01-29 01:30:05.733805,user_0616,cookpamela@okhdfcbank,kfisher@ibl,145.35,9,f165d779-0154-4950-976d-e21f1b46ebdc,Ahmedabad,192.63,0,0,65.91,none,0
T0055497,2026-02-01 17:47:46.570860,user_0689,vberry@oksbi,qpope@oksbi,400.71,7,e3c43657-1d8c-4bac-83b4-09ef2260e70f,Ahmedabad,371.65,0,0,605.6,none,0
T0021541,2026-01-08 07:40:28.662421,user_0567,brandonhernandez@oksbi,troy30@ibl,529.6,20,ceae71cf-ce00-4af0-beb0-51817ba24588,Chennai,597.0,0,0,347.73,none,0
T0040667,2026-01-29 18:13:09.373381,user_0505,matthew62@oksbi,gmooney@ibl,771.29,14,2c78644f-d860-45a2-bdd5-b0f8d6d744fd,Jaipur,1134.43,0,0,772.33,none,0
T0052371,2026-01-24 12:27:27.558990,user_0097,tara08@ybl,lucas58@paytm,1045.54,9,01d74256-3860-4ab6-96a4-02f23ae8cc93,Mumbai,992.51,0,0,741.65,none,0
T0049171,2026-01-31 01:58:41.907400,user_0141,juliahoffman@ybl,richard98@paytm,103.48,14,e0527739-4d40-4f1b-bca5-be2952171bf3,Lucknow,122.4,0,0,376.29,none,0
T0057048,2026-02-01 06:58:47.825589,user_0209,wford@paytm,cassandra33@oksbi,851.95,15,cc152a1b-e278-4642-a484-e035330faaa3,Ahmedabad,578.44,0,0,755.84,none,0
T0006172,2026-01-05 02:10:44.391593,user_0471,brentdennis@ibl,sjohnson@paytm,1562.99,20,310c0c00-3fa7-4104-9bf9-0e27dc96925e,Hyderabad,1784.06,0,0,1844.49,none,0
T0049502,2026-01-21 09:38:42.156675,user_0659,sabbott@ybl,juliawatts@paytm,1105.42,17,5958a499-eeea-463e-a1e8-ac6843e42caf,Chennai,1385.91,0,0,758.66,none,0
T0006112,2026-01-04 01:12:32.330171,user_0232,blacknicholas@ibl,juanmartinez@okhdfcbank,2963.62,10,546252e7-f43b-4052-8459-bd6ec0f63229,Ahmedabad,1688.68,0,0,1572.61,none,0
T0020766,2026-01-12 02:24:47.685606,user_0637,erodriguez@ybl,joshuaarroyo@paytm,640.49,15,502cf0ee-224a-46a6-ac0f-680115b24e1d,Hyderabad,1006.79,0,0,217.51,none,0
T0032360,2026-01-12 20:44:58.213550,user_0532,aduran@ybl,kristie45@okhdfcbank,704.84,17,c5285425-c7a9-433c-a2d8-39d333e4f986,Ahmedabad,683.29,0,0,164.24,none,0
T0030425,2026-01-18 05:32:40.120713,user_0438,angela65@ybl,masonwilliam@ybl,633.93,14,f50d7a37-a44d-4fec-bd85-d7fa8ac97b01,Mumbai,698.76,0,0,500.03,none,0
T0014252,2026-01-05 15:52:51.950080,user_0486,scottglass@okhdfcbank,cynthia96@ybl,1718.96,12,0d31812e-30c3-4756-9453-f867b97e6224,Ahmedabad,1538.46,0,0,2.67,none,0
T0007024,2026-01-03 20:07:42.499920,user_0048,ryan25@oksbi,rittersusan@okhdfcbank,476.13,0,ce88cb2d-d4e8-4839-bc3e-058be0f3eab0,Bengaluru,609.54,0,0,1001.63,none,0
T0012324,2026-01-12 06:45:39.069539,user_0275,jwhite@oksbi,farmerwilliam@okhdfcbank,228.23,19,9191b363-4e2d-4645-adc7-cac7fd72b050,Pune,200.41,0,0,2086.87,none,0
T0056088,2026-02-03 22:41:49.640437,user_0686,suttonamber@ybl,ashleycarlson@oksbi,497.13,14,702f31e5-62cc-4604-8c53-644b0053f649,Mumbai,419.05,0,0,1083.5,none,0
T0000548,2026-01-01 08:37:29.710972,user_0701,kimberly37@paytm,hansenkenneth@oksbi,571.54,9,7eccdaf4-c413-4dc2-85c5-ae8abe15ad12,Jaipur,459.14,0,0,517.5,none,0
T0003667,2026-01-04 01:37:14.623598,user_0604,jennifer46@oksbi,wheeleramber@oksbi,871.92,11,9620bee6-6406-4ace-93a5-e8508950ddd6,Kolkata,860.54,0,0,531.94,none,0
T0051196,2026-01-21 13:02:21.767022,user_0220,melaniedrake@oksbi,russellthomas@paytm,4180.46,13,a9e27ba9-952e-4abb-94dd-5061555736f8,Ahmedabad,2607.34,0,0,624.98,none,0
T0013251,2026-01-08 17:59:38.037450,user_0313,moniqueclark@ibl,justindeleon@paytm,318.35,14,67ce378f-e5a4-483b-a383-889adb2c6ac8,Jaipur,460.93,0,0,110.54,none,0
T0041312,2026-01-23 00:17:54.108605,user_0418,ihansen@paytm,kevin46@paytm,746.26,12,9780c215-2b2b-48e9-a417-c09380a8a23d,Jaipur,823.0,0,0,29.06,none,0
T0008173,2026-01-06 19:37:07.709458,user_0082,jarvismegan@ibl,ojames@ibl,461.58,16,9b69554d-7c54-435f-ac8c-3b6aa974d079,Delhi,388.48,0,0,332.35,none,0
T0048083,2026-01-20 11:51:11.766723,user_0442,garciajerry@paytm,rowens@okhdfcbank,634.85,13,4aab47b2-3c9d-428a-a176-1930f6d70248,Hyderabad,1092.08,0,0,834.12,none,0
T0006469,2026-01-05 17:16:48.941125,user_0358,clarkrandy@ibl,ryan01@paytm,1839.11,15,d9b59f84-edc3-41c3-adea-2d2d086c405f,Mumbai,1924.22,0,0,48.08,none,0
T0041270,2026-01-15 09:55:44.513299,user_0195,eugenewalker@ibl,tmorris@okhdfcbank,275.94,23,4aea1b8f-b43c-4e0a-ba9f-c10e52daf681,Mumbai,643.57,0,0,3.22,none,0
T0049613,2026-01-28 07:24:17.311793,user_0146,james73@oksbi,perezallison@okhdfcbank,2059.47,7,668409e3-f1f8-443e-a99f-131849c8a43f,Delhi,1271.12,0,0,608.0,none,0
T0012398,2026-01-07 17:46:36.505364,user_0150,jillwilson@ybl,michellecooper@okhdfcbank,1176.43,11,1a89b71e-a0d5-42c8-a837-fe68bba205ca,Hyderabad,1311.85,0,0,87.92,none,0
T0040956,2026-01-20 16:12:07.059716,user_0581,sara99@okhdfcbank,tanya36@paytm,3216.38,18,b5cbe3f5-6a66-4184-bde1-bf5daf4847f0,Mumbai,2074.96,0,0,431.54,none,0
T0027880,2026-01-14 15:56:00.882706,user_0094,smithsarah@ybl,nicole07@okhdfcbank,623.01,16,9c2e58de-ea4e-4617-93f8-382b8fb864e4,Kolkata,879.75,0,0,129.97,none,0
T0036554,2026-01-21 22:57:07.221052,user_0650,zthompson@paytm,wgreen@oksbi,903.4,14,d65e59dd-e62d-4d06-8f9b-85581a7f195b,Mumbai,574.51,0,0,1186.85,none,0
T0007642,2026-01-02 19:17:31.333549,user_0243,ashleymartin@paytm,smithrobert@ibl,1755.82,12,3c20592f-c04a-46c4-b3b6-3fe1d1843324,Lucknow,1881.32,0,0,200.0,none,0
T0019732,2026-01-10 15:24:37.666433,user_0699,reneestevenson@paytm,obrewer@ybl,1187.53,15,551ac8ea-585a-4afa-bbfd-cc1289e06ab3,Pune,1055.77,0,0,345.14,none,0
T0051490,2026-02-01 09:24:02.165345,user_0391,christophersmith@oksbi,megan81@okhdfcbank,321.35,14,9f8cc29f-fd35-4c5f-9347-9a3b479bc637,Delhi,287.08,0,0,1332.75,none,0
T0013869,2026-01-05 07:07:06.669395,user_0346,tiffanymitchell@okhdfcbank,emma32@okhdfcbank,1170.64,10,e76adca9-7811-4802-88cc-7cfecf01f944,Chennai,1188.96,0,0,733.22,none,0
T0026237,2026-01-09 02:32:08.543673,user_0739,probinson@ibl,patricia64@oksbi,1159.02,20,25637cc3-ca97-4bf5-95d5-96afa663d2cd,Pune,1234.4,0,0,48.1,none,0
T0048115,2026-01-29 20:41:01.243891,user_0373,smithlisa@okhdfcbank,andrew61@ibl,1265.22,7,893ad232-98c3-43ca-bff4-cec6e7b7b4c6,Hyderabad,2199.82,0,1,52.79,none,0
T0032905,2026-01-22 12:19:04.996044,user_0146,james73@oksbi,patrick20@ybl,1650.36,9,dd59ba71-36b8-4481-bb3a-4e3e7c52fa17,Delhi,1271.12,0,0,2.07,mule_burst,1
T0004636,2026-01-02 10:59:01.526865,user_0037,barbaramoore@oksbi,patrickmartin@ybl,748.19,10,709b7d97-464c-44af-bd3f-3799a07295e9,Ahmedabad,569.4,0,0,1066.9,none,0
T0017138,2026-01-09 07:04:26.443787,user_0532,aduran@ybl,laura63@okhdfcbank,640.56,22,c5285425-c7a9-433c-a2d8-39d333e4f986,Ahmedabad,683.29,0,0,460.76,none,0
T0026902,2026-01-14 23:52:25.332688,user_0132,qaguilar@oksbi,stephanie66@ibl,247.18,8,7a5d7c82-86c5-447c-851a-00393803dcee,Ahmedabad,601.7,0,0,237.65,none,0
T0045409,2026-01-16 02:07:10.465204,user_0560,roachsusan@ibl,aknight@ybl,1214.37,15,3c9ad14c-ee0c-4eb5-acfe-db992790cebd,Jaipur,961.39,0,0,86.71,none,0
T0037254,2026-01-23 21:43:44.979288,user_0174,harrismaria@ybl,jasonchavez@ybl,1195.09,12,51b30182-f7fe-404f-a5f3-0779f6ee5cdb,Kolkata,1297.48,0,0,777.71,none,0
T0056215,2026-01-26 08:00:54.028652,user_0795,brownmichael@ibl,steveholland@oksbi,507.3,12,3c9ad14c-ee0c-4eb5-acfe-db992790cebd,Pune,563.53,0,0,1350.76,none,0
T0052569,2026-02-02 12:12:31.263519,user_0701,kimberly37@paytm,ortizabigail@oksbi,585.9,16,7eccdaf4-c413-4dc2-85c5-ae8abe15ad12,Jaipur,459.14,0,0,385.05,none,0
T0017025,2026-01-17 20:27:26.976858,user_0398,paulproctor@ibl,mwalker@okhdfcbank,804.43,6,f2c84743-9027-4770-a460-d0d2904883c1,Pune,1072.24,0,0,3342.26,none,0
T0058053,2026-02-05 21:16:39.816145,user_0264,brianna91@paytm,frobbins@okhdfcbank,376.53,19,a2a9d4d8-102e-4de5-a5cc-8bf738ab854c,Ahmedabad,385.33,0,0,437.65,none,0
T0025014,2026-01-09 19:22:11.588327,user_0172,simsjason@okhdfcbank,lhobbs@ybl,568.96,17,a205e54f-b1e8-409d-bc20-b9f24a9c589e,Lucknow,456.28,0,0,4.74,none,0
T0006584,2026-01-05 03:27:35.588238,user_0282,morrowthomas@ibl,meganpatrick@ibl,163.59,20,c0398710-8976-4334-a281-7efdae849217,Bengaluru,218.91,0,0,675.94,none,0
T0026828,2026-01-12 20:19:56.454356,user_0458,clintonstevens@paytm,ericshelton@ybl,424.8,10,9f8cc29f-fd35-4c5f-9347-9a3b479bc637,Kolkata,516.52,0,0,67.76,none,0
T0014267,2026-01-05 02:36:59.401234,user_0628,mwhite@ybl,lewisjanet@ybl,959.66,11,722dce13-47a4-4c42-8665-34972fe922aa,Ahmedabad,1310.64,0,0,137.54,none,0
T0013109,2026-01-08 05:20:13.435814,user_0080,pmarsh@oksbi,joshua89@ybl,424.14,10,3e2b6091-a092-452a-94a0-57a7b0cc1b3b,Chennai,345.67,0,0,719.69,none,0
T0011083,2026-01-06 08:09:20.909502,user_0732,kayla54@ibl,davidcook@paytm,816.05,19,97777f10-f2d2-493f-8e85-140d0f9aeb70,Bengaluru,864.5,0,0,2142.61,none,0
T0005540,2026-01-02 03:31:42.781124,user_0763,joycehall@ibl,derrick71@okhdfcbank,428.9,16,694d7b00-8d38-4327-883f-13c601b158e9,Chennai,461.07,0,0,54.84,none,0
T0032048,2026-01-13 10:35:10.896816,user_0751,diazmelissa@paytm,kathleenrivera@oksbi,882.37,12,1f5df912-54e0-4431-8f13-3b65d450afa2,Mumbai,796.42,0,0,474.21,none,0
T0014336,2026-01-06 06:18:26.349836,user_0139,james80@oksbi,nelsonjames@ybl,553.24,20,1a2a73ed-562b-4f79-8374-59eef50bea63,Kolkata,740.48,0,0,2034.94,none,0
T0004754,2026-01-02 17:40:22.875700,user_0013,edwardcannon@okhdfcbank,craigbowman@ybl,534.11,16,cf03f0c8-0eff-45bd-87eb-340dc74e48ff,Pune,606.74,0,0,364.71,none,0
T0053382,2026-01-30 14:13:48.344482,user_0648,mwilson@paytm,troach@ibl,2070.89,16,98c7472a-864e-4a13-829c-fc0cfa02eaec,Hyderabad,1538.86,0,1,419.8,none,0
T0016754,2026-01-11 10:51:09.277491,user_0534,carlho@oksbi,ttaylor@oksbi,331.51,21,d2938e6e-ff4d-4930-b3b0-fb536f75ee8a,Ahmedabad,316.14,0,0,1131.15,none,0
T0045266,2026-01-24 07:15:42.537331,user_0593,collierjames@paytm,kpope@paytm,191.62,20,94340a03-3f07-4814-91d6-3f78e3e9de99,Mumbai,496.98,0,1,1769.41,none,0
T0021882,2026-01-15 00:01:42.577298,user_0248,stacey37@paytm,gibsonjessica@oksbi,2034.01,18,71efe72a-ae13-491e-84fa-4c7239e7a4f1,Kolkata,1702.6,0,1,1586.65,none,0
T0038992,2026-01-17 09:17:20.138751,user_0608,kristen31@ybl,keith75@ybl,547.5,12,72f60958-12ef-4101-a082-786fca00ef58,Kolkata,546.47,0,1,304.59,none,0
T0039176,2026-01-29 04:16:59.077723,user_0505,matthew62@oksbi,kathrynkelly@oksbi,1307.96,15,72f60958-12ef-4101-a082-786fca00ef58,Jaipur,1134.43,0,0,276.6,none,0
T0016766,2026-01-11 09:20:49.390468,user_0798,buckleygregory@oksbi,wthompson@ybl,385.66,14,5c9deee0-b42a-4456-8736-5a84725e134d,Kolkata,436.51,0,0,661.96,none,0
T0031406,2026-01-16 16:47:05.734907,user_0612,kimberly21@oksbi,mraymond@ybl,644.92,4,7eece88d-a002-452a-b88c-ddde3f2086c2,Bengaluru,692.73,0,0,952.48,none,0
T0004671,2026-01-01 20:38:48.701880,user_0611,matthewwebb@ibl,daniel48@ibl,1922.26,18,7e7838c9-ca55-438b-bc9a-be10238d6f44,Pune,1513.73,0,0,7.95,none,0
T0016560,2026-01-09 00:45:39.768641,user_0218,stevendixon@paytm,hornshirley@ibl,2510.73,12,5f89ed12-64d6-4fbf-98c0-1e2bf99f0704,Delhi,2561.28,0,0,459.52,none,0
T0007758,2026-01-05 00:20:35.916450,user_0451,charlene98@oksbi,tracy83@paytm,484.67,21,5e717fca-020a-4497-b4ed-51458d9765c7,Mumbai,829.77,0,0,28.03,none,0
T0055895,2026-01-31 14:44:06.794053,user_0587,vgutierrez@oksbi,cassandrahowell@okhdfcbank,2279.49,16,66c14dca-8255-4a61-9a3b-031932f57510,Jaipur,2065.85,0,0,15.53,none,0
T0018865,2026-01-06 12:30:34.337720,user_0744,ortegajoseph@oksbi,dgomez@paytm,946.55,14,40a26c60-0d27-4659-b72a-da9b2f32751e,Delhi,746.35,0,0,164.37,none,0
T0054260,2026-01-29 21:01:51.456846,user_0595,brewertimothy@okhdfcbank,codyknox@paytm,1095.46,21,331f63fb-d11f-48c0-a97c-a4fff75d599f,Chennai,839.42,0,0,764.71,none,0
T0001088,2026-01-02 00:59:14.612817,user_0141,juliahoffman@ybl,josephdavila@paytm,75.63,15,e0527739-4d40-4f1b-bca5-be2952171bf3,Lucknow,122.4,0,0,847.94,none,0
T0058757,2026-01-29 17:38:19.763269,user_0354,cnelson@okhdfcbank,underwooddillon@ybl,657.83,10,bf519362-41a6-4fed-a7ed-c8d8713f8f8c,Pune,774.77,0,1,1160.28,none,0
T0055660,2026-02-03 09:37:17.238984,user_0471,brentdennis@ibl,gayzachary@okhdfcbank,1960.45,13,310c0c00-3fa7-4104-9bf9-0e27dc96925e,Hyderabad,1784.06,0,0,1044.32,none,0
T0057595,2026-02-06 08:31:02.933558,user_0141,juliahoffman@ybl,ereynolds@ybl,110.06,9,e0527739-4d40-4f1b-bca5-be2952171bf3,Lucknow,122.4,0,0,248.29,none,0
T0015419,2026-01-06 18:50:24.868699,user_0751,diazmelissa@paytm,ggamble@oksbi,1080.98,6,1f5df912-54e0-4431-8f13-3b65d450afa2,Mumbai,796.42,0,0,1.58,none,0
T0032230,2026-01-18 01:16:51.560777,user_0730,pauladominguez@ybl,clarkamy@oksbi,301.15,12,42c18a62-ef48-48d5-90fd-9d3f85d51695,Delhi,759.82,0,0,178.36,none,0
T0046973,2026-01-21 03:50:22.066617,user_0535,fcamacho@okhdfcbank,bperez@paytm,1458.85,11,c4615234-8044-4eb2-b66e-dbf4a0ea0251,Pune,1153.44,0,0,195.53,none,0
T0052177,2026-01-30 02:47:07.429277,user_0618,andrew43@ybl,donaldyoung@okhdfcbank,764.55,15,033d2bce-575a-4d2c-a5c5-650c8186a576,Hyderabad,552.34,0,0,336.0,none,0
T0001790,2026-01-01 01:25:11.360296,user_0256,mserrano@ybl,jennifer16@ybl,887.9,20,32a447b2-ef04-457d-8dcc-c33aa9434aa0,Lucknow,688.39,0,0,76.88,none,0
T0044331,2026-01-28 20:08:28.188702,user_0129,jamesweber@ybl,jessica65@paytm,1073.39,10,ef158d5b-2d00-4d05-966d-4627e1dace6a,Lucknow,1340.62,0,1,128.4,none,0
T0059057,2026-01-30 10:54:50.447536,user_0390,jenniferacosta@ibl,rodney76@ybl,951.32,20,292bd156-db94-4570-9ac7-0ec0ab8ddeb4,Delhi,1163.09,0,0,647.31,none,0
T0032926,2026-01-24 14:31:30.708871,user_0798,buckleygregory@oksbi,xmoore@paytm,362.01,8,5c9deee0-b42a-4456-8736-5a84725e134d,Kolkata,436.51,0,0,573.05,none,0
T0039293,2026-01-19 08:44:00.810312,user_0678,pbradford@ybl,yjohnston@okhdfcbank,1064.24,15,6d3ee1dc-8139-4443-a45b-712eb8225688,Jaipur,970.98,0,0,315.78,none,0
T0027642,2026-01-11 18:01:44.428992,user_0532,aduran@ybl,maciasmichelle@ybl,589.79,23,c5285425-c7a9-433c-a2d8-39d333e4f986,Ahmedabad,683.29,0,0,22.05,none,0
T0035285,2026-01-25 10:23:29.300761,user_0546,vaughnrebecca@paytm,utorres@ybl,681.04,14,94a1875d-2db6-4edb-82de-ffccf86c2ca2,Kolkata,981.44,0,0,206.9,none,0
T0041669,2026-01-27 10:12:48.837382,user_0642,amanda69@oksbi,benjamin82@ibl,2067.67,21,ae9bec36-35c7-436c-9b99-62c6e61fecc0,Kolkata,1965.93,0,0,637.52,none,0
T0006323,2026-01-02 05:33:58.411867,user_0550,whitebrittany@ibl,stewartmary@paytm,1830.56,7,ccac2fb5-1a0c-4c04-93cd-129110042d82,Pune,1153.91,0,0,240.35,none,0
T0018836,2026-01-06 22:58:14.965873,user_0670,thomasnicole@ibl,williscandace@ibl,214.44,17,271e3ee2-b1a6-41f1-a20e-99d33b33f3d8,Chennai,325.38,0,0,910.56,none,0
T0059041,2026-01-29 14:21:31.854955,user_0064,michaelortiz@ibl,dana71@paytm,1103.86,21,a84554c3-a3f6-4c61-afb7-0dab2f383b43,Bengaluru,858.71,0,0,1672.16,none,0
T0050621,2026-01-22 11:22:42.914746,user_0301,heather69@oksbi,snyderjeffrey@oksbi,1167.54,11,b02b61c4-a3d7-4628-ace6-6fa2fd5166e6,Hyderabad,1187.78,0,1,181.22,none,0
T0043782,2026-01-31 15:28:46.646772,user_0652,pmurphy@paytm,jenniferjohnson@oksbi,317.61,17,4c6a70f4-8ede-444d-876c-f68c3f1be0d0,Mumbai,631.23,0,0,1188.59,none,0
T0013215,2026-01-08 16:14:29.806334,user_0781,amiller@ybl,pughlisa@oksbi,1564.07,14,fb8fe8c4-d8b4-4ead-9360-8edf382b5b86,Mumbai,1640.13,0,0,577.74,none,0
T0004586,2026-01-05 01:21:55.294632,user_0130,glenda22@ybl,myersbenjamin@paytm,768.84,15,e63658c9-12d0-498d-b18d-4d05e8e22743,Ahmedabad,1112.79,0,0,2126.46,none,0
T0008909,2026-01-07 09:18:41.518693,user_0150,jillwilson@ybl,sandra56@okhdfcbank,1967.99,23,1a89b71e-a0d5-42c8-a837-fe68bba205ca,Hyderabad,1311.85,0,0,3037.46,none,0
T0059723,2026-01-29 10:18:40.398002,user_0708,maykarla@paytm,melissa05@ybl,939.24,16,d25864f2-25d4-40fc-a154-2765d756ba9c,Lucknow,929.09,0,0,132.27,none,0
T0046330,2026-01-27 20:08:31.589877,user_0112,princetravis@paytm,bowmansean@ibl,402.52,11,7b85179a-d5b0-47e0-aa5d-932b45ff2c83,Jaipur,607.8,0,0,187.71,none,0
T0038919,2026-01-16 06:03:15.366121,user_0553,wilsonshannon@paytm,powellmorgan@paytm,843.79,15,7de31a51-6694-4343-90ba-58e3d2762bdc,Ahmedabad,785.03,0,1,509.27,none,0
T0021672,2026-01-13 15:55:43.035666,user_0436,fhebert@okhdfcbank,brianaskinner@ybl,1479.85,13,2fb21e66-7ed1-4aab-89b7-c9bc65a16fa9,Delhi,1503.68,0,0,130.53,none,0
T0057099,2026-01-29 17:28:45.601677,user_0580,ronald54@ybl,stephen39@ibl,985.73,17,b24cc64f-be3e-4e57-b30a-9e32aba4fc03,Lucknow,824.0,0,0,78.54,none,0
T0054361,2026-01-26 09:57:05.754566,user_0634,michellejensen@ibl,vharrison@ibl,358.86,14,13325c31-d010-418a-aadc-9960424211e2,Bengaluru,443.65,0,0,124.0,none,0
T0005259,2026-01-05 18:48:11.465956,user_0781,amiller@ybl,maryflores@ybl,1970.15,12,fb8fe8c4-d8b4-4ead-9360-8edf382b5b86,Mumbai,1640.13,0,0,1944.77,none,0
T0014827,2026-01-07 04:59:58.325578,user_0308,justinross@okhdfcbank,masonsalazar@oksbi,1.79,16,402a5b40-aade-4681-bd3b-e5a0cf2f93d5,Chennai,1103.8,1,1,79.77,probing,1
T0023682,2026-01-17 13:46:12.349345,user_0117,owilliams@paytm,anthonylawrence@ybl,253.1,8,75f8e3a8-7d97-4c0f-bd56-09c4a4461663,Ahmedabad,200.48,0,0,332.46,none,0
T0034376,2026-01-27 18:56:16.794089,user_0760,morganmatthew@ybl,kathy48@ibl,472.7,2,a9e27ba9-952e-4abb-94dd-5061555736f8,Pune,607.2,0,0,861.29,none,0
T0004396,2026-01-03 12:06:59.100771,user_0076,markkline@oksbi,peterlang@ibl,361.65,13,edcb8cb6-0692-4c63-9424-aed51bac5c15,Bengaluru,324.82,0,0,95.85,none,0
T0044536,2026-01-19 11:22:37.315096,user_0290,christinacraig@oksbi,yramsey@ibl,710.35,22,d0e6e660-7c69-4ee1-bb5e-4bcf15ed6269,Kolkata,623.13,0,0,94.81,none,0
T0047463,2026-01-20 16:01:54.479820,user_0485,christina79@ibl,bgarcia@ibl,345.1,18,12a1fe7d-dfa5-4722-8a1f-c9df9a591974,Bengaluru,438.72,0,0,516.95,none,0
T0042036,2026-01-16 05:16:41.526376,user_0632,tdavis@paytm,dingram@oksbi,1565.37,15,e8334da5-de95-4695-b579-c1437ab99428,Delhi,1468.29,0,0,327.76,none,0
T0048382,2026-01-19 06:05:50.079006,user_0233,zacharygomez@ibl,debbiewolfe@okhdfcbank,490.68,5,eec259dc-7f95-497c-a76a-a6ced50755d9,Delhi,659.25,0,0,23.1,none,0
T0019753,2026-01-08 02:12:54.221321,user_0162,wbarajas@paytm,zsmith@ibl,362.47,19,ab9099a4-35a2-40ae-9af3-05535ec42e08,Jaipur,327.42,0,0,428.36,none,0
T0020429,2026-01-12 01:22:25.674205,user_0456,adam33@ibl,porterjohn@ybl,920.04,17,ae27d432-1dc1-47eb-b11c-767385351a69,Lucknow,1328.06,0,0,36.38,none,0
T0036492,2026-01-24 04:44:26.747309,user_0161,mark43@okhdfcbank,hbrown@ybl,153.69,16,5df06e8c-878a-4ed9-a33f-fc8292ec89af,Pune,216.11,0,0,514.46,none,0
T0051539,2026-01-16 03:38:40.122042,user_0037,barbaramoore@oksbi,richardmejia@ibl,402.29,15,709b7d97-464c-44af-bd3f-3799a07295e9,Ahmedabad,569.4,0,0,72.44,none,0
T0004429,2026-01-03 00:55:22.696541,user_0042,katherine83@ybl,stephanie89@oksbi,961.21,14,614c721d-a921-4b4c-95fb-e976ae007b7e,Lucknow,921.39,0,1,906.01,none,0
T0048860,2026-02-04 09:17:39.818069,user_0454,csmith@ybl,bwagner@okhdfcbank,217.17,12,75b17a55-d426-4982-a43e-4288a2b5b498,Mumbai,696.45,0,0,454.71,none,0
T0000478,2026-01-01 22:52:23.060512,user_0149,shane12@paytm,jgarcia@okhdfcbank,322.89,10,787f2425-dbcc-4477-89e9-db0adf465290,Chennai,254.52,0,0,802.33,none,0
T0001792,2026-01-03 03:36:42.920489,user_0784,douglasnelson@okhdfcbank,christina83@ibl,453.36,5,7387928a-29a3-4b6d-b9bf-ca38afe9be90,Delhi,424.36,0,0,232.22,none,0
T0011642,2026-01-08 23:44:02.962056,user_0721,lawrencesmith@okhdfcbank,joseph02@ibl,650.97,5,34323ec6-b0c4-401c-a9b7-c0fa26c432f6,Jaipur,569.44,0,0,245.9,none,0
T0042383,2026-01-20 10:57:41.766056,user_0701,kimberly37@paytm,kim57@okhdfcbank,513.78,10,7eccdaf4-c413-4dc2-85c5-ae8abe15ad12,Jaipur,459.14,0,0,236.3,none,0
T0059015,2026-01-28 09:57:12.352117,user_0499,michelle04@okhdfcbank,alexa34@ybl,696.16,13,ccf3a171-56dc-4907-ba6c-34ab6712303a,Kolkata,699.71,0,0,702.83,none,0
T0038083,2026-01-25 23:00:48.258955,user_0765,ruizsamantha@paytm,williamslauren@oksbi,838.89,14,899ca782-e323-4d1a-bc1b-dacc18e19331,Chennai,472.5,0,0,1100.45,none,0
T0008326,2026-01-08 04:30:32.879689,user_0509,raymondstacy@okhdfcbank,chandavid@ybl,127.13,16,aa604892-3926-42e9-9b58-eb49c9784b52,Lucknow,1236.46,0,0,1828.49,none,0
T0011917,2026-01-02 12:43:01.630061,user_0489,mistywilkins@paytm,margaret88@paytm,613.79,8,929d6377-1cfb-455f-82c4-2e488cbadae5,Chennai,470.23,0,0,135.24,none,0
T0028761,2026-01-08 23:02:46.916395,user_0744,ortegajoseph@oksbi,james47@ibl,929.22,13,40a26c60-0d27-4659-b72a-da9b2f32751e,Delhi,746.35,0,0,188.75,none,0
T0055230,2026-02-09 04:29:34.949081,user_0704,marymullins@ybl,anthony08@ibl,204.93,17,0274ce40-e090-46b6-b186-a5a8d6ee526b,Lucknow,392.86,0,0,1465.48,none,0
T0023083,2026-01-13 11:26:29.508198,user_0623,joseph49@ibl,murphyjamie@ibl,624.36,13,9132b63e-f162-47e4-a9c3-49e03602f8ac,Chennai,847.74,0,0,1832.4,none,0
T0056845,2026-01-31 03:31:06.123180,user_0629,tjensen@okhdfcbank,andreamoody@paytm,547.38,17,58c1aad6-f3f8-4ea4-bf14-eafa29f0ef7c,Chennai,912.08,0,0,604.98,none,0
T0028993,2026-01-20 14:01:41.346698,user_0576,thomas14@paytm,crystalpatrick@oksbi,493.21,19,f387e1bd-2d59-42c6-934a-5a2fa7cf705c,Hyderabad,435.29,0,0,77.68,none,0
T0053886,2026-02-04 04:25:27.209631,user_0125,joshuastuart@ibl,lpayne@oksbi,2141.29,14,61a11729-3cb9-4350-9b4d-a0fe7bb38605,Mumbai,1422.34,0,0,357.54,none,0
T0035236,2026-01-27 03:29:28.392208,user_0339,kristen44@paytm,fanderson@oksbi,256.38,13,30d73df7-1c22-4cea-b355-56a5f2bd92f2,Chennai,367.06,0,1,453.33,none,0
T0014836,2026-01-07 09:17:20.199573,user_0424,bgross@ybl,lydia20@ybl,153.54,9,6f887f28-3e49-4d09-9b19-d8b8d8302081,Mumbai,146.3,0,0,26.65,none,0
T0037327,2026-01-16 03:59:37.716973,user_0294,aprilmclaughlin@ybl,cboyd@okhdfcbank,338.69,18,a7dc2bc0-bd9c-4693-b6ca-1127e9f87970,Ahmedabad,433.96,0,0,163.84,none,0
T0023223,2026-01-15 12:20:57.271591,user_0013,edwardcannon@okhdfcbank,rhodesamy@okhdfcbank,678.18,13,cf03f0c8-0eff-45bd-87eb-340dc74e48ff,Pune,606.74,0,0,55.19,none,0
T0008504,2026-01-07 19:20:15.836584,user_0382,christian38@ibl,flynnjohn@ibl,537.9,11,fdb1429e-7010-4d13-b526-b22d3f6c21f7,Delhi,593.48,0,0,1120.99,none,0
T0006605,2026-01-04 12:53:55.942163,user_0570,butlergregory@paytm,esparzadoris@paytm,621.35,13,81627cf1-4394-42e6-9a58-7e8aa25d6b29,Jaipur,581.79,0,0,698.84,none,0
T0009210,2026-01-04 11:28:50.049433,user_0352,martinjeremy@okhdfcbank,alexandria87@okhdfcbank,777.02,16,750d112e-8164-4eec-a4ab-851bf1fac6e7,Chennai,871.94,0,1,180.37,none,0
T0017992,2026-01-13 00:49:44.168638,user_0777,xjackson@paytm,crasmussen@ybl,565.27,5,e1fdc6d1-6978-4221-bfb7-5c574b8c031f,Mumbai,1131.6,0,0,365.23,none,0
T0027243,2026-01-14 20:08:11.797517,user_0329,thomas95@ibl,nelsondebra@oksbi,305.64,0,ad05b912-5ab2-4d4a-8bd8-8fcd57a2be4e,Pune,319.84,0,1,201.08,none,0
T0004413,2026-01-01 19:40:47.644902,user_0696,yorkjoshua@paytm,wellsadam@paytm,202.25,17,ae455cc6-b88e-430f-9e1e-994ac5a11f5c,Bengaluru,229.99,0,0,96.58,none,0
T0052586,2026-01-25 21:22:17.684863,user_0434,brandon39@oksbi,kimberlyspears@ibl,296.91,7,0bc57207-3e9a-4c86-8325-4fbddce8e1c5,Mumbai,461.4,0,0,1023.79,none,0
T0028709,2026-01-17 07:57:14.077949,user_0616,cookpamela@okhdfcbank,kimberlydavis@oksbi,297.13,12,f165d779-0154-4950-976d-e21f1b46ebdc,Ahmedabad,192.63,0,0,1255.88,none,0
T0047365,2026-02-01 01:15:49.247392,user_0512,robertberry@okhdfcbank,baileystephanie@ibl,1402.96,19,eec259dc-7f95-497c-a76a-a6ced50755d9,Hyderabad,1110.9,0,0,181.03,none,0
T0006796,2026-01-02 12:11:26.682305,user_0525,jackfarmer@okhdfcbank,brianhodges@ibl,393.6,8,8f0881ee-8011-416b-bae8-8926b423ccde,Chennai,511.68,0,0,60.46,none,0
T0006187,2026-01-04 21:57:34.635228,user_0250,mariaburke@okhdfcbank,vsandoval@oksbi,234.08,10,6a5e6920-bf5a-47e6-93a3-dd5a4b8c5bdc,Bengaluru,158.45,0,0,336.74,none,0
T0002071,2026-01-02 21:09:08.617493,user_0464,larsonkevin@ybl,brittanywade@paytm,837.24,21,f5c9b047-9c10-4572-8f6b-40d09efba58b,Delhi,864.3,0,0,322.49,none,0
T0007886,2026-01-04 00:38:59.652991,user_0442,garciajerry@paytm,brianfrench@ybl,1183.24,15,4aab47b2-3c9d-428a-a176-1930f6d70248,Hyderabad,1092.08,0,0,210.72,none,0
T0006024,2026-01-04 02:41:04.447408,user_0780,bstrickland@ybl,floresricky@ybl,320.29,23,0a0537f0-2c2c-422b-a568-95c6812a1f9b,Lucknow,450.25,0,0,2.77,none,0
T0058012,2026-01-26 03:14:20.624930,user_0147,kari89@paytm,steelebrian@paytm,787.82,17,6e417d47-5ff5-45ea-9bc4-40f14b1a269b,Pune,500.25,0,1,294.62,none,0
T0043452,2026-01-21 06:16:59.449921,user_0259,davisdonna@okhdfcbank,barbara55@ybl,1498.59,12,c605e58a-4845-4343-9db4-49dc77106966,Chennai,924.46,0,1,639.52,none,0
T0044101,2026-01-24 01:14:34.692382,user_0054,brooksdanielle@oksbi,margaretbrewer@okhdfcbank,1250.14,15,ef0a573d-53d2-456d-9040-158728e213bc,Mumbai,768.06,0,0,968.75,none,0
T0055772,2026-01-28 22:35:03.189300,user_0540,richjohn@oksbi,dlogan@ibl,378.08,10,6a36af18-06d3-4b93-ae33-688d597e6845,Lucknow,419.4,0,0,303.97,none,0
T0053492,2026-01-23 22:00:50.547606,user_0021,william28@paytm,kenneth54@paytm,249.09,16,a981b098-b2cf-452d-a7f3-33b3f7baf55e,Bengaluru,264.07,0,1,81.44,none,0
T0001572,2026-01-02 10:39:37.392383,user_0282,morrowthomas@ibl,amy41@ybl,211.94,7,a04d4d14-197d-4ae1-8bc2-ea720c648ca2,Bengaluru,218.91,0,0,411.46,none,0
T0048711,2026-01-22 09:33:12.921759,user_0325,astewart@ibl,umiles@oksbi,725.07,9,54bbbcf8-28fe-4761-8d49-fe3f2ca8f783,Pune,522.05,0,0,92.55,none,0
T0050883,2026-01-27 13:23:02.415132,user_0773,daughertybarbara@paytm,gdunn@okhdfcbank,261.25,6,c80c2195-8b65-44ce-bacc-99705beec570,Chennai,229.54,0,0,781.41,none,0
T0018052,2026-01-15 03:21:02.603994,user_0386,rwilliamson@ybl,shellyguerrero@paytm,184.92,8,74eff545-3e65-4603-b8e3-654bfaf14ff0,Pune,221.98,0,0,699.97,none,0
T0027295,2026-01-18 06:56:05.166641,user_0105,xclements@ibl,johnsonsuzanne@ybl,1205.77,4,ec8be537-58ab-4778-943b-45e3b6d1f6bb,Pune,908.81,0,0,514.57,none,0
T0023727,2026-01-10 05:07:31.861870,user_0203,nhayes@paytm,denisemartin@ibl,155.42,12,453b45fe-636c-4499-9254-aad3809cd839,Chennai,221.99,0,0,482.62,none,0
T0005729,2026-01-04 21:01:28.942238,user_0316,loweelizabeth@paytm,smurray@okhdfcbank,389.52,12,9c678393-2ced-4c0d-b173-04b5c1dd484a,Bengaluru,1061.27,0,0,249.98,none,0
T0032438,2026-01-16 08:11:45.502350,user_0613,jamiejohnson@paytm,jdorsey@ybl,1475.29,16,6307d4d1-21c9-415d-9104-5a16ef15ab72,Chennai,994.6,0,0,481.11,none,0
T0011827,2026-01-11 03:04:23.173994,user_0076,markkline@oksbi,zreed@paytm,332.61,17,edcb8cb6-0692-4c63-9424-aed51bac5c15,Bengaluru,324.82,0,1,1856.86,none,0
T0015738,2026-01-12 10:11:54.672465,user_0002,wellsdavid@paytm,zsantana@ybl,740.18,16,2ab7b2ef-8e0e-4033-ac59-1da8fff96acf,Jaipur,602.91,0,0,436.3,none,0
T0003295,2026-01-04 16:03:04.309606,user_0345,barbarasantos@ybl,williamsonanthony@okhdfcbank,237.61,11,4f9a5f98-4d95-4273-8b2c-c805d1403430,Chennai,328.21,0,0,317.95,none,0
T0006981,2026-01-04 19:09:57.413960,user_0700,lwood@paytm,garyblake@ibl,2310.79,18,268b84b6-3ec0-4285-8bc4-ec0ec2aef674,Mumbai,1960.67,0,0,329.51,none,0
T0043509,2026-01-30 04:59:24.341600,user_0130,glenda22@ybl,zaguirre@paytm,672.89,10,e63658c9-12d0-498d-b18d-4d05e8e22743,Ahmedabad,1112.79,0,0,86.66,none,0
T0028902,2026-01-11 16:20:53.475066,user_0779,andersonkylie@ibl,dawsonstephanie@ibl,3489.62,17,9c678393-2ced-4c0d-b173-04b5c1dd484a,Kolkata,2566.44,0,0,271.46,none,0
T0028317,2026-01-19 05:10:42.579249,user_0496,kristinawilliamson@paytm,franciscocole@oksbi,561.11,14,9b4e2c24-9479-41e6-8927-7d9b6e0d2648,Mumbai,904.72,0,0,1034.06,none,0
T0043644,2026-01-23 16:28:15.719639,user_0184,kristin49@ybl,hailey95@oksbi,1089.52,14,3c20592f-c04a-46c4-b3b6-3fe1d1843324,Jaipur,1643.58,0,0,110.65,none,0
T0039592,2026-01-14 20:55:58.995763,user_0555,nicholasjames@ybl,theresa51@ybl,485.16,13,d8dff535-c62d-4aea-9e70-bd3000a21367,Chennai,511.78,0,0,443.64,none,0
T0046392,2026-01-25 09:48:28.319002,user_0218,stevendixon@paytm,ddavid@okhdfcbank,2406.33,14,5f89ed12-64d6-4fbf-98c0-1e2bf99f0704,Delhi,2561.28,0,0,220.34,none,0
T0053793,2026-01-27 00:24:01.822619,user_0492,jodylewis@paytm,ballardjames@oksbi,1778.25,9,ccf3a171-56dc-4907-ba6c-34ab6712303a,Kolkata,2140.54,0,1,824.92,none,0
T0022754,2026-01-13 13:22:00.042755,user_0783,robert72@oksbi,hernandezwilliam@paytm,822.14,18,2812859a-1337-439e-8d4f-5d272c7f0b79,Jaipur,983.52,0,0,649.13,none,0
T0010751,2026-01-05 08:44:41.174711,user_0319,travis94@okhdfcbank,ramseyjennifer@okhdfcbank,408.66,22,3270e4fa-abae-4f43-bcae-8081bdf070aa,Ahmedabad,450.88,0,0,392.4,none,0
T0031521,2026-01-16 14:40:10.510950,user_0054,brooksdanielle@oksbi,ybrandt@okhdfcbank,601.47,23,ef0a573d-53d2-456d-9040-158728e213bc,Mumbai,768.06,0,0,402.68,none,0
T0012094,2026-01-10 19:27:12.478487,user_0312,victorgonzalez@ibl,erica35@paytm,1510.66,17,e25df9a8-9ca8-45c4-a138-afe08d38bbd8,Chennai,1383.02,0,0,275.87,none,0
T0022682,2026-01-17 00:26:51.044092,user_0541,cterrell@paytm,katie98@ibl,767.5,11,9793b9b4-1374-4146-b2c5-bd89b70b3420,Ahmedabad,599.69,0,0,830.17,none,0
T0044649,2026-01-23 12:29:09.658332,user_0317,duranamber@paytm,luis12@oksbi,514.61,19,8ed6ad5e-1831-4aa3-9466-9d1910df9974,Kolkata,617.22,0,0,920.03,none,0
T0020755,2026-01-11 16:59:53.054678,user_0647,gilbertcaldwell@okhdfcbank,walkerfrancis@oksbi,994.56,11,9a069295-3b8d-4447-8e61-065f171b1b80,Chennai,979.37,0,0,774.13,none,0
T0028892,2026-01-14 03:24:47.041995,user_0630,lisa81@ibl,gutierrezkristin@ibl,2059.37,16,4cc9f5f2-e42e-4037-8a55-2ea08acbbe09,Mumbai,2481.13,0,0,458.56,none,0
T0050840,2026-01-28 16:59:11.777647,user_0569,mark10@okhdfcbank,tsmith@ibl,330.66,10,4a90cd0c-24c1-43b9-b7f2-85723defa849,Hyderabad,321.67,0,0,619.92,none,0
T0023941,2026-01-10 17:02:54.743259,user_0233,zacharygomez@ibl,jacobhurley@ybl,619.67,8,eec259dc-7f95-497c-a76a-a6ced50755d9,Delhi,659.25,0,0,131.22,none,0
T0015695,2026-01-08 20:18:20.817847,user_0571,cheryl99@ybl,heather22@okhdfcbank,327.87,13,0d18ab95-668c-4477-8b95-017c5dae1201,Hyderabad,463.07,0,0,996.54,none,0
T0048894,2026-01-29 00:41:08.880567,user_0604,jennifer46@oksbi,jessicaward@oksbi,1006.3,8,8a624cbd-e582-4678-ad52-29dd639fc471,Kolkata,860.54,0,0,66.14,none,0
T0025732,2026-01-13 15:28:58.091625,user_0638,ssingleton@ybl,fwong@okhdfcbank,1651.64,18,76c5a0dc-7e7e-4419-a0c1-4035c5d95f51,Kolkata,2887.29,0,0,96.12,none,0
T0046364,2026-01-19 04:02:11.525597,user_0368,brittanybryant@oksbi,olsenmark@ibl,234.44,8,2747b93c-9ae7-4eab-884a-67809136f1f8,Hyderabad,247.77,0,0,78.93,none,0
T0048753,2026-01-26 19:10:37.853380,user_0577,alison83@ybl,blakehill@paytm,1200.95,19,cac4d0eb-3373-430e-bc31-a5971f119c0f,Jaipur,1294.02,0,0,158.79,none,0
T0025573,2026-01-12 09:40:41.161522,user_0342,colematthew@ibl,madison31@paytm,1925.87,2,97867b12-1328-4726-a4f4-34d6d1e91691,Mumbai,1408.8,0,0,908.26,none,0
T0032431,2026-01-27 04:32:08.801389,user_0289,james98@ibl,victor68@paytm,356.09,15,97777f10-f2d2-493f-8e85-140d0f9aeb70,Kolkata,311.68,0,0,901.85,none,0
T0039106,2026-01-20 11:21:36.139654,user_0078,ian66@oksbi,pmcmahon@ibl,306.59,21,16591c89-21eb-4aa9-9a2b-d69c450f69ee,Delhi,193.73,0,0,353.48,none,0
T0029632,2026-01-17 07:33:58.895821,user_0414,tonystewart@ybl,mcmahoncathy@ibl,839.8,14,52961fb3-4d40-4b28-9628-ddcd19dd3e8c,Lucknow,808.85,0,0,523.16,none,0
T0034519,2026-01-21 15:08:18.895985,user_0174,harrismaria@ybl,gary25@okhdfcbank,1664.93,22,51b30182-f7fe-404f-a5f3-0779f6ee5cdb,Kolkata,1297.48,0,0,1338.52,none,0
T0029790,2026-01-14 11:49:31.248827,user_0734,reyesmarvin@oksbi,frankcarey@ybl,577.22,10,6319629b-d73e-4bb9-8f9c-a17b8db8dadf,Mumbai,630.34,0,0,369.41,none,0
T0059774,2026-01-31 09:19:29.986097,user_0691,keith09@ybl,goodmanmichaela@okhdfcbank,459.22,15,64953d5f-0cb4-4891-988d-f23b3ccff6eb,Mumbai,1100.43,0,0,272.67,none,0
T0037331,2026-01-21 17:35:28.492240,user_0303,susan77@paytm,sarahgarcia@ibl,1016.46,23,0d557b61-8a17-4dfe-bfc0-0dc804f64d86,Chennai,1184.83,0,0,9.72,none,0
T0014373,2026-01-11 02:10:12.312537,user_0410,kelli32@okhdfcbank,susan68@ibl,963.88,17,fb10987f-20ac-4703-ab67-146a77a6e17c,Bengaluru,777.41,0,0,557.37,none,0
T0004750,2026-01-04 18:29:13.649726,user_0657,kevin46@paytm,leslie24@ibl,230.56,17,370b9a29-0a53-4df9-9a72-083cb266986c,Bengaluru,240.26,0,0,547.94,none,0
T0057430,2026-02-04 19:16:14.988004,user_0170,lukemiller@ybl,hughestyler@paytm,582.78,8,d18183d1-ac2b-4cfc-85c5-1060991121e7,Pune,872.55,0,0,2041.81,none,0
T0021296,2026-01-16 05:37:28.562957,user_0440,navarromary@ybl,imurillo@paytm,1622.38,11,e3c43657-1d8c-4bac-83b4-09ef2260e70f,Hyderabad,1153.0,0,0,626.42,none,0
T0045967,2026-01-28 15:40:29.686253,user_0211,wilkinsonmichele@ibl,iclark@oksbi,383.4,17,86cac6f4-e238-4e93-bd17-c5e8d5ca69ab,Hyderabad,374.23,0,0,989.01,none,0
T0004823,2026-01-05 11:40:22.625482,user_0687,chloe58@paytm,hufftroy@ybl,696.63,10,d6312a80-1c61-4ec2-9014-2131750565f5,Lucknow,575.66,0,1,740.61,none,0
T0032254,2026-01-21 19:00:02.943340,user_0003,carolynsmith@ybl,richardsonjoel@ibl,514.06,6,5380b904-688c-4015-aab9-7e494f2d4796,Hyderabad,602.92,0,0,214.83,none,0
T0050004,2026-01-28 12:40:50.659304,user_0087,qwilliams@paytm,david88@paytm,1154.78,18,01bb819c-4dfe-4117-a2af-711f1b628a9d,Delhi,816.63,0,0,853.86,none,0
T0014494,2026-01-12 16:54:39.762431,user_0652,pmurphy@paytm,montoyaveronica@ibl,524.12,20,4c6a70f4-8ede-444d-876c-f68c3f1be0d0,Mumbai,631.23,0,0,595.33,none,0
T0052403,2026-02-04 07:37:53.403789,user_0798,buckleygregory@oksbi,michellemorris@ibl,528.64,18,5c9deee0-b42a-4456-8736-5a84725e134d,Kolkata,436.51,0,0,160.14,none,0
T0040512,2026-01-18 19:07:04.797470,user_0068,conleyelizabeth@ybl,slopez@oksbi,342.06,16,47a2a10b-b62e-4b49-a472-96a4ff38b918,Lucknow,748.26,0,0,473.52,none,0
T0031801,2026-01-15 04:42:55.735632,user_0022,kellyruiz@ibl,munoztravis@okhdfcbank,179.91,20,0e5dd462-cbd0-4ef2-930a-37df0bc61066,Chennai,239.12,0,0,126.55,none,0
T0043095,2026-01-19 19:36:34.208053,user_0580,ronald54@ybl,pinedachelsea@okhdfcbank,690.03,17,b24cc64f-be3e-4e57-b30a-9e32aba4fc03,Lucknow,824.0,0,0,4058.3,none,0
T0043992,2026-01-21 12:22:10.842182,user_0607,aliciathompson@oksbi,wbrooks@ybl,1548.93,9,4758367b-a649-4cdc-907b-907265e58f34,Pune,1199.85,0,1,1184.17,none,0
T0037106,2026-01-21 21:37:54.584984,user_0469,torresblake@ibl,christophercardenas@oksbi,1738.39,15,44007d5a-e88d-4719-a624-2b40a5cb63a2,Lucknow,1741.41,0,0,146.02,none,0
T0058244,2026-02-06 19:47:13.384842,user_0264,brianna91@paytm,adam49@paytm,418.4,13,a2a9d4d8-102e-4de5-a5cc-8bf738ab854c,Ahmedabad,385.33,0,0,1247.88,none,0
T0026688,2026-01-12 14:54:11.656919,user_0645,jared96@ibl,wmathews@okhdfcbank,925.93,19,b4746349-49fc-4cd8-856b-ad4c4c3077c4,Jaipur,901.26,0,0,1036.11,none,0
T0010958,2026-01-09 15:57:21.067863,user_0562,fjimenez@oksbi,chadforbes@okhdfcbank,856.42,10,9191b363-4e2d-4645-adc7-cac7fd72b050,Bengaluru,692.33,0,0,1128.16,none,0
T0010758,2026-01-05 07:16:40.899510,user_0211,wilkinsonmichele@ibl,marthacastillo@oksbi,287.19,12,5780be17-12fe-4c2b-9acf-42c5f3a02120,Hyderabad,374.23,0,0,119.39,none,0
T0043520,2026-01-25 02:07:41.988182,user_0775,kathrynwatkins@ybl,scooper@okhdfcbank,388.39,18,5a2837b2-cb83-43f2-bb96-f6022b115c36,Lucknow,427.41,0,1,207.54,none,0
T0057936,2026-02-04 10:16:29.276325,user_0378,laurakelley@oksbi,irobinson@ybl,966.23,11,aaf91531-0200-41f0-8768-a84fa76afde6,Hyderabad,824.28,0,0,125.8,none,0
T0053616,2026-01-25 04:47:46.009834,user_0085,cheryl27@okhdfcbank,tonyagibson@paytm,343.96,23,a748dbcf-ac61-4e63-8dde-29a6baa4b71a,Kolkata,261.66,0,0,1097.23,none,0
T0008929,2026-01-05 18:06:35.086416,user_0331,xhaynes@oksbi,heather69@paytm,2332.23,12,6dda4f8d-cea6-4f4c-b9e5-8ff092f837d4,Hyderabad,2011.17,0,0,227.08,none,0
T0002816,2026-01-02 05:09:07.388264,user_0131,jennifer58@oksbi,max69@oksbi,431.91,11,71efe72a-ae13-491e-84fa-4c7239e7a4f1,Chennai,391.92,0,0,280.53,none,0
T0023945,2026-01-10 19:35:23.153231,user_0036,whill@oksbi,ssanders@oksbi,390.53,13,c28fa16b-0aa6-4cb9-81bc-be59d296a12d,Delhi,370.42,0,0,192.56,none,0
T0019935,2026-01-05 23:46:32.168849,user_0526,catherine93@paytm,ybarnes@paytm,755.47,11,a8addf36-ddf2-45eb-a8a3-f341c8819065,Mumbai,822.0,0,1,703.98,none,0
T0010063,2026-01-02 21:34:35.828082,user_0079,ynelson@ibl,wellsvalerie@paytm,376.84,17,5e717fca-020a-4497-b4ed-51458d9765c7,Lucknow,752.7,0,0,608.61,none,0
T0000271,2026-01-01 00:38:31.992449,user_0292,sheakimberly@oksbi,moralesroy@ybl,167.77,23,8de1596c-5a9a-406a-96f1-42a206b919aa,Mumbai,223.86,0,0,38.53,none,0
T0044623,2026-01-22 12:34:07.550286,user_0134,natalie60@ybl,wwilson@oksbi,144.35,10,5cb85aed-f5f6-4c97-aefb-63b11b049863,Jaipur,142.59,0,0,530.0,none,0
T0000446,2026-01-01 17:20:31.289214,user_0433,hbarrett@okhdfcbank,xrodriguez@oksbi,646.02,16,27aa7cbc-2337-4bbc-bffe-77c839feb99c,Delhi,816.74,0,0,903.11,none,0
T0042199,2026-01-21 16:07:25.345860,user_0042,katherine83@ybl,ynorman@oksbi,875.2,16,6e417d47-5ff5-45ea-9bc4-40f14b1a269b,Lucknow,921.39,0,0,276.49,none,0
T0053430,2026-02-04 13:34:52.849385,user_0224,billy73@okhdfcbank,rachelkerr@ibl,825.1,22,e1721c83-ef5e-4376-a723-fb72682b163a,Pune,909.18,0,1,1884.23,none,0
T0017194,2026-01-08 18:04:29.999607,user_0745,rebecca90@okhdfcbank,nallen@ibl,1088.49,13,989240ac-e689-43a9-89e4-8e8c25c61c45,Mumbai,1029.31,0,0,1013.63,none,0
T0027721,2026-01-19 06:53:58.590941,user_0507,joel84@okhdfcbank,eatonerica@oksbi,852.56,8,7d4ed26e-dcd5-4fae-abb3-16a743299780,Mumbai,1070.56,0,0,775.39,none,0
T0009395,2026-01-07 04:24:16.336960,user_0719,jessicachapman@ibl,mgill@ybl,985.27,10,0f5ae9d3-8e6e-4003-a14f-3f12cfd01cbd,Lucknow,792.56,0,0,23.81,none,0
T0044496,2026-01-17 06:08:17.775121,user_0295,calhounandrea@oksbi,jeffreyjohnson@ybl,881.91,14,2a25a888-0f02-4ad0-a706-7ef466aa9385,Lucknow,495.43,0,0,704.36,none,0
T0041850,2026-01-16 09:34:57.025146,user_0360,johnsonrandy@oksbi,dtodd@oksbi,454.33,15,30e912f2-f2b4-4abf-8441-aefd0299436a,Bengaluru,325.09,0,0,43.03,none,0
T0028188,2026-01-13 07:27:24.713538,user_0492,jodylewis@paytm,pamela72@paytm,1347.36,17,ccf3a171-56dc-4907-ba6c-34ab6712303a,Ahmedabad,2140.54,0,1,321.41,none,0
T0054252,2026-01-24 01:05:59.501241,user_0217,philip94@okhdfcbank,kellylarry@ibl,778.21,11,27aa7cbc-2337-4bbc-bffe-77c839feb99c,Kolkata,1008.32,0,0,1579.91,none,0
T0054171,2026-01-29 18:26:41.821050,user_0650,zthompson@paytm,ckelly@okhdfcbank,258.9,11,d65e59dd-e62d-4d06-8f9b-85581a7f195b,Mumbai,574.51,0,0,216.8,none,0
T0054107,2026-01-26 08:16:39.345712,user_0678,pbradford@ybl,kchavez@ibl,700.0,11,6d3ee1dc-8139-4443-a45b-712eb8225688,Jaipur,970.98,0,0,91.56,none,0
T0000791,2026-01-01 17:08:01.939749,user_0296,michael43@ybl,aaronlittle@ibl,416.82,23,f7eae66e-ca6c-4f9b-8969-71018b2c550a,Bengaluru,742.04,0,0,224.55,none,0
T0000553,2026-01-01 07:34:52.426112,user_0278,adkinssean@paytm,morgansharon@paytm,738.26,13,ce777f00-ecf2-4e76-8519-7ff4006ed6e3,Kolkata,890.66,0,0,454.87,none,0
T0013723,2026-01-10 15:21:07.784102,user_0576,thomas14@paytm,clarkbonnie@paytm,281.13,8,f387e1bd-2d59-42c6-934a-5a2fa7cf705c,Hyderabad,435.29,0,0,1400.23,none,0
T0029143,2026-01-21 00:48:50.650323,user_0399,joanjohnson@ybl,kathleen46@paytm,527.68,12,6601ddd0-3170-4437-a8f7-ef5a060edf5b,Mumbai,569.25,0,0,693.56,none,0
T0028452,2026-01-17 21:17:47.967979,user_0501,mckeetodd@ibl,pricebetty@oksbi,551.08,9,4aea1b8f-b43c-4e0a-ba9f-c10e52daf681,Ahmedabad,483.5,0,0,313.13,none,0
T0035777,2026-01-22 13:10:38.010177,user_0041,jessicadodson@ibl,scott67@ybl,2329.34,19,50032b35-1857-4baf-bac7-e2b96a7e4c36,Jaipur,1690.9,0,0,1117.59,none,0
T0018543,2026-01-10 07:23:25.961464,user_0536,michelle36@okhdfcbank,ruthgarcia@okhdfcbank,303.88,6,bed63da0-8033-45c2-9413-d64db962c8a7,Mumbai,249.99,0,0,31.93,none,0
T0054981,2026-01-30 01:08:24.174778,user_0055,wheelerbrandon@ybl,akim@paytm,2047.5,13,7b85179a-d5b0-47e0-aa5d-932b45ff2c83,Mumbai,1352.41,0,0,297.72,none,0
T0032326,2026-01-14 16:09:52.339529,user_0678,pbradford@ybl,nelsonangela@okhdfcbank,1091.66,18,6d3ee1dc-8139-4443-a45b-712eb8225688,Jaipur,970.98,0,0,530.06,none,0
T0009953,2026-01-04 07:58:11.054018,user_0484,carrillogary@oksbi,john78@oksbi,567.4,23,54bbbcf8-28fe-4761-8d49-fe3f2ca8f783,Delhi,478.34,0,0,204.06,none,0
T0036095,2026-01-20 20:19:48.864123,user_0592,randy99@oksbi,gallen@ibl,239.71,6,a0a11839-e745-4704-98df-bc3ca0d4de3d,Delhi,172.93,0,0,2097.13,none,0
T0039267,2026-01-15 08:01:53.377477,user_0524,edwin31@ybl,charles96@ibl,692.49,15,c7cfeca8-22b9-424c-a744-3fb881bd55d5,Kolkata,817.75,0,0,13.35,none,0
T0035307,2026-01-24 00:45:48.896214,user_0151,pattersonangela@okhdfcbank,justin41@ibl,3470.09,13,f2f5b176-2c41-4bd3-b2f4-44abc1d71f4a,Mumbai,2522.69,0,0,931.45,none,0
T0011579,2026-01-06 14:09:16.976685,user_0045,david68@ibl,kclark@ybl,1302.48,18,7e570ddf-8270-40a8-a369-b584ff5e9ff0,Mumbai,1895.02,0,0,93.02,none,0
T0049359,2026-01-21 10:36:31.588185,user_0372,robert24@okhdfcbank,jturner@ibl,717.84,23,bf337a15-1e08-4f20-bdd1-51b0f64ab6ec,Pune,689.02,0,0,741.48,none,0
T0041227,2026-01-24 07:12:31.246080,user_0757,austinjohnson@ibl,nday@oksbi,1681.28,16,5f89ed12-64d6-4fbf-98c0-1e2bf99f0704,Bengaluru,1337.06,0,0,2121.95,none,0
T0032724,2026-01-23 21:59:35.758225,user_0105,xclements@ibl,matthew83@paytm,1434.79,16,ec8be537-58ab-4778-943b-45e3b6d1f6bb,Pune,908.81,0,0,946.55,none,0
T0024373,2026-01-13 18:52:19.760822,user_0004,charlene44@ybl,zdaniels@okhdfcbank,3009.8,5,23a13e20-7fd2-45ee-ac48-436668bd80d7,Bengaluru,1909.89,0,0,925.99,none,0
T0019618,2026-01-14 04:25:00.415281,user_0610,jstein@ybl,joel67@oksbi,175.59,14,b0ae8f08-c31e-4bbc-b36c-b62b892e6161,Lucknow,246.69,0,0,134.44,none,0
T0044235,2026-01-24 17:38:44.792697,user_0356,bjackson@oksbi,montgomerytamara@okhdfcbank,336.17,17,9c1c3517-85d2-40a6-8629-5b5d707df251,Mumbai,386.11,0,0,282.18,none,0
T0012724,2026-01-04 18:41:36.348145,user_0215,rebeccaarnold@ibl,matthew30@oksbi,478.81,19,7ed70ed7-b194-490b-a961-929e546e035a,Ahmedabad,723.19,0,1,937.88,none,0
T0000976,2026-01-03 05:06:54.728583,user_0241,brittanyholland@ybl,crystalguzman@ibl,180.18,14,a8761e85-bddf-403a-aa84-30f84f2da233,Kolkata,196.82,0,0,421.48,none,0
T0024083,2026-01-13 03:10:41.464020,user_0696,yorkjoshua@paytm,rodriguezkristina@ibl,257.44,11,f3abea0d-5be9-4db3-9d92-dd7c0db977a9,Bengaluru,229.99,0,0,195.75,none,0
T0015536,2026-01-12 05:54:54.806613,user_0482,rodriguezrobert@okhdfcbank,sara03@ibl,1278.01,15,9b4e2c24-9479-41e6-8927-7d9b6e0d2648,Bengaluru,1004.67,0,0,347.05,none,0
T0002330,2026-01-01 01:36:11.734199,user_0668,qmoore@paytm,judy75@paytm,555.26,19,29310971-601e-4211-a34f-76b42b8c03bf,Pune,398.2,0,0,96.2,none,0
T0023278,2026-01-17 21:49:13.683951,user_0108,xmoran@paytm,jonathan51@okhdfcbank,1119.39,15,9d66e815-5a41-43b3-a95f-176cdebac186,Hyderabad,1094.77,0,0,145.94,none,0
T0040660,2026-01-21 10:57:18.599467,user_0277,kim62@ybl,lisamiller@ibl,1137.77,11,0a368ce7-dc57-4131-b8e1-daa7cbceabde,Mumbai,1060.92,0,0,28.38,none,0
T0031986,2026-01-17 10:38:59.916398,user_0302,wcarrillo@ybl,amberjones@ybl,972.83,17,0e51f30d-c6a7-4e39-84b0-32ccd7c524a5,Bengaluru,769.29,0,0,724.9,none,0
T0025332,2026-01-22 14:35:43.226734,user_0704,marymullins@ybl,christophersantana@ibl,358.11,18,0274ce40-e090-46b6-b186-a5a8d6ee526b,Lucknow,392.86,0,0,283.11,none,0
T0001601,2026-01-01 05:44:50.594981,user_0649,gnguyen@okhdfcbank,arthurbrady@ibl,182.48,17,8f158449-4f40-422f-95b0-2530f020e992,Delhi,262.44,0,0,344.84,none,0
T0031549,2026-01-13 18:56:10.959421,user_0407,brenda63@okhdfcbank,mistythornton@okhdfcbank,1910.4,15,6c307511-b2b9-437a-a8df-6ec4ce4a2bbd,Ahmedabad,2032.47,0,0,135.24,none,0
T0001632,2026-01-01 07:31:12.531897,user_0106,velasquezmegan@ibl,samuelstanton@oksbi,424.89,17,96792482-a3c9-48e4-8d22-38e6c7bf4fbc,Jaipur,723.4,0,0,451.21,none,0
T0008547,2026-01-05 01:13:05.581526,user_0069,stacychan@ybl,sotoyvette@ibl,1326.45,19,8ed8a80d-84cf-4e39-bf31-c29f82bbad84,Kolkata,2969.2,0,0,306.43,none,0
T0043331,2026-01-25 07:48:41.122016,user_0418,ihansen@paytm,lori09@ibl,689.11,15,9780c215-2b2b-48e9-a417-c09380a8a23d,Jaipur,823.0,0,0,2442.93,none,0
T0059126,2026-02-01 19:12:38.017325,user_0131,jennifer58@oksbi,acunningham@ybl,265.29,12,1dba1267-7e1c-45a1-bef5-18a64dead645,Chennai,391.92,0,1,346.09,none,0
T0038016,2026-01-20 14:39:47.998655,user_0433,hbarrett@okhdfcbank,hchen@ybl,867.59,17,27aa7cbc-2337-4bbc-bffe-77c839feb99c,Delhi,816.74,0,0,329.79,none,0
T0057831,2026-01-21 08:57:11.649232,user_0698,alexis19@ybl,angela54@okhdfcbank,2957.34,23,f80b2cea-658e-44a2-9879-cf35f4719986,Mumbai,1971.87,0,0,710.27,none,0
T0025374,2026-01-08 15:02:29.954952,user_0784,douglasnelson@okhdfcbank,prose@paytm,526.32,4,7387928a-29a3-4b6d-b9bf-ca38afe9be90,Delhi,424.36,0,0,494.05,none,0
T0009268,2026-01-10 13:46:20.581476,user_0769,marybrown@ybl,sharper@ybl,2006.9,6,c777a07f-6346-44ef-a9ef-74e34ab6821c,Lucknow,1545.14,0,1,1631.42,none,0
T0006520,2026-01-03 07:13:30.659837,user_0626,ruizemma@oksbi,taylor85@okhdfcbank,1704.88,17,e2c328aa-3310-4475-8a86-22250b36e356,Lucknow,1171.08,0,0,287.52,none,0
T0055711,2026-01-27 00:01:32.555720,user_0707,beckywilkinson@ybl,phillipsthomas@oksbi,179.15,23,044251db-d0d4-4a67-b992-8faa4cbf131d,Jaipur,126.16,0,0,15.75,none,0
T0040294,2026-01-20 02:27:25.667251,user_0259,davisdonna@okhdfcbank,sean73@okhdfcbank,887.66,16,c605e58a-4845-4343-9db4-49dc77106966,Chennai,924.46,0,0,1199.14,none,0
T0017038,2026-01-07 13:59:38.462796,user_0395,brianrowe@paytm,nwatson@oksbi,537.78,6,9b69554d-7c54-435f-ac8c-3b6aa974d079,Ahmedabad,541.24,0,0,44.59,none,0
T0024115,2026-01-18 23:01:18.252859,user_0107,ann99@paytm,earl19@ibl,1753.41,17,a748dbcf-ac61-4e63-8dde-29a6baa4b71a,Bengaluru,1784.21,0,0,259.2,none,0
T0013557,2026-01-05 16:41:37.169343,user_0729,pdouglas@okhdfcbank,rachel51@oksbi,3986.7,14,01a25ed1-c3ab-45f1-8c6b-7074ab102c9b,Chennai,3010.52,0,0,1037.72,none,0
T0006697,2026-01-05 20:36:26.093955,user_0358,clarkrandy@ibl,karlmartin@okhdfcbank,726.05,3,d9b59f84-edc3-41c3-adea-2d2d086c405f,Jaipur,1924.22,0,1,199.62,none,0
T0034892,2026-01-25 01:25:55.815367,user_0474,vhernandez@ybl,amcintosh@okhdfcbank,274.33,19,1139fa12-34c1-43ea-bd9c-4e6404015ced,Chennai,320.95,0,0,2510.91,none,0
T0008643,2026-01-06 07:48:17.095571,user_0748,imartinez@paytm,despinoza@paytm,247.03,14,aee1e86b-9ea5-46aa-a1ee-6c5bdeef580f,Mumbai,266.78,0,0,623.02,none,0
T0057743,2026-02-02 00:24:30.920323,user_0327,nguyenchloe@ibl,opierce@ybl,380.27,8,c1b5b5ca-bc35-46df-94f7-9dbac5811d2d,Bengaluru,562.08,0,0,427.08,none,0
T0059104,2026-01-30 22:03:50.792774,user_0387,blopez@okhdfcbank,jefffleming@ibl,448.79,12,31a3ac4d-828c-47e7-87d5-b7be1d30d990,Delhi,390.27,0,0,1419.53,none,0
T0043072,2026-01-23 01:24:01.238508,user_0299,hansenwesley@ybl,smithshannon@ibl,433.98,12,a847bce7-90fa-4b57-a4ac-2130deaf528d,Lucknow,349.25,0,0,42.34,none,0
T0042589,2026-01-22 19:32:19.841121,user_0488,rodriguezbrian@okhdfcbank,janicefernandez@okhdfcbank,589.17,16,03c72ba8-d605-4770-8a63-f881ffd0f9d5,Bengaluru,463.23,0,0,280.93,none,0
T0045177,2026-01-29 05:47:55.082404,user_0675,carnold@paytm,keithchapman@paytm,569.25,7,8d7248e2-951f-48d0-9e84-f058d5a804eb,Delhi,607.26,0,0,244.8,none,0
T0056293,2026-02-01 14:57:13.584431,user_0572,tammycurry@paytm,zjohnson@ibl,1440.0,16,68d0a2a8-c4e7-47dd-a929-de738693fd9d,Delhi,1058.21,0,0,54.23,none,0
T0031851,2026-01-14 16:49:50.173565,user_0256,mserrano@ybl,vsmith@okhdfcbank,959.96,14,32a447b2-ef04-457d-8dcc-c33aa9434aa0,Lucknow,688.39,0,0,4.74,none,0
T0002999,2026-01-01 10:47:39.668996,user_0177,millerbrian@ibl,charleshayes@ybl,496.02,14,497ec6d1-081f-46dc-b8d9-a88aef0bea4f,Chennai,467.21,0,0,77.48,none,0
T0017050,2026-01-13 00:54:22.535338,user_0487,jamesbrooks@ybl,katrina79@okhdfcbank,1.89,13,01290085-568b-454a-ac29-8eb4008b88a5,Mumbai,1752.15,1,0,315.33,probing,1
T0024157,2026-01-15 13:39:39.476540,user_0626,ruizemma@oksbi,jameswilson@paytm,1010.45,9,e2c328aa-3310-4475-8a86-22250b36e356,Lucknow,1171.08,0,0,586.54,none,0
T0030851,2026-01-16 20:50:00.138026,user_0227,dharrison@ybl,vsmith@paytm,1286.2,16,5bd93609-b297-4782-bcf4-74aace63cb1a,Hyderabad,1004.32,0,0,90.49,none,0
T0013756,2026-01-08 21:26:20.537227,user_0402,sharon20@ibl,johnjohnson@paytm,630.84,19,741b77f5-4c24-4053-a7f5-ae02af5b8f47,Hyderabad,481.53,0,0,513.28,none,0
T0036983,2026-01-27 08:28:36.748538,user_0110,aaronkelly@oksbi,hicksbenjamin@paytm,283.08,10,0426fcc9-255b-40e2-bdc2-b74b38a56b49,Mumbai,302.48,0,0,485.92,none,0
T0008384,2026-01-08 03:31:10.427475,user_0695,mitchellchristopher@ibl,codyford@okhdfcbank,539.62,14,9b792afa-2a3d-418d-a754-a29ff143e545,Lucknow,468.23,0,1,1990.12,none,0
T0019602,2026-01-09 16:36:07.458101,user_0090,april91@ybl,christina74@ybl,1043.59,15,43ad3d62-b17c-4b21-8dbc-2c1ca4afe7bd,Jaipur,1024.15,0,0,93.93,none,0
T0040795,2026-01-20 08:09:36.994005,user_0738,irodriguez@oksbi,brendahoward@ibl,787.83,14,6aa0426d-f7c0-45f7-a9a5-3b4f8ff8869d,Bengaluru,703.83,0,0,327.26,none,0
T0010959,2026-01-04 09:36:24.391201,user_0123,dalesandoval@paytm,hendersonroberto@okhdfcbank,204.86,10,52961fb3-4d40-4b28-9628-ddcd19dd3e8c,Lucknow,283.49,0,0,541.55,none,0
T0033855,2026-01-17 07:50:55.844236,user_0785,ljenkins@oksbi,michealpeterson@oksbi,580.27,19,ae455cc6-b88e-430f-9e1e-994ac5a11f5c,Hyderabad,545.25,0,0,452.72,none,0
T0006955,2026-01-02 20:02:59.320475,user_0258,richamanda@paytm,pamelabarber@ibl,960.04,9,65bcc272-fadd-4ea3-aca5-e2fdb966442a,Ahmedabad,671.7,0,0,1371.6,none,0
T0047512,2026-01-24 00:22:17.241007,user_0302,wcarrillo@ybl,njones@okhdfcbank,916.48,10,0e51f30d-c6a7-4e39-84b0-32ccd7c524a5,Bengaluru,769.29,0,0,455.01,none,0
T0039710,2026-01-20 17:24:49.673559,user_0530,melissahenry@ybl,michael02@okhdfcbank,969.14,13,34981735-4d38-4415-a036-35fca88d4108,Jaipur,931.05,0,0,639.29,none,0
T0044846,2026-01-26 02:13:55.887012,user_0644,terrireyes@oksbi,zacharyclements@oksbi,553.85,17,8e4c3ab5-6d5d-4477-adc2-9178a0411612,Chennai,684.09,0,0,1515.68,none,0
T0030647,2026-01-15 06:38:02.148925,user_0750,chensusan@oksbi,natalie15@ibl,475.77,11,ec1b8ca1-f91e-4d4c-9ff4-9b7889463e85,Jaipur,612.41,0,0,1067.83,none,0
T0022792,2026-01-13 17:49:00.449511,user_0177,millerbrian@ibl,andrewfoster@okhdfcbank,265.49,10,497ec6d1-081f-46dc-b8d9-a88aef0bea4f,Chennai,467.21,0,0,11.49,none,0
T0047781,2026-01-23 22:45:05.776728,user_0007,erica96@ybl,ebell@okhdfcbank,1245.93,11,177d6e7e-07d9-44ce-b8c8-8faea2178f84,Kolkata,1037.93,0,0,1259.46,none,0
T0045115,2026-01-23 02:42:21.819847,user_0349,mirandadavidson@paytm,mrivera@oksbi,2533.56,16,b4a69f3c-8d3a-4d99-b11c-21c9bdc14f1f,Jaipur,2231.35,0,0,316.64,none,0
T0047191,2026-01-26 14:31:53.100129,user_0538,zcortez@oksbi,vincentpaul@paytm,1230.43,14,69fb0763-8a9c-46f7-8ee4-e5125802b640,Ahmedabad,1111.95,0,0,142.15,none,0
T0049035,2026-01-25 22:47:33.338642,user_0272,melissa69@ybl,nixonjenna@ibl,467.52,23,c9ea356a-7abf-4ebf-942c-b1ae19f738cb,Hyderabad,608.94,0,0,362.16,none,0
T0020599,2026-01-12 19:09:37.654543,user_0085,cheryl27@okhdfcbank,jillian37@paytm,337.11,21,a748dbcf-ac61-4e63-8dde-29a6baa4b71a,Kolkata,261.66,0,0,165.65,none,0
T0039219,2026-01-18 11:43:51.928061,user_0225,bakerjim@ybl,ericmiranda@ibl,2337.22,3,46a56fe8-6f46-41b1-aace-1aa9103246b3,Bengaluru,2230.64,0,0,828.48,none,0
T0010703,2026-01-08 04:17:16.433543,user_0385,derrickrodriguez@ybl,newmangreg@okhdfcbank,125.33,13,5230dfbd-5553-42fe-a889-803e5913f9d3,Pune,116.88,0,0,170.92,none,0
T0031857,2026-01-23 01:10:57.293420,user_0143,heather06@paytm,paul99@paytm,426.77,14,c342bd2b-f295-456e-9967-5f06bd767e35,Pune,385.44,0,0,995.44,none,0
T0031756,2026-01-18 04:55:23.746907,user_0691,keith09@ybl,micheleramirez@oksbi,1431.0,13,64953d5f-0cb4-4891-988d-f23b3ccff6eb,Mumbai,1100.43,0,0,9.11,none,0
T0032995,2026-01-21 10:16:13.929845,user_0686,suttonamber@ybl,zarnold@ybl,619.19,13,702f31e5-62cc-4604-8c53-644b0053f649,Mumbai,419.05,0,0,241.16,none,0
T0000940,2026-01-01 14:10:57.968014,user_0115,ylewis@ibl,ralphmanning@oksbi,531.17,23,43ad3d62-b17c-4b21-8dbc-2c1ca4afe7bd,Chennai,679.76,0,0,201.46,none,0
T0043893,2026-01-19 18:39:37.667456,user_0634,michellejensen@ibl,christinajackson@paytm,332.26,11,13325c31-d010-418a-aadc-9960424211e2,Bengaluru,443.65,0,0,181.28,none,0
T0013569,2026-01-09 05:05:43.439209,user_0191,davidsmith@paytm,qhines@paytm,1970.76,20,c9d6a63b-ca3c-4f5f-9bb5-c40c03cde2e3,Delhi,1214.74,0,0,1444.77,none,0
T0019230,2026-01-15 04:51:09.790949,user_0439,colonjoseph@paytm,makaylahunter@oksbi,1805.14,7,22b5f457-1860-4d28-90af-b235ade68f51,Hyderabad,2112.92,0,0,339.26,none,0
T0013336,2026-01-06 06:18:53.443270,user_0630,lisa81@ibl,sandra90@ybl,3755.05,10,cac4d0eb-3373-430e-bc31-a5971f119c0f,Mumbai,2481.13,0,1,370.0,none,0
T0036330,2026-01-19 17:03:36.303078,user_0514,shane23@ibl,morrisdenise@ybl,656.11,13,8cc36f3b-c3af-4cfe-b34a-6ca38116e3fc,Kolkata,795.34,0,0,473.38,none,0
T0056274,2026-02-02 02:20:17.265341,user_0330,ivan63@oksbi,rosejamie@oksbi,640.59,16,b390b059-207b-4e21-a7e8-d18eddf6d4ac,Lucknow,726.22,0,0,255.62,none,0
T0005747,2026-01-05 02:45:58.235133,user_0647,gilbertcaldwell@okhdfcbank,jamesmullins@paytm,920.88,20,9a069295-3b8d-4447-8e61-065f171b1b80,Chennai,979.37,0,0,740.84,none,0
T0055979,2026-02-02 19:16:12.720692,user_0203,nhayes@paytm,jordangraham@ibl,69.73,10,453b45fe-636c-4499-9254-aad3809cd839,Chennai,221.99,0,0,381.05,none,0
T0058491,2026-02-12 18:00:43.577633,user_0106,velasquezmegan@ibl,williamsdiane@ibl,936.94,9,96792482-a3c9-48e4-8d22-38e6c7bf4fbc,Jaipur,723.4,0,0,1687.62,none,0
T0057395,2026-02-04 04:38:50.148727,user_0154,billmcfarland@oksbi,wigginsjessica@oksbi,317.94,12,5c9deee0-b42a-4456-8736-5a84725e134d,Mumbai,413.93,0,0,2525.72,none,0
T0002128,2026-01-02 10:42:37.132058,user_0496,kristinawilliamson@paytm,wjordan@okhdfcbank,559.96,15,9b4e2c24-9479-41e6-8927-7d9b6e0d2648,Mumbai,904.72,0,0,775.44,none,0
T0025865,2026-01-12 01:43:13.533453,user_0772,lisa65@ibl,allencharles@paytm,268.57,9,51beb80e-b7e6-414c-9c8a-49225005680f,Hyderabad,356.19,0,0,925.14,none,0
T0015711,2026-01-07 16:00:14.996715,user_0505,matthew62@oksbi,qwest@oksbi,1137.68,7,72f60958-12ef-4101-a082-786fca00ef58,Jaipur,1134.43,0,0,624.56,none,0
T0038191,2026-01-15 23:20:39.948814,user_0268,lanedavid@ybl,vgilmore@paytm,361.44,17,32f8dbab-b462-43e8-9c41-8a83eb04159c,Lucknow,735.04,0,0,40.36,none,0
T0054395,2026-02-03 02:42:04.769484,user_0649,gnguyen@okhdfcbank,ahaney@paytm,25.25,12,8f158449-4f40-422f-95b0-2530f020e992,Delhi,262.44,0,0,74.73,none,0
T0023528,2026-01-15 07:36:42.560318,user_0198,enewman@ybl,eroy@ybl,633.29,11,439e754c-6930-46ea-a0bd-a1ee5807cf74,Hyderabad,851.34,0,0,56.35,none,0
T0035648,2026-01-22 07:25:09.818062,user_0399,joanjohnson@ybl,cnorman@okhdfcbank,692.16,17,6601ddd0-3170-4437-a8f7-ef5a060edf5b,Mumbai,569.25,0,0,601.77,none,0
T0053195,2026-01-28 03:39:02.636642,user_0402,sharon20@ibl,shafferthomas@ybl,377.11,23,741b77f5-4c24-4053-a7f5-ae02af5b8f47,Hyderabad,481.53,0,0,69.81,none,0
T0051359,2026-02-01 21:36:01.309637,user_0348,jamesjustin@ybl,bdavis@oksbi,780.42,14,905f9096-2996-46e2-8c9d-690713b22cec,Delhi,953.76,0,0,30.56,none,0
T0028935,2026-01-15 06:54:54.288169,user_0654,shermandonna@ibl,claudiaharris@okhdfcbank,2302.18,15,7eccdaf4-c413-4dc2-85c5-ae8abe15ad12,Delhi,1925.58,0,1,246.44,none,0
T0026763,2026-01-14 08:53:40.619162,user_0026,nathan94@ybl,moorebenjamin@paytm,674.06,8,4baf0f5e-a932-4094-93f2-8f11147f6570,Kolkata,658.71,0,0,809.07,none,0
T0004901,2026-01-01 22:14:56.309927,user_0252,jennifercooper@oksbi,owensamber@paytm,1323.64,8,1f5df912-54e0-4431-8f13-3b65d450afa2,Ahmedabad,1160.09,0,0,394.54,none,0
T0010238,2026-01-08 13:20:12.570231,user_0241,brittanyholland@ybl,crodriguez@ibl,79.88,8,a8761e85-bddf-403a-aa84-30f84f2da233,Kolkata,196.82,0,0,213.89,none,0
T0031344,2026-01-15 16:08:23.153484,user_0670,thomasnicole@ibl,smithemma@ibl,218.13,6,271e3ee2-b1a6-41f1-a20e-99d33b33f3d8,Kolkata,325.38,0,1,64.08,none,0
T0043278,2026-01-25 23:38:33.952012,user_0034,kimberlyfreeman@okhdfcbank,georgeporter@okhdfcbank,1054.99,13,95831d58-ef4c-4119-8da5-d39b42c21797,Chennai,1403.38,0,0,2298.53,none,0
T0035287,2026-01-18 06:58:15.430570,user_0707,beckywilkinson@ybl,linda01@ybl,162.67,20,90ce77e9-7513-43b9-87de-96ea2b0fbe44,Jaipur,126.16,0,0,358.2,none,0
T0030859,2026-01-19 15:10:46.642442,user_0228,williamsdeborah@paytm,tdavies@ibl,295.74,19,dcb9075e-cdd7-4460-a140-77d39ec4ea48,Chennai,240.9,0,0,1240.42,none,0
T0058174,2026-01-30 00:07:32.039780,user_0390,jenniferacosta@ibl,stacy18@oksbi,1643.36,17,292bd156-db94-4570-9ac7-0ec0ab8ddeb4,Delhi,1163.09,0,0,1313.87,none,0
T0003957,2026-01-03 06:25:27.826269,user_0553,wilsonshannon@paytm,annette92@okhdfcbank,861.42,12,7de31a51-6694-4343-90ba-58e3d2762bdc,Ahmedabad,785.03,0,0,25.16,none,0
T0030765,2026-01-16 05:53:59.734049,user_0736,scottvasquez@paytm,browndavid@ibl,801.27,11,2a9527f6-f817-4ebf-ab6e-64c5bb8aa843,Bengaluru,731.33,0,1,627.97,none,0
T0009997,2026-01-09 05:10:23.033655,user_0152,eugenesingleton@ibl,fosterluis@ybl,643.65,19,956269f0-e5d7-4875-adad-d6c795a76d79,Bengaluru,1404.59,0,0,261.48,none,0
T0049356,2026-02-01 11:36:13.534262,user_0600,carl24@ybl,kgomez@ibl,207.92,6,5304317f-af42-412f-b838-b3268e944239,Pune,189.0,0,0,174.09,none,0
T0038750,2026-01-26 13:09:49.252841,user_0621,ericwilson@okhdfcbank,xramirez@ybl,2026.48,19,ac93281a-92eb-4ab0-a4ee-c67c1a57f9e4,Lucknow,2466.93,0,0,987.63,none,0
T0057884,2026-02-06 06:17:49.247281,user_0436,fhebert@okhdfcbank,dsmith@paytm,1180.09,9,2fb21e66-7ed1-4aab-89b7-c9bc65a16fa9,Delhi,1503.68,0,0,447.61,none,0
T0029341,2026-01-15 20:54:57.036252,user_0612,kimberly21@oksbi,stephanie75@okhdfcbank,955.2,15,5f32d5d8-2abe-4585-825e-0259b88416d2,Bengaluru,692.73,0,0,428.28,none,0
T0037278,2026-01-28 21:02:09.501936,user_0125,joshuastuart@ibl,sanchezcharles@oksbi,1743.57,13,ac9ed156-f63f-4e41-ba9a-ca5e176132ed,Mumbai,1422.34,0,0,2113.73,none,0
T0016121,2026-01-03 18:40:36.055686,user_0173,michellecoleman@ybl,melissasullivan@ybl,1612.76,16,54c63cd8-8945-4f27-97fa-2d8dfb2ca025,Jaipur,1258.68,0,0,559.94,none,0
T0056854,2026-01-31 19:04:12.120379,user_0767,jacksonbrendan@okhdfcbank,bennettshari@oksbi,664.8,9,e6b9d31a-361f-4d90-bad1-fa330ae4ac11,Lucknow,708.79,0,0,48.95,none,0
T0044327,2026-01-22 21:24:35.356204,user_0374,mauriceharrison@ybl,hughesmark@oksbi,1966.46,13,0f1259e0-a18f-46b6-b535-106e122c9a56,Jaipur,1484.05,0,0,1141.58,none,0
T0055986,2026-02-07 22:13:34.829839,user_0124,william66@okhdfcbank,mendezantonio@ibl,1625.89,16,b63b4dc3-a559-4463-b9e1-3ceab0cbc61f,Ahmedabad,1446.93,0,0,371.58,none,0
T0007190,2026-01-05 10:04:58.266090,user_0369,omills@ibl,josephreynolds@ybl,291.06,13,f8ded777-bb1e-4ae8-97d8-21b8bb93cd40,Mumbai,246.59,0,0,224.44,none,0
T0054074,2026-02-02 11:19:33.171026,user_0471,brentdennis@ibl,bshepherd@ibl,1075.83,14,310c0c00-3fa7-4104-9bf9-0e27dc96925e,Hyderabad,1784.06,0,0,2163.78,none,0
T0054949,2026-01-31 22:25:18.631304,user_0343,michael84@ybl,ggill@oksbi,389.6,16,310c0c00-3fa7-4104-9bf9-0e27dc96925e,Ahmedabad,486.46,0,0,2039.65,none,0
T0056254,2026-02-01 19:01:01.071947,user_0725,austinharvey@ybl,johnsonwilliam@okhdfcbank,172.11,22,43bfd931-3605-4f54-a021-c0ca3531968d,Pune,238.44,0,0,194.46,none,0
T0011488,2026-01-08 11:11:30.683252,user_0378,laurakelley@oksbi,steven20@paytm,558.69,9,aaf91531-0200-41f0-8768-a84fa76afde6,Hyderabad,824.28,0,1,1427.14,none,0
T0017402,2026-01-13 08:54:20.384570,user_0711,noahthornton@oksbi,thomas07@ibl,1207.07,12,a04d4d14-197d-4ae1-8bc2-ea720c648ca2,Pune,1048.55,0,0,1087.58,none,0
T0035585,2026-01-17 18:02:31.682776,user_0206,edwardskristen@okhdfcbank,fadams@ibl,1481.48,12,4767d76c-162f-4a24-af43-613cd4aac9a3,Delhi,1264.88,0,0,372.59,none,0
T0028849,2026-01-15 21:59:58.669570,user_0731,kenneth17@oksbi,steven29@ibl,676.27,12,30e912f2-f2b4-4abf-8441-aefd0299436a,Delhi,666.89,0,0,86.41,none,0
T0017744,2026-01-10 04:58:14.091989,user_0175,elucas@okhdfcbank,kwilliams@ybl,1120.92,12,9132b63e-f162-47e4-a9c3-49e03602f8ac,Ahmedabad,888.28,0,0,347.11,none,0
T0004304,2026-01-01 11:42:22.581384,user_0088,alexander89@okhdfcbank,marthagriffin@okhdfcbank,958.78,19,709b7d97-464c-44af-bd3f-3799a07295e9,Jaipur,860.08,0,0,243.88,none,0
T0037356,2026-01-15 22:25:02.206920,user_0566,sanchezamy@paytm,gordonlinda@ybl,969.75,13,06e3f949-8cd3-4c62-8482-9b71ae84b81c,Ahmedabad,730.65,0,0,208.23,none,0
T0004029,2026-01-06 22:23:06.481670,user_0702,laurenatkins@oksbi,wlynch@oksbi,407.65,7,502cf0ee-224a-46a6-ac0f-680115b24e1d,Lucknow,317.95,0,0,562.77,none,0
T0051654,2026-02-09 01:53:26.112572,user_0046,gary04@ybl,khanjeremy@paytm,1346.38,17,98af5cca-6b11-47cb-a372-542482c56b21,Jaipur,762.64,0,0,587.0,none,0
T0049773,2026-01-20 23:44:38.532828,user_0723,foxgina@paytm,stevenstephens@paytm,1185.03,19,09cb3942-43f5-4a85-bbc9-f87af668a617,Chennai,1342.79,0,1,627.05,none,0
T0046768,2026-02-05 22:51:04.146473,user_0380,twright@ibl,aburgess@oksbi,546.74,23,61ee411a-1bac-47a7-b386-f7a4c991603f,Delhi,699.9,0,0,173.07,none,0
T0034371,2026-01-16 15:59:18.125834,user_0169,pwilliams@paytm,adamsleslie@okhdfcbank,1155.58,17,14e4180c-fe99-46a3-a2db-c8503c5bf3a7,Lucknow,1068.96,0,1,525.9,none,0
T0013988,2026-01-05 08:51:01.250933,user_0460,jesseshepherd@ibl,christopher19@okhdfcbank,1380.26,21,d4f76322-b362-40d2-a498-8bdecd0254db,Mumbai,1598.12,0,0,3.24,none,0
T0049429,2026-01-21 23:06:15.678404,user_0050,stacyhull@ibl,melissadoyle@paytm,400.11,8,92a54d04-f2dd-41f5-b3b6-d344f2e3c6f0,Bengaluru,380.25,0,0,547.14,none,0
T0055328,2026-02-03 05:51:41.338404,user_0724,jeffrey44@ibl,garrisonangela@ybl,401.08,21,b4323070-a23d-4c2f-82a7-96891933918c,Mumbai,387.58,0,0,170.16,none,0
T0030583,2026-01-23 04:38:31.586940,user_0496,kristinawilliamson@paytm,bguerrero@ybl,1154.54,8,9b4e2c24-9479-41e6-8927-7d9b6e0d2648,Mumbai,904.72,0,1,9.91,none,0
T0056598,2026-01-19 15:19:00.103648,user_0551,nicoledavis@oksbi,oanderson@ybl,266.54,14,58c1aad6-f3f8-4ea4-bf14-eafa29f0ef7c,Hyderabad,424.83,0,0,520.89,none,0
T0015167,2026-01-11 01:31:00.074193,user_0654,shermandonna@ibl,olivia38@oksbi,1395.87,6,7eccdaf4-c413-4dc2-85c5-ae8abe15ad12,Pune,1925.58,0,0,1023.3,none,0
T0003689,2026-01-02 13:41:29.251721,user_0447,laurapierce@oksbi,galvanjeanette@ybl,1023.47,4,40afbf3f-3df5-4967-8d86-70bda2224f96,Ahmedabad,1084.29,0,0,418.93,none,0
T0038816,2026-01-20 07:17:41.486006,user_0720,aprilbyrd@paytm,theresa03@oksbi,871.45,14,1cce08e9-6b6a-4061-881c-8d3185c69fbf,Pune,820.84,0,0,154.68,none,0
T0042511,2026-01-22 13:37:12.233810,user_0042,katherine83@ybl,ncervantes@okhdfcbank,786.59,7,614c721d-a921-4b4c-95fb-e976ae007b7e,Lucknow,921.39,0,0,712.0,none,0
T0057491,2026-01-31 14:11:34.696006,user_0080,pmarsh@oksbi,gallegosjames@ybl,491.93,13,3e2b6091-a092-452a-94a0-57a7b0cc1b3b,Chennai,345.67,0,0,659.51,none,0
T0021975,2026-01-13 03:24:40.154219,user_0679,robert89@ibl,ramseyamy@paytm,387.06,6,15669e36-4708-403b-a716-10c19db54283,Pune,839.11,0,0,1681.6,none,0
T0014778,2026-01-10 14:50:19.134378,user_0349,mirandadavidson@paytm,ipierce@okhdfcbank,3002.48,3,b4a69f3c-8d3a-4d99-b11c-21c9bdc14f1f,Jaipur,2231.35,0,0,36.58,none,0
T0012335,2026-01-10 23:15:34.999517,user_0002,wellsdavid@paytm,christinewilliams@paytm,703.65,15,2ab7b2ef-8e0e-4033-ac59-1da8fff96acf,Jaipur,602.91,0,0,1699.55,none,0
T0039525,2026-01-26 13:12:08.672698,user_0504,williamssandra@ibl,hollywilson@oksbi,538.1,6,0426fcc9-255b-40e2-bdc2-b74b38a56b49,Lucknow,478.39,0,0,177.63,none,0
T0045506,2026-01-25 11:27:55.721040,user_0466,michael66@ybl,cgonzalez@ybl,631.41,15,fbe94499-dbc0-40fd-86fb-7bf300b9d4a3,Chennai,760.07,0,0,102.41,none,0
T0013820,2026-01-07 00:21:09.399872,user_0433,hbarrett@okhdfcbank,joshua13@ybl,1222.28,12,27aa7cbc-2337-4bbc-bffe-77c839feb99c,Delhi,816.74,0,0,1207.98,none,0
T0053990,2026-02-01 13:48:48.284700,user_0383,justin84@ibl,matthew24@ybl,1959.48,20,f510ab53-c7fe-439f-9190-f938a66fd7f7,Kolkata,1833.96,0,0,43.62,none,0
T0050644,2026-02-02 04:31:28.804138,user_0711,noahthornton@oksbi,timothybradley@okhdfcbank,846.14,10,37bb3eec-4bf5-4b52-b09d-258c27a0c3d7,Pune,1048.55,0,0,360.69,none,0
T0009309,2026-01-09 09:52:43.340741,user_0695,mitchellchristopher@ibl,elizabethjames@ybl,462.71,17,9b792afa-2a3d-418d-a754-a29ff143e545,Kolkata,468.23,0,0,801.38,none,0
T0007749,2026-01-03 20:58:02.338913,user_0427,rlee@oksbi,amandarichardson@ybl,403.01,10,c3a00c6f-2321-41e1-8471-04c036136e15,Hyderabad,407.73,0,0,213.98,none,0
T0035445,2026-01-24 17:22:05.686180,user_0145,tammy00@paytm,ronald33@ibl,1466.08,7,6601ddd0-3170-4437-a8f7-ef5a060edf5b,Lucknow,1012.92,0,0,912.31,none,0
T0041842,2026-01-19 06:05:15.690311,user_0126,shawn22@ybl,kyle47@oksbi,1078.92,3,5d71a898-6497-4593-892e-8c93d105c8d6,Ahmedabad,1019.57,0,0,1164.89,none,0
T0028739,2026-01-24 20:39:06.557726,user_0046,gary04@ybl,zstanley@ybl,668.08,4,98af5cca-6b11-47cb-a372-542482c56b21,Jaipur,762.64,0,0,76.29,none,0
T0025726,2026-01-16 02:18:22.173098,user_0411,ndavis@paytm,coreyjones@paytm,695.36,10,a56b61e0-4ba8-44ca-a449-cb6fbf72ae52,Bengaluru,797.33,0,0,750.76,none,0
T0011896,2026-01-06 07:04:49.061772,user_0381,oclayton@paytm,matthewdavis@ibl,627.67,21,9c1c3517-85d2-40a6-8629-5b5d707df251,Delhi,473.58,0,0,453.96,none,0
T0058023,2026-01-30 17:25:59.681691,user_0540,richjohn@oksbi,sheilagonzalez@paytm,386.66,17,6a36af18-06d3-4b93-ae33-688d597e6845,Lucknow,419.4,0,0,1282.87,none,0
T0018233,2026-01-09 08:56:15.296862,user_0565,mramos@paytm,cheryl59@okhdfcbank,503.23,19,d6cd3155-08a8-4c7f-8621-38ad0f09105c,Hyderabad,608.95,0,0,723.92,none,0
T0017149,2026-01-06 11:13:05.825217,user_0036,whill@oksbi,hmyers@ibl,349.27,13,c28fa16b-0aa6-4cb9-81bc-be59d296a12d,Delhi,370.42,0,0,751.84,none,0
T0045835,2026-01-15 02:35:00.885432,user_0236,jerryrobertson@ibl,bstephens@ybl,799.44,11,6786d506-38ba-4abc-8b53-05e517d2582e,Chennai,741.22,0,0,327.71,none,0
T0026150,2026-01-08 16:03:22.556341,user_0744,ortegajoseph@oksbi,melissa38@oksbi,409.07,18,40a26c60-0d27-4659-b72a-da9b2f32751e,Delhi,746.35,0,0,604.6,none,0
T0034924,2026-01-14 02:39:56.287227,user_0180,ystewart@ybl,tlawrence@ybl,1117.34,19,8a4b8f7c-2147-4a15-bcce-96f6250a4578,Chennai,1040.97,0,0,338.33,none,0
T0055572,2026-02-05 02:10:29.822230,user_0140,lisa19@ibl,john80@ibl,323.12,10,8d93e14a-5b16-4158-ba67-470c7d98302f,Kolkata,433.62,0,0,1644.65,none,0
T0055499,2026-01-29 14:23:11.419660,user_0612,kimberly21@oksbi,martinthornton@ybl,768.45,13,5f32d5d8-2abe-4585-825e-0259b88416d2,Bengaluru,692.73,0,0,244.2,none,0
T0013343,2026-01-06 07:42:50.823581,user_0308,justinross@okhdfcbank,cookadam@ybl,1184.51,12,fcc4091b-f457-47c6-b894-6a15c34201db,Chennai,1103.8,0,0,195.14,none,0
T0038818,2026-01-20 05:13:45.401383,user_0453,michael77@ybl,jessicapatel@ibl,2225.22,16,3ae28023-5472-4d2d-b239-9ffb27046f25,Delhi,1421.8,0,0,434.08,none,0
T0025031,2026-01-11 05:30:42.206482,user_0593,collierjames@paytm,huntmatthew@ybl,722.71,10,6c521d13-b719-4b68-a775-ee42a89e22f2,Delhi,496.98,0,0,349.75,none,0
T0057468,2026-01-26 11:43:32.215420,user_0738,irodriguez@oksbi,ksmith@ibl,976.79,23,6e417d47-5ff5-45ea-9bc4-40f14b1a269b,Bengaluru,703.83,0,0,541.45,none,0
T0018637,2026-01-10 07:35:35.853539,user_0103,petersenlatoya@oksbi,wongjaclyn@paytm,647.48,7,0123a348-638a-4df6-adf7-2cd3979aa051,Chennai,398.27,0,0,1003.32,none,0
T0042488,2026-01-23 20:04:40.836330,user_0467,kanejeremy@oksbi,angie98@oksbi,1225.25,16,473bd358-610e-4a64-a130-1617c2dff335,Jaipur,1432.13,0,0,455.48,none,0
T0039093,2026-01-13 21:44:36.766345,user_0415,linda73@oksbi,gcarlson@ybl,545.27,19,f8ded777-bb1e-4ae8-97d8-21b8bb93cd40,Chennai,626.1,0,0,482.37,none,0
T0028259,2026-01-10 00:22:45.185249,user_0683,jessicafox@ibl,mbrewer@oksbi,374.91,17,ed1115d7-50a4-4c85-99d5-7b0242d04d55,Kolkata,415.9,0,0,240.13,none,0
T0039047,2026-01-29 12:50:48.712452,user_0786,carlsonjennifer@ibl,jeremyschultz@ibl,667.08,13,8d244e3e-c4da-4ddb-a0b1-5abaa6a27967,Jaipur,816.66,0,0,550.13,none,0
T0033984,2026-01-11 10:05:58.636963,user_0173,michellecoleman@ybl,robert07@ybl,1837.83,15,54c63cd8-8945-4f27-97fa-2d8dfb2ca025,Jaipur,1258.68,0,0,265.0,none,0
T0024272,2026-01-12 16:19:27.272545,user_0435,smithsamantha@paytm,bradyamy@oksbi,973.82,23,bcd4344f-cf8a-468e-b5ba-93573ca87f31,Chennai,781.68,0,0,114.48,none,0
T0032083,2026-01-13 04:54:38.333966,user_0408,novakbianca@ybl,tmason@oksbi,475.65,19,771ad655-cdfc-4ee0-a61e-de900267deb3,Mumbai,473.01,0,1,101.3,none,0
T0004835,2026-01-05 04:52:23.987902,user_0535,fcamacho@okhdfcbank,delgadotiffany@paytm,805.56,18,c4615234-8044-4eb2-b66e-dbf4a0ea0251,Pune,1153.44,0,0,619.73,none,0
T0033130,2026-01-15 11:24:00.627714,user_0651,georgegina@ybl,fclark@ybl,1922.91,11,74962764-12a4-4ef0-84bb-b7a9d98868dd,Pune,1709.3,0,1,184.58,none,0
T0014112,2026-01-08 05:28:51.242666,user_0799,washingtondarren@ibl,amatthews@ibl,1600.91,19,e08596db-1d87-4966-8710-d430f071d879,Chennai,1319.75,0,0,749.35,none,0
T0042555,2026-01-19 01:35:03.254240,user_0658,veronica90@oksbi,jessica51@okhdfcbank,3063.08,23,692ac139-1f4a-4ca1-ab85-fd595463adc7,Delhi,1974.9,0,0,1113.38,none,0
T0048155,2026-01-21 23:50:53.836826,user_0397,lisa01@paytm,ywilliams@ybl,909.78,18,b253d218-6c4a-47ea-8906-17f2747b6dba,Delhi,1512.43,0,0,88.76,none,0
T0040886,2026-01-31 15:43:14.210348,user_0454,csmith@ybl,briannacoffey@ybl,713.14,12,75b17a55-d426-4982-a43e-4288a2b5b498,Mumbai,696.45,0,0,222.61,none,0
T0001112,2026-01-01 08:12:20.259825,user_0596,imcclain@ibl,valerie47@ybl,1173.07,12,1fe771d6-d917-4793-a9d3-c2e6505cc686,Ahmedabad,1416.75,0,0,125.18,none,0
T0043933,2026-01-31 03:37:00.376510,user_0289,james98@ibl,ubrooks@paytm,344.66,7,97777f10-f2d2-493f-8e85-140d0f9aeb70,Kolkata,311.68,0,0,93.45,none,0
T0046068,2026-01-19 21:22:19.014310,user_0021,william28@paytm,ellisbradley@oksbi,257.25,18,a981b098-b2cf-452d-a7f3-33b3f7baf55e,Bengaluru,264.07,0,0,786.39,none,0
T0034551,2026-01-19 16:13:43.371605,user_0552,heather21@okhdfcbank,drewgreen@ybl,2668.92,8,5e717fca-020a-4497-b4ed-51458d9765c7,Jaipur,2146.15,0,1,723.44,none,0
T0027756,2026-01-11 04:27:30.886495,user_0252,jennifercooper@oksbi,mcdowellbrandi@ybl,1150.49,6,1f5df912-54e0-4431-8f13-3b65d450afa2,Ahmedabad,1160.09,0,0,1219.4,none,0
T0003646,2026-01-01 21:41:16.269829,user_0753,gregorywilliams@oksbi,chunglaura@okhdfcbank,672.74,13,4082cbb9-48bd-4b3e-a2f5-df2badaa44ca,Mumbai,447.43,0,0,54.83,none,0
T0027029,2026-01-12 00:36:42.053060,user_0243,ashleymartin@paytm,john96@paytm,1369.93,6,3c20592f-c04a-46c4-b3b6-3fe1d1843324,Lucknow,1881.32,0,0,128.66,none,0
T0050107,2026-01-20 08:11:45.020220,user_0233,zacharygomez@ibl,lvalenzuela@okhdfcbank,386.53,23,eec259dc-7f95-497c-a76a-a6ced50755d9,Delhi,659.25,0,0,626.2,none,0
T0038230,2026-01-20 11:11:45.850661,user_0176,andrewlove@ybl,kevin66@okhdfcbank,270.87,12,170d7507-05ee-41d4-bf53-a88e4efc8248,Chennai,373.67,0,0,863.91,none,0
T0003568,2026-01-01 16:08:29.283481,user_0290,christinacraig@oksbi,bryan38@oksbi,616.12,12,d0e6e660-7c69-4ee1-bb5e-4bcf15ed6269,Kolkata,623.13,0,0,341.21,none,0
T0006264,2026-01-04 16:01:20.380969,user_0311,staceyvega@ybl,aaroncarter@oksbi,885.64,14,aaf91531-0200-41f0-8768-a84fa76afde6,Lucknow,741.44,0,0,708.72,none,0
T0002238,2026-01-01 06:33:10.821479,user_0486,scottglass@okhdfcbank,cmurray@oksbi,846.22,13,0d31812e-30c3-4756-9453-f867b97e6224,Ahmedabad,1538.46,0,0,393.18,none,0
T0030279,2026-01-17 06:43:31.293497,user_0156,tracy98@okhdfcbank,bcuevas@ibl,1591.32,19,c6435300-68a5-4c68-a32d-bb5e486bb6bf,Mumbai,1202.03,0,0,922.88,none,0
T0018985,2026-01-09 06:40:16.266858,user_0207,xhill@ibl,harrisscott@oksbi,614.46,22,80599b93-79c2-42e4-9ae1-a991524f93ff,Hyderabad,637.44,0,0,215.7,none,0
T0008208,2026-01-04 13:29:24.461571,user_0061,huntchristine@paytm,dixonderek@okhdfcbank,496.31,21,f5c9b047-9c10-4572-8f6b-40d09efba58b,Kolkata,522.18,0,0,310.46,none,0
T0023496,2026-01-12 11:05:45.261279,user_0182,avilabrenda@ybl,rmaldonado@ibl,1766.75,20,7b85179a-d5b0-47e0-aa5d-932b45ff2c83,Jaipur,1240.2,0,0,182.64,none,0
T0045323,2026-01-24 17:44:59.160920,user_0565,mramos@paytm,thomasgriffith@okhdfcbank,626.29,10,4fa03f26-f6f7-40cc-a9ec-8e49d1bdb8c0,Hyderabad,608.95,0,0,139.81,none,0
T0058469,2026-02-03 13:07:09.605148,user_0605,crawfordjohn@ibl,johnstonmichael@paytm,731.51,14,cc1b4157-ec9f-4c54-9e0a-72ab7f5db163,Chennai,703.56,0,0,314.55,none,0
T0026914,2026-01-15 09:26:13.460692,user_0060,cindy26@ybl,rebekahwilliamson@ibl,171.38,10,e00da49d-effa-4002-b040-413c4690fb15,Delhi,220.34,0,0,368.22,none,0
T0054114,2026-02-01 08:59:21.244307,user_0032,matthewbenitez@oksbi,michael77@oksbi,576.02,5,7c0e8cd8-8573-4793-8715-b2b9c40c5d91,Chennai,424.64,0,0,289.85,none,0
T0052935,2026-01-24 08:58:32.581874,user_0553,wilsonshannon@paytm,david89@ybl,933.52,3,7de31a51-6694-4343-90ba-58e3d2762bdc,Ahmedabad,785.03,0,1,721.62,none,0
T0041092,2026-01-16 00:26:48.928086,user_0715,davisamanda@ybl,sanchezmariah@paytm,676.2,16,f6ff3521-c225-4530-952a-53459682d9ff,Lucknow,404.41,0,0,151.42,none,0
T0019317,2026-01-11 03:54:42.448799,user_0013,edwardcannon@okhdfcbank,jhall@okhdfcbank,601.14,14,cf03f0c8-0eff-45bd-87eb-340dc74e48ff,Pune,606.74,0,1,481.01,none,0
T0057973,2026-01-29 06:14:27.575197,user_0692,jessica94@ybl,uespinoza@okhdfcbank,611.04,15,d773f98d-550c-4fe9-a54c-11d9f2e61828,Jaipur,954.0,0,0,1216.81,none,0
T0055060,2026-02-04 19:13:14.824866,user_0198,enewman@ybl,bowersbethany@okhdfcbank,687.83,18,439e754c-6930-46ea-a0bd-a1ee5807cf74,Hyderabad,851.34,0,0,84.64,none,0
T0021557,2026-01-08 03:29:38.030908,user_0217,philip94@okhdfcbank,rsanchez@ibl,1342.53,13,27aa7cbc-2337-4bbc-bffe-77c839feb99c,Kolkata,1008.32,0,0,179.33,none,0
T0009568,2026-01-05 23:54:49.770806,user_0647,gilbertcaldwell@okhdfcbank,rickmartin@okhdfcbank,1199.15,17,9a069295-3b8d-4447-8e61-065f171b1b80,Chennai,979.37,0,0,170.2,none,0
T0043890,2026-01-30 15:13:43.994014,user_0676,lkelly@ibl,zacharysanchez@oksbi,628.72,8,ccac2fb5-1a0c-4c04-93cd-129110042d82,Lucknow,772.58,0,0,648.99,none,0
T0040853,2026-01-23 04:26:18.040303,user_0275,jwhite@oksbi,martinjudy@oksbi,125.42,15,9191b363-4e2d-4645-adc7-cac7fd72b050,Pune,200.41,0,1,21.61,none,0
T0038172,2026-01-17 03:57:30.043689,user_0717,matthew41@paytm,rmichael@oksbi,801.05,23,48603b32-b4fb-4eb9-89c1-3de73b4206c5,Lucknow,566.26,0,1,1746.08,none,0
T0034166,2026-01-15 01:40:44.290187,user_0772,lisa65@ibl,anthony06@paytm,295.32,14,51beb80e-b7e6-414c-9c8a-49225005680f,Hyderabad,356.19,0,0,590.34,none,0
T0046685,2026-01-24 15:40:24.852831,user_0727,stephanielittle@ibl,cwright@okhdfcbank,1111.12,6,7eccdaf4-c413-4dc2-85c5-ae8abe15ad12,Pune,1014.9,0,0,462.38,none,0
T0030055,2026-01-16 22:56:55.387510,user_0470,markwolfe@okhdfcbank,nunezpatricia@okhdfcbank,436.58,23,ec6a37ad-81b1-4db9-88cc-4d49669b29b8,Lucknow,512.06,0,0,356.94,none,0
T0049560,2026-01-30 07:44:49.085034,user_0709,williamssteven@ybl,charlescain@paytm,2335.56,17,2d79a2d1-506e-40c7-baa0-61e9336b00cb,Jaipur,2007.07,0,0,101.58,none,0
T0004033,2026-01-03 11:26:33.932122,user_0481,kmorris@paytm,jessicahawkins@ybl,1336.55,14,5f65c8ce-bd21-4c11-be9d-61ee18b87245,Ahmedabad,806.37,0,0,497.82,none,0
T0053179,2026-02-03 11:24:55.987108,user_0339,kristen44@paytm,trobbins@okhdfcbank,317.14,11,30d73df7-1c22-4cea-b355-56a5f2bd92f2,Chennai,367.06,0,0,402.14,none,0
T0025083,2026-01-15 08:14:27.067339,user_0202,christine35@ybl,craigkim@ibl,262.89,9,14296c07-f26b-4776-913e-4de2e0c53cb8,Ahmedabad,213.63,0,0,803.41,none,0
T0039805,2026-01-17 22:12:55.246054,user_0290,christinacraig@oksbi,christopherspencer@ibl,493.35,13,d0e6e660-7c69-4ee1-bb5e-4bcf15ed6269,Kolkata,623.13,0,0,1843.31,none,0
T0056232,2026-01-23 20:19:02.637002,user_0230,mary49@oksbi,anthonyberg@okhdfcbank,1753.61,18,12a1fe7d-dfa5-4722-8a1f-c9df9a591974,Mumbai,1530.03,0,0,158.94,none,0
T0056909,2026-01-27 15:47:13.667569,user_0413,deanna81@ibl,coxkaren@oksbi,194.32,15,59e7703a-70aa-4b0d-aa03-8ad4a667b982,Jaipur,166.1,0,0,806.7,none,0
T0056415,2026-01-29 19:02:43.728445,user_0612,kimberly21@oksbi,lindapowell@oksbi,793.99,20,5f32d5d8-2abe-4585-825e-0259b88416d2,Bengaluru,692.73,0,0,279.54,none,0
T0045781,2026-01-29 06:33:49.302365,user_0305,oschultz@ibl,kristinathomas@paytm,809.02,9,4baf0f5e-a932-4094-93f2-8f11147f6570,Ahmedabad,1056.87,0,0,188.35,none,0
T0028948,2026-01-19 17:45:32.385314,user_0044,jeremywiley@ybl,rodriguezcarolyn@oksbi,665.89,10,cc530e36-addc-4e13-ab3b-4d37560c95ee,Delhi,698.34,0,1,1442.46,none,0
T0047814,2026-01-20 01:54:02.489001,user_0687,chloe58@paytm,kelli29@ibl,639.33,3,d6312a80-1c61-4ec2-9014-2131750565f5,Chennai,575.66,0,1,1507.45,none,0
T0046428,2026-01-30 01:18:53.887238,user_0264,brianna91@paytm,jessica94@okhdfcbank,435.59,14,a2a9d4d8-102e-4de5-a5cc-8bf738ab854c,Ahmedabad,385.33,0,0,1663.68,none,0
T0000413,2026-01-01 00:06:01.040341,user_0719,jessicachapman@ibl,robert84@paytm,859.29,22,0f5ae9d3-8e6e-4003-a14f-3f12cfd01cbd,Lucknow,792.56,0,0,6.02,none,0
T0040575,2026-01-26 03:15:54.309612,user_0104,pamela83@paytm,williamsnicholas@okhdfcbank,816.05,14,90ce77e9-7513-43b9-87de-96ea2b0fbe44,Hyderabad,677.64,0,0,680.5,none,0
T0019267,2026-01-15 01:57:16.164355,user_0152,eugenesingleton@ibl,tmunoz@oksbi,1452.47,12,956269f0-e5d7-4875-adad-d6c795a76d79,Bengaluru,1404.59,0,0,287.36,none,0
T0041019,2026-01-29 07:57:24.073167,user_0141,juliahoffman@ybl,perezdarryl@oksbi,52.82,20,e0527739-4d40-4f1b-bca5-be2952171bf3,Lucknow,122.4,0,0,630.72,none,0
T0003728,2026-01-03 16:19:01.095149,user_0026,nathan94@ybl,kmorris@oksbi,598.38,8,4baf0f5e-a932-4094-93f2-8f11147f6570,Kolkata,658.71,0,0,63.23,none,0
T0006971,2026-01-04 09:01:39.589174,user_0193,jason53@ybl,thomas27@oksbi,339.75,17,b8a6171f-1ee3-4dc4-bb04-8a8b405bfdc9,Mumbai,352.38,0,0,380.1,none,0
T0032464,2026-01-20 10:59:07.397852,user_0192,fmedina@paytm,keithcooper@okhdfcbank,357.53,8,24108e9a-3f77-4cae-b318-b96d44790612,Mumbai,710.36,0,1,401.43,none,0
T0033906,2026-01-22 22:59:33.511742,user_0655,yschmidt@paytm,herreracody@ybl,394.59,14,f296d9f0-cd23-42c2-abff-e17b532401fc,Pune,367.97,0,0,594.4,none,0
T0003076,2026-01-02 04:21:59.822588,user_0067,aaronpowers@okhdfcbank,monicaavery@ybl,738.77,4,71299889-a01a-4992-bf9d-3e64c1a6423b,Hyderabad,703.07,0,0,957.5,none,0
T0023202,2026-01-13 19:46:24.176926,user_0110,aaronkelly@oksbi,jcastro@okhdfcbank,209.52,16,0426fcc9-255b-40e2-bdc2-b74b38a56b49,Mumbai,302.48,0,0,743.31,none,0
T0012661,2026-01-06 09:41:36.922611,user_0748,imartinez@paytm,gmay@okhdfcbank,297.24,21,aee1e86b-9ea5-46aa-a1ee-6c5bdeef580f,Mumbai,266.78,0,0,113.33,none,0
T0051698,2026-01-28 10:17:02.940519,user_0653,davislisa@okhdfcbank,jennifer22@okhdfcbank,635.39,18,624c69b6-b244-45a7-b7e5-848131c681ec,Jaipur,724.74,0,0,768.83,none,0
T0007602,2026-01-06 05:53:09.920461,user_0399,joanjohnson@ybl,robert48@paytm,701.07,17,6601ddd0-3170-4437-a8f7-ef5a060edf5b,Mumbai,569.25,0,0,261.44,none,0
T0030146,2026-01-18 03:09:19.289749,user_0505,matthew62@oksbi,michelegilbert@ibl,1321.01,21,72f60958-12ef-4101-a082-786fca00ef58,Jaipur,1134.43,0,0,751.68,none,0
T0010629,2026-01-07 14:21:24.673531,user_0506,reedmichael@oksbi,shelly47@ibl,1619.82,12,f31046dc-6202-4ee6-9cb5-e69c5dc7b3e6,Ahmedabad,2197.28,0,0,12.32,none,0
T0013340,2026-01-10 04:07:13.447801,user_0529,xjoseph@okhdfcbank,bryan78@ybl,422.77,12,f065c817-687a-4850-9d9b-62317d45d8ef,Lucknow,467.69,0,0,232.58,none,0
T0037303,2026-01-25 15:54:42.537714,user_0793,ginaschmitt@paytm,faulknerjoshua@okhdfcbank,1868.93,13,6e3cdd4f-55b1-45e4-b0b2-7304545cd88d,Delhi,1374.64,0,0,42.99,none,0
T0053370,2026-01-30 17:43:22.305122,user_0253,ecarlson@okhdfcbank,gward@ybl,1899.12,10,9feefdff-c566-4a81-b15e-54f6d4d30795,Hyderabad,1960.9,0,0,161.58,none,0
T0045926,2026-01-24 01:21:18.410010,user_0540,richjohn@oksbi,lovejoann@paytm,458.45,14,6a36af18-06d3-4b93-ae33-688d597e6845,Chennai,419.4,0,1,2059.62,none,0
T0027654,2026-01-16 20:02:21.332834,user_0141,juliahoffman@ybl,edwardscaitlin@okhdfcbank,143.42,17,e0527739-4d40-4f1b-bca5-be2952171bf3,Lucknow,122.4,0,0,632.39,none,0
T0005504,2026-01-04 08:18:56.650934,user_0061,huntchristine@paytm,jefferywalker@okhdfcbank,420.34,11,f5c9b047-9c10-4572-8f6b-40d09efba58b,Kolkata,522.18,0,0,142.85,none,0
T0002169,2026-01-04 13:32:33.390744,user_0062,daniel17@oksbi,psherman@ibl,967.36,14,186b2880-ab54-4a15-a69d-01ff1634725b,Hyderabad,636.8,0,0,1006.57,none,0
T0001653,2026-01-02 12:42:14.738090,user_0608,kristen31@ybl,chrishernandez@ybl,498.68,4,72f60958-12ef-4101-a082-786fca00ef58,Kolkata,546.47,0,0,585.81,none,0
T0010877,2026-01-09 04:10:15.518128,user_0287,daniellegonzales@paytm,andrew28@oksbi,1109.62,18,143029a9-d88f-4c94-88b7-63d5e519dd7e,Jaipur,757.42,0,0,681.74,none,0
T0017326,2026-01-09 09:16:19.382195,user_0343,michael84@ybl,hoffmanangie@oksbi,678.85,14,310c0c00-3fa7-4104-9bf9-0e27dc96925e,Ahmedabad,486.46,0,0,1857.39,none,0
T0054762,2026-01-28 09:44:06.517904,user_0608,kristen31@ybl,parkermelanie@oksbi,660.29,8,72f60958-12ef-4101-a082-786fca00ef58,Kolkata,546.47,0,0,743.49,none,0
T0028120,2026-01-21 13:19:06.420770,user_0144,ybutler@ibl,serranorose@okhdfcbank,709.4,15,92779574-c457-4cc3-b5f7-89bca6b07458,Delhi,659.15,0,0,903.7,none,0
T0017392,2026-01-11 06:18:47.652338,user_0741,johnsonchad@okhdfcbank,amber45@paytm,124.71,6,23e2fcb4-72d8-467d-894a-05e430b187ef,Pune,242.79,0,0,191.32,none,0
T0057803,2026-02-02 06:19:00.511591,user_0039,epowell@paytm,ucastro@oksbi,590.25,12,54c63cd8-8945-4f27-97fa-2d8dfb2ca025,Lucknow,625.32,0,0,151.73,none,0
T0038704,2026-01-25 13:21:58.559168,user_0084,ywhite@okhdfcbank,gregory28@oksbi,1286.83,12,63f2ae24-fc3d-4348-808d-4127610461e3,Jaipur,1231.18,0,0,319.63,none,0
T0003217,2026-01-02 06:32:07.395566,user_0223,jillwebb@ibl,njohnson@oksbi,550.5,14,504867ba-bf7b-439b-8f9a-ea4b8acd4e10,Ahmedabad,480.36,0,0,14.98,none,0
T0025715,2026-01-13 00:05:13.251467,user_0059,turnerdorothy@ybl,kevinclayton@ybl,289.18,8,f3025d16-1eca-4ae9-a5bf-213d9eca381b,Hyderabad,860.77,0,0,1192.69,none,0
T0003536,2026-01-02 19:27:21.982555,user_0229,padillaadrienne@paytm,vanessa44@okhdfcbank,3138.62,14,269cd696-236c-4b87-94a0-bccb8a476a87,Mumbai,2180.16,0,0,17.68,none,0
T0008022,2026-01-04 06:35:05.200274,user_0784,douglasnelson@okhdfcbank,eileenjohnson@paytm,342.97,6,7387928a-29a3-4b6d-b9bf-ca38afe9be90,Delhi,424.36,0,0,578.11,none,0
T0024923,2026-01-13 15:17:45.142440,user_0763,joycehall@ibl,ufleming@okhdfcbank,508.53,16,694d7b00-8d38-4327-883f-13c601b158e9,Chennai,461.07,0,0,543.36,none,0
T0021791,2026-01-09 09:36:54.203047,user_0094,smithsarah@ybl,ldaniels@okhdfcbank,799.06,12,9c2e58de-ea4e-4617-93f8-382b8fb864e4,Kolkata,879.75,0,0,975.35,none,0
T0037722,2026-01-18 06:00:45.259474,user_0250,mariaburke@okhdfcbank,riceallison@paytm,87.59,10,6a5e6920-bf5a-47e6-93a3-dd5a4b8c5bdc,Bengaluru,158.45,0,1,1565.73,none,0
T0017303,2026-01-09 01:31:32.589052,user_0390,jenniferacosta@ibl,swagner@ibl,1021.28,14,292bd156-db94-4570-9ac7-0ec0ab8ddeb4,Delhi,1163.09,0,0,422.5,none,0
T0032650,2026-01-17 02:26:54.217764,user_0091,pstanley@okhdfcbank,smithkatherine@paytm,1020.9,13,a3b442bd-4649-4296-af58-42c3ff86cc31,Hyderabad,882.09,0,0,254.89,none,0
T0034022,2026-01-14 08:08:11.983540,user_0090,april91@ybl,wagnerrebecca@ibl,912.02,10,43ad3d62-b17c-4b21-8dbc-2c1ca4afe7bd,Jaipur,1024.15,0,0,920.36,none,0
T0037610,2026-01-17 20:38:54.239065,user_0535,fcamacho@okhdfcbank,linda01@oksbi,7196.17,2,58e63b5c-dfd4-4470-a41a-160fe36b0292,Jaipur,1153.44,1,1,688.4,takeover,1
T0033137,2026-01-18 21:53:10.935847,user_0016,jenniferrios@ybl,lori08@okhdfcbank,290.46,17,3f6eed9d-23cb-4943-8a84-000350834fef,Chennai,452.11,0,0,413.11,none,0
T0047269,2026-01-23 09:50:27.439784,user_0401,thomasmaldonado@oksbi,christopher60@paytm,87.33,8,cf0e6d2b-315c-467a-85d8-a6ad77d0359e,Mumbai,256.83,0,0,413.66,none,0
T0008624,2026-01-04 02:14:04.911744,user_0406,knguyen@ybl,teresa16@paytm,161.76,15,0f6ce9bf-fe7e-4362-8a89-b0f0105291d3,Hyderabad,115.93,0,0,142.98,none,0
T0042704,2026-01-21 21:14:30.350037,user_0579,webbhaley@paytm,shane51@paytm,1743.46,20,3da9c2a9-0ed4-4f1a-bd4c-bf374eb93eff,Bengaluru,1654.61,0,0,98.51,none,0
T0025221,2026-01-17 15:11:01.101806,user_0660,woodana@oksbi,timothy22@okhdfcbank,2095.75,23,9416e4dc-c6b2-4def-b8d8-b7f1c86c6544,Kolkata,1363.02,0,0,72.08,none,0
T0027131,2026-01-19 03:11:26.099027,user_0798,buckleygregory@oksbi,jweeks@paytm,1006.12,3,794559a3-0c2b-4e81-aa10-89b5ba42db89,Hyderabad,436.51,1,1,17.74,geo_jump,1
T0029178,2026-01-19 09:58:52.978564,user_0585,wilsonsteven@ibl,wburns@ybl,873.23,11,84182d35-3e71-4433-bd90-b81afbe0e6b8,Bengaluru,1024.75,0,0,66.88,none,0
T0035755,2026-01-19 23:52:17.416966,user_0725,austinharvey@ybl,nicholasherrera@oksbi,265.22,19,cbb18c79-1036-408d-99a0-90075bb47c18,Pune,238.44,0,0,556.58,none,0
T0034709,2026-01-13 11:30:04.345126,user_0567,brandonhernandez@oksbi,hernandezmary@oksbi,684.33,9,ceae71cf-ce00-4af0-beb0-51817ba24588,Chennai,597.0,0,0,501.13,none,0
T0001864,2026-01-02 18:48:03.718320,user_0438,angela65@ybl,thomas74@oksbi,775.36,13,ba108217-0ad7-49a2-b277-16ec59fefbbc,Mumbai,698.76,0,0,286.78,none,0
T0044799,2026-01-22 08:40:24.944784,user_0250,mariaburke@okhdfcbank,wtaylor@paytm,120.45,12,6a5e6920-bf5a-47e6-93a3-dd5a4b8c5bdc,Bengaluru,158.45,0,0,584.04,none,0
T0031515,2026-01-14 01:09:50.208477,user_0724,jeffrey44@ibl,jill77@paytm,315.67,16,b4323070-a23d-4c2f-82a7-96891933918c,Mumbai,387.58,0,0,402.95,none,0
T0000710,2026-01-01 05:40:11.749101,user_0791,stevensims@ybl,parkerjoann@paytm,1500.69,10,ab9099a4-35a2-40ae-9af3-05535ec42e08,Hyderabad,1535.54,0,0,340.2,none,0
T0051560,2026-02-02 07:18:55.593599,user_0600,carl24@ybl,elizabeth60@ibl,172.96,21,5304317f-af42-412f-b838-b3268e944239,Pune,189.0,0,0,172.19,none,0
T0042305,2026-01-18 20:28:14.218146,user_0239,ushepherd@paytm,ibradley@ibl,731.79,14,1fa382e8-895c-4d99-83b3-8eb403902c5d,Bengaluru,780.74,0,0,867.12,none,0
T0054876,2026-02-07 12:58:45.304732,user_0598,annette58@ybl,fishererin@paytm,724.73,18,b0e6a969-e213-42b0-b1ee-dba313432e61,Lucknow,696.98,0,0,92.87,none,0
T0049984,2026-01-26 09:17:42.099794,user_0439,colonjoseph@paytm,alec19@ybl,1523.16,17,22b5f457-1860-4d28-90af-b235ade68f51,Hyderabad,2112.92,0,0,604.6,none,0
T0047878,2026-01-29 01:46:18.864663,user_0288,melissagalvan@ybl,eleonard@ibl,297.5,13,7af6cd41-99a7-499b-a005-f5e1a97a2846,Pune,363.48,0,0,102.23,none,0
T0026465,2026-01-12 01:14:56.452903,user_0693,sotobelinda@paytm,jameslee@oksbi,645.66,15,ad238d36-dc32-4c97-b9c1-e262f76c8ede,Pune,739.55,0,0,1834.32,none,0
T0043940,2026-01-28 00:15:26.313665,user_0383,justin84@ibl,mwallace@ybl,1531.76,8,f510ab53-c7fe-439f-9190-f938a66fd7f7,Kolkata,1833.96,0,0,483.42,none,0
T0045717,2026-02-01 00:12:35.198493,user_0582,ostone@okhdfcbank,stevearnold@paytm,639.36,8,a5135ea0-fa53-434d-a6d5-901d8b621d41,Ahmedabad,824.18,0,0,1386.2,none,0
T0044860,2026-01-18 01:52:09.110639,user_0231,nicholasgray@paytm,nguyenbryan@okhdfcbank,469.37,17,23c8afdb-83f8-4f16-a4a4-474c9b33e3a4,Jaipur,502.55,0,1,237.79,none,0
T0022783,2026-01-13 05:32:28.670377,user_0721,lawrencesmith@okhdfcbank,henrythomas@ybl,702.43,8,34323ec6-b0c4-401c-a9b7-c0fa26c432f6,Jaipur,569.44,0,0,89.21,none,0
T0017806,2026-01-11 18:08:00.054841,user_0117,owilliams@paytm,uaguirre@okhdfcbank,181.16,16,75f8e3a8-7d97-4c0f-bd56-09c4a4461663,Ahmedabad,200.48,0,0,2210.84,none,0
T0022842,2026-01-14 08:22:39.475501,user_0747,fernandezaaron@okhdfcbank,sanchezkevin@ybl,135.27,18,ae455cc6-b88e-430f-9e1e-994ac5a11f5c,Chennai,128.4,0,0,645.83,none,0
T0009991,2026-01-07 02:36:39.320661,user_0275,jwhite@oksbi,kshelton@okhdfcbank,260.28,11,9191b363-4e2d-4645-adc7-cac7fd72b050,Pune,200.41,0,0,299.95,none,0
T0012497,2026-01-09 06:53:18.331621,user_0125,joshuastuart@ibl,walkerscott@oksbi,1655.3,22,ac9ed156-f63f-4e41-ba9a-ca5e176132ed,Mumbai,1422.34,0,0,533.99,none,0
T0019297,2026-01-17 13:59:38.556972,user_0380,twright@ibl,richardweber@ibl,427.05,12,61ee411a-1bac-47a7-b386-f7a4c991603f,Delhi,699.9,0,0,1131.5,none,0
T0017872,2026-01-08 04:56:07.761818,user_0253,ecarlson@okhdfcbank,clarkelawrence@paytm,1615.78,17,9feefdff-c566-4a81-b15e-54f6d4d30795,Hyderabad,1960.9,0,0,296.08,none,0
T0008742,2026-01-04 21:11:43.770494,user_0761,sullivanjason@ibl,solson@oksbi,902.23,21,34885a46-9088-4eaf-8977-6598203c8c25,Chennai,1037.19,0,0,706.62,none,0
T0048794,2026-01-25 17:18:20.344956,user_0728,millercassandra@oksbi,annewalker@okhdfcbank,564.93,14,cf89569d-e550-4736-8780-6e713811b519,Delhi,938.13,0,0,15.18,none,0
T0038134,2026-01-18 21:10:17.371658,user_0397,lisa01@paytm,tsnyder@okhdfcbank,1220.52,13,b253d218-6c4a-47ea-8906-17f2747b6dba,Delhi,1512.43,0,0,1059.79,none,0
T0041590,2026-01-29 14:00:12.659405,user_0069,stacychan@ybl,lclark@ibl,3359.95,9,8ed8a80d-84cf-4e39-bf31-c29f82bbad84,Kolkata,2969.2,0,0,110.09,none,0
T0035857,2026-01-23 13:34:18.378311,user_0382,christian38@ibl,lewisbradley@ibl,307.41,13,fdb1429e-7010-4d13-b526-b22d3f6c21f7,Delhi,593.48,0,0,558.75,none,0
T0003663,2026-01-02 23:19:18.070692,user_0727,stephanielittle@ibl,riverabrian@oksbi,1123.78,5,7eccdaf4-c413-4dc2-85c5-ae8abe15ad12,Pune,1014.9,0,0,926.79,none,0
T0040035,2026-01-25 23:09:01.935167,user_0792,joshualee@ybl,jennifer85@ybl,735.07,8,9d66e815-5a41-43b3-a95f-176cdebac186,Bengaluru,1161.12,0,1,671.19,none,0
T0029157,2026-01-12 15:51:17.132841,user_0025,julieparker@ibl,bradley87@ibl,1361.84,16,436e3c49-770e-49db-b092-d40143675d58,Bengaluru,809.13,0,0,1450.24,none,0
T0042729,2026-01-25 03:57:22.926440,user_0016,jenniferrios@ybl,pmartin@okhdfcbank,353.43,9,3f6eed9d-23cb-4943-8a84-000350834fef,Delhi,452.11,0,1,90.71,none,0
T0007643,2026-01-03 02:24:03.663490,user_0359,brownnatasha@ybl,vreilly@ibl,706.14,15,a48e40f1-d042-4dfa-96ab-087a8bc78e81,Bengaluru,485.99,0,0,232.46,none,0
T0026183,2026-01-16 06:32:40.442830,user_0005,wwoodard@ibl,smithleslie@okhdfcbank,779.09,11,55c551fc-fba5-4cc8-adaf-37661b780ede,Jaipur,1196.68,0,0,341.3,none,0
T0022615,2026-01-12 19:45:39.968751,user_0452,nicholaspierce@ybl,urobinson@oksbi,299.69,17,e1cde87f-ec95-4f87-ae5e-c36572eb7474,Mumbai,299.74,0,0,1535.15,none,0
T0038772,2026-01-20 17:40:56.803343,user_0355,julie87@ibl,kerrjoe@okhdfcbank,598.74,11,6c4c450b-623a-40fc-9326-7d25234b4562,Bengaluru,1166.07,0,0,671.03,none,0
T0025198,2026-01-18 01:06:26.541011,user_0711,noahthornton@oksbi,iberger@paytm,873.8,21,37bb3eec-4bf5-4b52-b09d-258c27a0c3d7,Pune,1048.55,0,0,1387.66,none,0
T0040645,2026-01-23 09:52:23.411555,user_0210,tony12@ibl,julie45@ybl,193.77,8,bc2cbb0d-dd33-4cc7-ab7f-089acd5f4822,Chennai,897.59,0,0,0.91,none,0
T0042360,2026-01-27 02:28:12.535656,user_0152,eugenesingleton@ibl,ranthony@ibl,2075.04,9,956269f0-e5d7-4875-adad-d6c795a76d79,Bengaluru,1404.59,0,0,104.63,none,0
T0010431,2026-01-05 22:46:49.223979,user_0395,brianrowe@paytm,mckinneymorgan@ybl,419.63,8,c626e38f-716f-4276-be64-ac2af96671a5,Ahmedabad,541.24,0,0,1494.09,none,0
T0013582,2026-01-08 17:20:37.336031,user_0056,valdezandrew@ybl,gutierrezaaron@oksbi,424.52,11,eb6c1016-cee6-44d0-9dac-6e8345241ea6,Jaipur,415.87,0,0,586.47,none,0
T0012189,2026-01-10 03:31:14.541047,user_0033,tthomas@okhdfcbank,tmorrison@ibl,1178.29,23,67ce378f-e5a4-483b-a383-889adb2c6ac8,Kolkata,1085.05,0,0,253.66,none,0
T0006350,2026-01-04 11:43:06.507877,user_0460,jesseshepherd@ibl,bennettmichael@paytm,2511.53,10,e723ada3-8c32-4db2-942a-895e0fcf601f,Mumbai,1598.12,0,0,882.68,none,0
T0059287,2026-01-25 11:05:19.032916,user_0570,butlergregory@paytm,kevin16@ibl,847.08,13,81627cf1-4394-42e6-9a58-7e8aa25d6b29,Jaipur,581.79,0,0,1562.76,none,0
T0008693,2026-01-06 23:27:30.618238,user_0153,riverajenna@paytm,tsanchez@ybl,1381.52,18,78660765-14f7-4e8d-95bc-b8d04094dded,Delhi,1608.24,0,0,242.7,none,0
T0050244,2026-01-23 12:48:00.458599,user_0021,william28@paytm,franksims@paytm,234.1,17,a981b098-b2cf-452d-a7f3-33b3f7baf55e,Bengaluru,264.07,0,0,2747.9,none,0
T0017387,2026-01-07 00:47:50.081788,user_0081,danielhorton@ibl,turnerpaul@okhdfcbank,1626.53,2,7af6cd41-99a7-499b-a005-f5e1a97a2846,Mumbai,1880.08,0,0,212.02,none,0
T0058294,2026-02-01 23:53:07.640241,user_0517,russellstout@paytm,nrussell@paytm,881.54,23,f6e39356-a814-4562-9a00-3f16b9469bcf,Ahmedabad,820.3,0,1,209.59,none,0
T0043404,2026-01-21 04:26:02.220855,user_0727,stephanielittle@ibl,ryan73@ibl,807.86,11,7eccdaf4-c413-4dc2-85c5-ae8abe15ad12,Pune,1014.9,0,0,1463.36,none,0
T0048226,2026-01-21 19:10:12.133601,user_0306,laurengutierrez@ibl,williamsjacqueline@paytm,119.42,23,b7f60cdf-41dc-4c60-a5f6-0735757b6b29,Lucknow,179.92,0,0,1030.15,none,0
T0041750,2026-01-21 10:02:40.077829,user_0738,irodriguez@oksbi,robertspencer@oksbi,504.87,14,6aa0426d-f7c0-45f7-a9a5-3b4f8ff8869d,Bengaluru,703.83,0,0,1030.96,none,0
T0001759,2026-01-01 16:23:18.035564,user_0591,katie15@paytm,frankfleming@paytm,500.54,17,e1cde87f-ec95-4f87-ae5e-c36572eb7474,Kolkata,592.39,0,0,312.61,none,0
T0009391,2026-01-04 13:08:04.541392,user_0728,millercassandra@oksbi,charles52@paytm,1267.86,17,cf89569d-e550-4736-8780-6e713811b519,Delhi,938.13,0,0,372.2,none,0
T0054174,2026-01-19 02:08:18.364460,user_0525,jackfarmer@okhdfcbank,nwilson@paytm,396.63,23,8f0881ee-8011-416b-bae8-8926b423ccde,Chennai,511.68,0,0,1997.43,none,0
T0033982,2026-01-28 06:00:16.349748,user_0711,noahthornton@oksbi,bowersscott@ybl,780.09,9,a04d4d14-197d-4ae1-8bc2-ea720c648ca2,Pune,1048.55,0,0,1159.58,none,0
T0013408,2026-01-06 13:29:58.282562,user_0717,matthew41@paytm,robertsanchez@ybl,580.85,8,48603b32-b4fb-4eb9-89c1-3de73b4206c5,Jaipur,566.26,0,0,170.73,none,0
T0045642,2026-01-27 06:38:48.600456,user_0633,oruiz@okhdfcbank,xbarnes@oksbi,295.13,18,e6b9d31a-361f-4d90-bad1-fa330ae4ac11,Pune,310.94,0,0,306.18,none,0
T0041710,2026-01-24 05:36:55.957476,user_0466,michael66@ybl,ccohen@ybl,1111.08,16,fbe94499-dbc0-40fd-86fb-7bf300b9d4a3,Chennai,760.07,0,0,176.81,none,0
T0007631,2026-01-08 12:51:01.023755,user_0305,oschultz@ibl,zmanning@ybl,996.8,12,4baf0f5e-a932-4094-93f2-8f11147f6570,Ahmedabad,1056.87,0,1,1546.04,none,0
T0051949,2026-02-01 13:01:30.699990,user_0274,jarnold@ibl,gilbertmelissa@paytm,451.15,10,4fa03f26-f6f7-40cc-a9ec-8e49d1bdb8c0,Delhi,461.33,0,0,705.5,none,0
T0020989,2026-01-13 08:25:52.659063,user_0574,miguel61@ybl,ehouston@ibl,1185.98,17,d5f25073-f414-42b1-a442-9ebbda7b9095,Delhi,1317.21,0,0,5.46,none,0
T0017229,2026-01-08 07:45:10.475540,user_0412,sarah00@ibl,mark69@ybl,985.66,19,e8334da5-de95-4695-b579-c1437ab99428,Mumbai,888.58,0,0,1885.29,none,0
T0041679,2026-01-21 04:42:14.886685,user_0397,lisa01@paytm,michael46@paytm,1370.61,15,b253d218-6c4a-47ea-8906-17f2747b6dba,Delhi,1512.43,0,0,69.36,none,0
T0000962,2026-01-01 04:02:14.114593,user_0335,angelachase@oksbi,isabel33@oksbi,1956.51,17,1a432f0a-7daa-49f0-80b6-fce2de53790a,Ahmedabad,1498.89,0,0,242.24,none,0
T0028534,2026-01-15 15:37:07.119775,user_0403,kingdanielle@okhdfcbank,orrjessica@ybl,1369.15,7,de431e06-e924-4069-80bb-ae526ec01269,Pune,1418.34,0,0,276.22,none,0
T0028580,2026-01-21 20:55:02.594434,user_0099,christianwallace@ybl,james81@ibl,1188.72,18,bda3c162-3a78-464a-9d86-80cbb90800f3,Bengaluru,1211.31,0,0,402.1,none,0
T0052104,2026-02-02 07:28:52.558512,user_0344,andrew15@ybl,hnavarro@ybl,421.23,7,759cde66-bacf-43d0-8b1f-9163ce9ff57f,Kolkata,586.79,0,0,58.09,none,0
T0027461,2026-01-14 09:00:31.049032,user_0137,tonyavega@paytm,ojenkins@okhdfcbank,649.58,12,19985f15-ff00-4d4d-9020-59e4ff9ab5c2,Ahmedabad,411.31,0,0,832.32,none,0
T0051364,2026-01-23 00:15:49.032774,user_0553,wilsonshannon@paytm,matthew70@paytm,708.0,17,7de31a51-6694-4343-90ba-58e3d2762bdc,Ahmedabad,785.03,0,0,318.83,none,0
T0014914,2026-01-08 09:50:08.184080,user_0587,vgutierrez@oksbi,nwilliams@ybl,2035.8,15,66c14dca-8255-4a61-9a3b-031932f57510,Jaipur,2065.85,0,0,132.71,none,0
T0043263,2026-01-27 08:55:42.792753,user_0020,qknox@okhdfcbank,kellermichele@oksbi,1079.37,12,f8f58a26-1924-4644-af52-7666b23909f4,Bengaluru,1238.02,0,0,9.39,none,0
T0010087,2026-01-04 14:38:44.585593,user_0611,matthewwebb@ibl,leah96@ybl,1307.19,15,7e7838c9-ca55-438b-bc9a-be10238d6f44,Pune,1513.73,0,0,989.11,none,0
T0050429,2026-02-01 21:40:43.838856,user_0101,fstewart@ibl,kevinsmith@paytm,901.33,2,5c70ee97-fca4-4567-8316-d2d6fa4a58ef,Kolkata,953.35,0,1,380.08,none,0
T0009012,2026-01-03 16:43:23.786597,user_0597,steven60@paytm,steven14@oksbi,1542.19,17,8fca7b6a-8fc4-4092-b4e5-59e596229348,Bengaluru,1443.24,0,0,97.1,none,0
T0005704,2026-01-05 05:43:28.251005,user_0178,angela93@ibl,daviskimberly@paytm,1356.38,3,9c89d374-c664-45a7-8077-3e33690e7e62,Chennai,705.93,0,1,1448.22,none,0
T0009120,2026-01-03 05:20:45.758770,user_0243,ashleymartin@paytm,hlopez@ibl,1991.49,14,3c20592f-c04a-46c4-b3b6-3fe1d1843324,Lucknow,1881.32,0,0,418.03,none,0
T0011313,2026-01-06 01:20:12.070517,user_0160,baileynicole@okhdfcbank,gdixon@okhdfcbank,1760.42,0,3f8c1097-c4da-4c2e-9bff-a27915c1604f,Lucknow,1772.26,0,0,494.93,none,0
T0004668,2026-01-04 11:53:28.940213,user_0307,zachary04@ibl,hsimmons@ibl,1130.85,18,f68c62e6-e2a4-4909-a2dd-22d52afaab7b,Bengaluru,741.81,0,0,606.36,none,0
T0020584,2026-01-13 00:44:17.833509,user_0071,dawn74@ybl,williamssteven@ybl,836.52,14,98eeac2b-fe9f-4caa-a182-f347533f5a72,Kolkata,884.82,0,0,950.5,none,0
T0013662,2026-01-04 02:56:07.802158,user_0356,bjackson@oksbi,murillojeffrey@ybl,497.15,23,61a66444-e2af-4629-9efb-336e2f546033,Mumbai,386.11,0,0,490.52,none,0
T0002383,2026-01-04 16:45:09.170729,user_0062,daniel17@oksbi,marcussmith@ybl,358.12,15,4140752c-aa44-4259-9001-8b7b6d4067f4,Hyderabad,636.8,0,0,192.6,none,0
T0014233,2026-01-07 19:10:18.928842,user_0181,nicholsdarlene@okhdfcbank,tracywerner@ibl,552.0,15,a981b098-b2cf-452d-a7f3-33b3f7baf55e,Mumbai,617.61,0,0,245.31,none,0
T0003492,2026-01-03 05:20:05.320889,user_0535,fcamacho@okhdfcbank,christina60@ybl,826.59,17,c4615234-8044-4eb2-b66e-dbf4a0ea0251,Pune,1153.44,0,0,437.56,none,0
T0013876,2026-01-07 13:14:33.182131,user_0395,brianrowe@paytm,johnferguson@oksbi,827.94,11,9b69554d-7c54-435f-ac8c-3b6aa974d079,Ahmedabad,541.24,0,1,21.61,none,0
T0050835,2026-01-23 16:07:14.603791,user_0395,brianrowe@paytm,debra19@ybl,608.77,11,c626e38f-716f-4276-be64-ac2af96671a5,Ahmedabad,541.24,0,0,1006.36,none,0
T0034601,2026-01-28 00:34:06.014592,user_0333,ashleykrause@okhdfcbank,jessicagarrett@paytm,89.62,9,e87d1c78-e7c4-41c7-8049-7b717d106c60,Delhi,102.67,0,0,717.52,none,0
T0044257,2026-01-21 04:07:09.536412,user_0617,meyerdonna@okhdfcbank,kathleenholland@okhdfcbank,513.22,11,0ab54bde-20a0-4502-ae06-809725e97977,Jaipur,519.13,0,1,369.11,none,0
T0026527,2026-01-18 03:43:36.308599,user_0631,fbradley@okhdfcbank,ashleymoreno@ibl,986.87,12,f0f7ad22-c76a-4e0f-88f0-91f09b8b38ae,Ahmedabad,647.15,0,0,2494.68,none,0
T0013960,2026-01-06 10:17:46.322686,user_0778,samuelfrost@okhdfcbank,miareeves@okhdfcbank,490.2,13,5e09a9ee-af88-4dec-bb1e-143b196f4dfa,Bengaluru,495.12,0,0,78.0,none,0
T0025318,2026-01-17 05:07:29.418754,user_0440,navarromary@ybl,frank68@ibl,1482.64,20,e3c43657-1d8c-4bac-83b4-09ef2260e70f,Hyderabad,1153.0,0,0,694.23,none,0
T0024641,2026-01-13 13:05:42.573074,user_0678,pbradford@ybl,louis26@okhdfcbank,1295.9,22,6d3ee1dc-8139-4443-a45b-712eb8225688,Jaipur,970.98,0,0,550.83,none,0
T0038907,2026-01-21 13:59:45.669441,user_0270,robert12@ybl,thomasjames@ybl,659.17,21,97867b12-1328-4726-a4f4-34d6d1e91691,Lucknow,833.38,0,0,1037.3,none,0
T0021514,2026-01-11 03:52:38.532030,user_0375,wattstravis@ibl,rebeccamiller@paytm,535.07,15,a65f7b8a-dbb4-4021-bdde-64afa75b395a,Ahmedabad,587.23,0,0,602.41,none,0
T0025462,2026-01-16 07:30:41.341568,user_0425,kimberly35@oksbi,christopher13@ybl,271.9,11,93829b43-922f-415a-a1e3-db63ef7ddc76,Hyderabad,250.16,0,0,189.15,none,0
T0004049,2026-01-02 08:38:56.435919,user_0649,gnguyen@okhdfcbank,whitelevi@ybl,273.1,22,8f158449-4f40-422f-95b0-2530f020e992,Delhi,262.44,0,0,1614.1,none,0
T0042633,2026-01-19 00:33:54.939781,user_0049,mhoward@paytm,bfrederick@oksbi,618.82,16,604e46cb-3712-42d1-87cd-b6a1bf012e32,Mumbai,918.61,0,0,166.35,none,0
T0018681,2026-01-08 21:58:30.588362,user_0697,christinahill@oksbi,sarahmayo@okhdfcbank,129.43,21,541cdfcd-da0d-4a5f-948f-8b74a65bb1f2,Hyderabad,381.81,0,0,206.34,none,0
T0029499,2026-01-13 22:27:34.605596,user_0051,osmith@paytm,nwong@oksbi,375.44,8,b0b63bcf-0860-4833-879d-0cdaf396ea37,Lucknow,489.68,0,0,593.81,none,0
T0053000,2026-01-27 18:44:24.894954,user_0458,clintonstevens@paytm,greenbarbara@oksbi,634.03,9,9f8cc29f-fd35-4c5f-9347-9a3b479bc637,Kolkata,516.52,0,0,601.17,none,0
T0021670,2026-01-14 22:55:29.079254,user_0124,william66@okhdfcbank,aprilwhite@oksbi,1711.37,19,b63b4dc3-a559-4463-b9e1-3ceab0cbc61f,Kolkata,1446.93,0,1,1879.29,none,0
T0053374,2026-01-23 11:32:53.388392,user_0716,stephanie69@ybl,ethomas@paytm,1452.22,14,9be71737-06b8-4231-8e86-7f3ca487eeab,Chennai,1580.38,0,0,31.24,none,0
T0031468,2026-01-16 21:12:16.459437,user_0654,shermandonna@ibl,youngjoseph@ibl,1753.29,17,7eccdaf4-c413-4dc2-85c5-ae8abe15ad12,Pune,1925.58,0,0,784.55,none,0
T0002363,2026-01-02 14:21:49.410910,user_0711,noahthornton@oksbi,edwardsnicole@ybl,537.34,14,a04d4d14-197d-4ae1-8bc2-ea720c648ca2,Pune,1048.55,0,0,90.44,none,0
T0002111,2026-01-01 16:43:08.992777,user_0500,yhall@ibl,mathewstimothy@ibl,3060.84,13,22ab7752-c4db-4a62-ae13-418d68ab80ea,Delhi,2139.08,0,0,998.72,none,0
T0003200,2026-01-07 09:11:19.238737,user_0109,wwilson@oksbi,jimmypalmer@oksbi,443.26,9,1519830c-4019-4303-9c45-7e4da79313b8,Mumbai,364.77,0,0,1105.93,none,0
T0058219,2026-02-08 05:48:01.852217,user_0719,jessicachapman@ibl,kirk60@paytm,598.68,13,0f5ae9d3-8e6e-4003-a14f-3f12cfd01cbd,Lucknow,792.56,0,0,386.75,none,0
T0054580,2026-01-28 23:43:57.359352,user_0131,jennifer58@oksbi,garciaandrea@okhdfcbank,384.89,17,71efe72a-ae13-491e-84fa-4c7239e7a4f1,Chennai,391.92,0,0,429.78,none,0
T0010643,2026-01-07 08:06:59.724203,user_0532,aduran@ybl,michaelhart@paytm,568.1,10,c5285425-c7a9-433c-a2d8-39d333e4f986,Ahmedabad,683.29,0,0,622.16,none,0
T0020131,2026-01-11 17:38:31.921902,user_0740,gainesjennifer@paytm,eric63@okhdfcbank,436.42,10,3f8c1097-c4da-4c2e-9bff-a27915c1604f,Lucknow,722.03,0,0,395.81,none,0
T0006072,2026-01-02 22:03:26.458158,user_0434,brandon39@oksbi,ricechristopher@ibl,572.95,14,0bc57207-3e9a-4c86-8325-4fbddce8e1c5,Bengaluru,461.4,0,1,1132.64,none,0
T0058292,2026-01-24 13:07:59.781151,user_0632,tdavis@paytm,antonionelson@paytm,1743.7,13,e8334da5-de95-4695-b579-c1437ab99428,Delhi,1468.29,0,0,849.45,none,0
T0053739,2026-01-29 00:32:45.844893,user_0767,jacksonbrendan@okhdfcbank,alexander34@paytm,1049.52,19,e6b9d31a-361f-4d90-bad1-fa330ae4ac11,Lucknow,708.79,0,0,89.75,none,0
T0003362,2026-01-03 02:50:23.033171,user_0342,colematthew@ibl,popebrent@paytm,1216.12,16,97867b12-1328-4726-a4f4-34d6d1e91691,Mumbai,1408.8,0,0,238.59,none,0
T0017630,2026-01-16 06:04:24.428447,user_0296,michael43@ybl,melinda46@ybl,879.75,14,f7eae66e-ca6c-4f9b-8969-71018b2c550a,Bengaluru,742.04,0,0,103.28,none,0
T0018733,2026-01-10 07:02:09.346927,user_0774,marcoconnell@okhdfcbank,brownroy@ibl,107.07,13,bdb025ff-2451-45a4-91d0-59b26699cd99,Mumbai,182.36,0,0,997.1,none,0
T0036680,2026-01-21 13:58:20.410347,user_0177,millerbrian@ibl,rhodespatrick@paytm,380.06,18,497ec6d1-081f-46dc-b8d9-a88aef0bea4f,Chennai,467.21,0,0,237.45,none,0
T0014960,2026-01-08 21:18:34.991304,user_0193,jason53@ybl,mandyknapp@ibl,373.99,20,b8a6171f-1ee3-4dc4-bb04-8a8b405bfdc9,Mumbai,352.38,0,0,152.37,none,0
T0015459,2026-01-14 02:24:58.597149,user_0130,glenda22@ybl,myersterri@oksbi,472.89,11,e63658c9-12d0-498d-b18d-4d05e8e22743,Jaipur,1112.79,0,1,818.13,none,0
T0016534,2026-01-07 17:12:54.304442,user_0019,matthewreeves@ibl,jorgewilliams@oksbi,243.43,11,ea74bb18-de3b-496f-ac45-96f6c012a0ff,Delhi,306.05,0,1,13.61,none,0
T0055638,2026-01-31 09:46:20.512769,user_0114,jacobconrad@oksbi,james64@ibl,823.78,17,bdd640fb-0667-4ad1-9c80-317fa3b1799d,Chennai,992.12,0,0,388.61,none,0
T0020257,2026-01-12 19:24:45.204750,user_0340,rosshannah@ybl,jonesshannon@oksbi,1019.81,15,cdd0b4d4-5542-47de-b6ad-f48b2314d0c8,Lucknow,754.31,0,0,781.82,none,0
T0038621,2026-01-23 08:38:05.858994,user_0083,perrybrittany@oksbi,rkidd@ibl,545.28,14,03edd1f8-74f9-4d17-a912-b4bf86a4bae4,Bengaluru,563.8,0,0,598.94,none,0
T0027332,2026-01-18 22:50:13.150210,user_0427,rlee@oksbi,williamgomez@ybl,469.92,15,c3a00c6f-2321-41e1-8471-04c036136e15,Hyderabad,407.73,0,0,77.24,none,0
T0015777,2026-01-08 19:50:56.468092,user_0696,yorkjoshua@paytm,jennifer42@oksbi,350.5,16,ae455cc6-b88e-430f-9e1e-994ac5a11f5c,Bengaluru,229.99,0,0,591.37,none,0
T0013316,2026-01-06 13:17:55.871207,user_0441,blackburnsusan@ibl,tara25@ybl,551.72,18,20156a72-12e1-43a6-932c-ae01d2c65ee4,Pune,466.35,0,0,1178.15,none,0
T0030212,2026-01-19 08:36:31.609541,user_0082,jarvismegan@ibl,john33@ybl,226.69,7,9b69554d-7c54-435f-ac8c-3b6aa974d079,Delhi,388.48,0,1,627.05,none,0
T0031309,2026-01-20 03:05:58.400683,user_0604,jennifer46@oksbi,robertramos@okhdfcbank,1181.13,16,8a624cbd-e582-4678-ad52-29dd639fc471,Kolkata,860.54,0,0,121.89,none,0
T0047822,2026-01-26 07:53:03.924715,user_0539,meyershannon@ibl,emilykelly@ybl,826.11,9,f387e1bd-2d59-42c6-934a-5a2fa7cf705c,Hyderabad,666.75,0,1,1043.38,none,0
T0002958,2026-01-02 06:17:43.447803,user_0773,daughertybarbara@paytm,lopezkristina@ybl,299.09,12,9293f705-0815-4147-be00-980eae441e21,Chennai,229.54,0,0,589.57,none,0
T0020300,2026-01-10 22:26:49.346362,user_0297,shawnpowell@ybl,laura02@ibl,149.01,7,ccf4ffb0-b4bb-473f-ac70-51d1d051267f,Jaipur,373.05,0,1,68.85,none,0
T0005456,2026-01-02 06:28:23.244820,user_0683,jessicafox@ibl,vwatson@paytm,739.97,8,ed1115d7-50a4-4c85-99d5-7b0242d04d55,Kolkata,415.9,0,0,268.2,none,0
T0026698,2026-01-12 11:34:42.820512,user_0276,tking@oksbi,amiller@ibl,643.03,12,0b6c03c8-721e-4419-afc3-e6495e911b91,Ahmedabad,1700.94,0,0,1418.35,none,0
T0053777,2026-01-31 08:37:28.556567,user_0366,michelle78@ibl,thomas65@okhdfcbank,302.88,10,af475b49-c775-4395-9494-05f02cd2a404,Chennai,318.7,0,0,394.46,none,0
T0039629,2026-01-15 23:55:09.328972,user_0199,emily41@okhdfcbank,rlin@okhdfcbank,697.93,14,dbd30aec-0b46-4173-80a8-547382425912,Bengaluru,487.65,0,0,759.86,none,0
T0026569,2026-01-11 21:52:16.475045,user_0624,georgecollins@okhdfcbank,bensonscott@oksbi,698.09,14,76f2dbfe-cd29-436f-a222-82e174daaebf,Kolkata,680.37,0,0,392.02,none,0
T0034647,2026-01-15 12:40:44.614586,user_0256,mserrano@ybl,blakeriggs@paytm,1045.23,14,32a447b2-ef04-457d-8dcc-c33aa9434aa0,Lucknow,688.39,0,0,89.53,none,0
T0029041,2026-01-17 18:10:33.011491,user_0081,danielhorton@ibl,cathyvaughan@oksbi,1784.3,14,7af6cd41-99a7-499b-a005-f5e1a97a2846,Mumbai,1880.08,0,0,376.4,none,0
T0012454,2026-01-06 21:55:38.420374,user_0553,wilsonshannon@paytm,cherylgood@ybl,534.4,12,7de31a51-6694-4343-90ba-58e3d2762bdc,Ahmedabad,785.03,0,0,301.25,none,0
T0016293,2026-01-05 20:46:00.146318,user_0580,ronald54@ybl,thompsonamber@oksbi,715.62,20,b24cc64f-be3e-4e57-b30a-9e32aba4fc03,Lucknow,824.0,0,0,294.01,none,0
T0035326,2026-01-12 15:08:27.133187,user_0656,rgonzalez@ibl,andrealopez@ybl,413.3,8,cf0df860-ebc9-4914-9176-a9d19a3624d6,Kolkata,438.15,0,0,468.44,none,0
T0016396,2026-01-09 05:42:23.375938,user_0718,destiny67@okhdfcbank,jasonpacheco@okhdfcbank,1599.99,13,75f8e3a8-7d97-4c0f-bd56-09c4a4461663,Lucknow,1559.81,0,1,378.69,none,0
T0055193,2026-01-26 00:55:56.936245,user_0233,zacharygomez@ibl,deborah70@ybl,1014.69,5,eec259dc-7f95-497c-a76a-a6ced50755d9,Delhi,659.25,0,0,661.71,none,0
T0004708,2026-01-09 05:49:28.289790,user_0047,stephen89@okhdfcbank,xgoodman@oksbi,557.53,15,fb8fe8c4-d8b4-4ead-9360-8edf382b5b86,Hyderabad,573.87,0,0,370.54,none,0
T0015359,2026-01-10 06:40:03.002943,user_0279,craigromero@okhdfcbank,teresahenry@ybl,713.79,8,9d264599-c4dd-4df5-9aec-56a857311609,Hyderabad,652.77,0,0,866.67,none,0
T0013431,2026-01-12 03:50:07.393539,user_0493,ana92@ibl,haileymccullough@ybl,533.81,8,b7b8c1a5-9a45-493d-b227-890e4e76833a,Lucknow,447.65,0,1,708.83,none,0
T0046007,2026-01-20 10:47:43.546677,user_0742,kimberly07@ybl,amberpowell@ibl,433.96,13,53cd6268-610c-4373-8299-9aa40cdf742b,Ahmedabad,448.85,0,0,413.52,none,0
T0019424,2026-01-09 16:23:03.361425,user_0467,kanejeremy@oksbi,ycooper@ibl,1315.38,5,473bd358-610e-4a64-a130-1617c2dff335,Jaipur,1432.13,0,0,537.63,none,0
T0047326,2026-01-25 19:11:16.716851,user_0595,brewertimothy@okhdfcbank,castrokyle@ibl,873.63,8,331f63fb-d11f-48c0-a97c-a4fff75d599f,Chennai,839.42,0,0,8.73,none,0
T0047454,2026-02-01 13:38:59.758545,user_0130,glenda22@ybl,xpatterson@paytm,979.49,9,6511e61a-1436-45f5-8c81-926079ec533c,Ahmedabad,1112.79,0,0,87.11,none,0
T0023643,2026-01-09 00:46:48.791342,user_0088,alexander89@okhdfcbank,abbottrichard@oksbi,437.14,11,709b7d97-464c-44af-bd3f-3799a07295e9,Jaipur,860.08,0,0,467.91,none,0
T0019872,2026-01-09 21:33:49.525351,user_0003,carolynsmith@ybl,jjohnson@ybl,723.5,12,5380b904-688c-4015-aab9-7e494f2d4796,Hyderabad,602.92,0,0,393.39,none,0
T0038675,2026-01-16 04:33:04.803194,user_0038,andersonryan@ybl,alan33@ybl,517.91,18,94340a03-3f07-4814-91d6-3f78e3e9de99,Chennai,498.57,0,0,450.11,none,0
T0005582,2026-01-04 19:58:19.984418,user_0586,mclaughlinjared@ybl,anthony41@oksbi,470.94,19,a1a27485-7134-4c2a-b80b-3657117b355b,Pune,462.13,0,0,51.58,none,0
T0021784,2026-01-13 17:40:01.764798,user_0601,morgannicholas@paytm,ggonzalez@paytm,1205.15,20,436e3c49-770e-49db-b092-d40143675d58,Bengaluru,1806.78,0,0,542.11,none,0
T0047862,2026-02-05 02:04:31.002864,user_0474,vhernandez@ybl,sarah24@ybl,179.87,8,1139fa12-34c1-43ea-bd9c-4e6404015ced,Chennai,320.95,0,0,318.75,none,0
T0052671,2026-01-23 00:45:44.994042,user_0397,lisa01@paytm,nromero@ybl,1717.77,17,b253d218-6c4a-47ea-8906-17f2747b6dba,Delhi,1512.43,0,0,213.75,none,0
T0036352,2026-01-12 17:21:13.153326,user_0058,thomas23@ibl,gravesjohn@ybl,327.82,12,2a25a888-0f02-4ad0-a706-7ef466aa9385,Jaipur,881.57,0,0,266.91,none,0
T0006483,2026-01-08 02:44:33.847364,user_0675,carnold@paytm,riley28@oksbi,288.57,20,8d7248e2-951f-48d0-9e84-f058d5a804eb,Delhi,607.26,0,0,34.54,none,0
T0040541,2026-01-20 14:37:04.330952,user_0783,robert72@oksbi,timothyadams@ybl,728.36,22,2812859a-1337-439e-8d4f-5d272c7f0b79,Jaipur,983.52,0,0,1103.09,none,0
T0015572,2026-01-12 14:04:28.276724,user_0101,fstewart@ibl,kevin69@oksbi,737.07,9,5c70ee97-fca4-4567-8316-d2d6fa4a58ef,Chennai,953.35,0,0,34.41,none,0
T0022108,2026-01-13 04:14:45.934403,user_0506,reedmichael@oksbi,kperez@oksbi,1950.91,21,f31046dc-6202-4ee6-9cb5-e69c5dc7b3e6,Ahmedabad,2197.28,0,0,153.82,none,0
T0059538,2026-02-01 13:10:19.078051,user_0175,elucas@okhdfcbank,damonandrews@ybl,985.93,21,0997623a-e072-4d96-8a1a-81f5ed10f004,Ahmedabad,888.28,0,0,36.42,none,0
T0029913,2026-01-10 18:16:37.238550,user_0139,james80@oksbi,nguyencarly@okhdfcbank,798.27,11,af475b49-c775-4395-9494-05f02cd2a404,Kolkata,740.48,0,0,186.7,none,0
T0020983,2026-01-12 14:45:47.310866,user_0509,raymondstacy@okhdfcbank,brownnicholas@paytm,1768.87,17,aa604892-3926-42e9-9b58-eb49c9784b52,Lucknow,1236.46,0,0,919.93,none,0
T0045282,2026-01-22 23:42:49.464488,user_0424,bgross@ybl,mbraun@paytm,187.44,8,5f987c71-a65e-488e-abf3-ad39fec21bbe,Mumbai,146.3,0,0,1573.44,none,0
T0059969,2026-01-29 04:14:20.347982,user_0674,dhanson@oksbi,tyler75@paytm,288.72,5,d56ce8ea-1959-4b5a-a7a8-f6366a35df59,Delhi,327.13,0,0,250.28,none,0
T0052803,2026-01-25 14:03:02.670829,user_0658,veronica90@oksbi,chase16@okhdfcbank,3046.79,10,692ac139-1f4a-4ca1-ab85-fd595463adc7,Delhi,1974.9,0,0,481.16,none,0
T0014789,2026-01-11 05:14:11.468518,user_0455,caitlin82@ibl,matthewgarcia@okhdfcbank,1307.3,11,2e326567-d284-454e-bebe-c0db9a3a6103,Ahmedabad,1134.15,0,0,103.45,none,0
T0010467,2026-01-11 12:45:05.842173,user_0108,xmoran@paytm,charlesstokes@okhdfcbank,1486.65,11,9d66e815-5a41-43b3-a95f-176cdebac186,Hyderabad,1094.77,0,0,751.42,none,0
T0008771,2026-01-13 15:32:24.874883,user_0221,katherinetaylor@paytm,shanelee@okhdfcbank,360.31,13,b5a6571c-4fa5-435e-90cc-460428b26b1b,Pune,380.32,0,0,736.59,none,0
T0004052,2026-01-03 13:55:27.539728,user_0130,glenda22@ybl,robin23@okhdfcbank,1649.27,20,e63658c9-12d0-498d-b18d-4d05e8e22743,Ahmedabad,1112.79,0,0,296.69,none,0
T0045494,2026-02-01 20:01:13.916360,user_0719,jessicachapman@ibl,barbaracarr@oksbi,766.33,0,0f5ae9d3-8e6e-4003-a14f-3f12cfd01cbd,Lucknow,792.56,0,0,1455.46,none,0
T0014484,2026-01-10 02:18:41.132012,user_0259,davisdonna@okhdfcbank,kcaldwell@okhdfcbank,1594.99,13,c605e58a-4845-4343-9db4-49dc77106966,Chennai,924.46,0,0,208.72,none,0
T0051810,2026-01-31 01:45:26.241041,user_0057,butleromar@paytm,matthew54@oksbi,425.13,12,c63d04ee-541c-4a86-bba5-cd2fdea45c19,Chennai,561.37,0,0,239.95,none,0
T0025476,2026-01-19 13:57:38.404592,user_0101,fstewart@ibl,debbiefisher@okhdfcbank,1047.58,14,5c70ee97-fca4-4567-8316-d2d6fa4a58ef,Chennai,953.35,0,0,47.05,none,0
T0036664,2026-01-23 16:17:52.530229,user_0450,megan66@paytm,ascott@ibl,759.33,21,9a069295-3b8d-4447-8e61-065f171b1b80,Mumbai,964.04,0,0,230.4,none,0
T0032567,2026-01-18 06:17:27.997769,user_0216,jvaldez@oksbi,alexandersavage@oksbi,669.56,16,ac3a812f-765e-4cb5-8f0d-55400ec7d662,Kolkata,729.4,0,0,93.18,none,0
T0009465,2026-01-03 15:37:07.567357,user_0615,smithsarah@ibl,bpope@ybl,330.45,8,8fddbebc-f7ff-48d4-b509-f08a2c988bca,Delhi,249.37,0,0,243.99,none,0
T0024035,2026-01-16 01:45:19.831993,user_0743,denisesmith@ybl,iyoung@oksbi,464.38,11,f4e95734-5052-4700-a077-96a38685abaa,Ahmedabad,624.7,0,0,167.15,none,0
T0003224,2026-01-02 11:54:09.878512,user_0192,fmedina@paytm,ahernandez@ybl,841.45,22,24108e9a-3f77-4cae-b318-b96d44790612,Mumbai,710.36,0,0,662.0,none,0
T0053278,2026-02-04 12:26:25.651279,user_0339,kristen44@paytm,victoria69@paytm,336.46,10,f5d8fb91-ee60-41ac-add0-622e266bf2ea,Chennai,367.06,0,0,1501.49,none,0
T0040263,2026-01-20 23:04:30.320455,user_0630,lisa81@ibl,jbarber@ybl,2112.23,12,4cc9f5f2-e42e-4037-8a55-2ea08acbbe09,Mumbai,2481.13,0,0,571.66,none,0
T0045013,2026-01-29 06:54:00.746791,user_0200,jessicafreeman@ibl,vwatson@ibl,630.28,12,670acc5c-b321-4f21-8dd8-eb85b04d3376,Delhi,501.81,0,0,860.64,none,0
T0055672,2026-02-02 23:06:05.904656,user_0520,whitemary@oksbi,martinwebb@ibl,1607.31,14,2303f6c6-d69d-42f1-ae4c-84ffa8c01f05,Jaipur,2573.89,0,0,1085.37,none,0
T0010887,2026-01-03 00:09:03.807711,user_0010,kenneth17@paytm,tonyadean@ibl,316.52,14,5ab33edf-6e59-4ed3-a8b3-17fa18d0752b,Lucknow,318.5,0,1,32.96,none,0
T0055030,2026-01-26 07:27:20.331211,user_0024,destiny35@ybl,omays@paytm,1104.17,15,c01f36bf-3e6d-458b-b367-c28de1b294de,Kolkata,1175.34,0,0,363.26,none,0
T0001704,2026-01-01 06:59:59.125391,user_0107,ann99@paytm,brian42@oksbi,755.27,12,a748dbcf-ac61-4e63-8dde-29a6baa4b71a,Bengaluru,1784.21,0,0,59.93,none,0
T0012679,2026-01-10 06:59:48.545279,user_0287,daniellegonzales@paytm,aolsen@ybl,1092.8,9,143029a9-d88f-4c94-88b7-63d5e519dd7e,Jaipur,757.42,0,0,106.87,none,0
T0003947,2026-01-04 21:33:18.415719,user_0679,robert89@ibl,dsmith@ibl,592.56,11,15669e36-4708-403b-a716-10c19db54283,Pune,839.11,0,0,1141.91,none,0
T0017335,2026-01-07 02:48:28.251936,user_0206,edwardskristen@okhdfcbank,cclark@paytm,957.84,23,4767d76c-162f-4a24-af43-613cd4aac9a3,Delhi,1264.88,0,0,489.73,none,0
T0051408,2026-02-02 09:44:12.089611,user_0673,senglish@paytm,uwebb@okhdfcbank,220.67,11,0d18ab95-668c-4477-8b95-017c5dae1201,Chennai,190.08,0,0,315.32,none,0
T0034953,2026-01-16 15:14:41.573716,user_0165,susanfleming@ibl,colonsarah@oksbi,669.32,14,cbb18c79-1036-408d-99a0-90075bb47c18,Jaipur,536.83,0,0,872.64,none,0
T0026889,2026-01-09 04:53:49.378337,user_0189,susan24@ibl,henry55@okhdfcbank,2467.93,17,ab9099a4-35a2-40ae-9af3-05535ec42e08,Ahmedabad,2486.04,0,0,118.23,none,0
T0026221,2026-01-14 20:22:26.466382,user_0040,ismith@paytm,danamitchell@paytm,1592.84,0,07f194f9-c115-4d6d-8a4e-5b70a6d964a3,Mumbai,1230.44,0,0,89.31,none,0
T0049276,2026-01-23 08:16:11.839462,user_0158,susanmeyer@okhdfcbank,jorge04@ibl,1127.62,23,cd6bb03b-eb35-47a0-ad6e-0291b7893986,Ahmedabad,1964.86,0,1,1290.83,none,0
T0049664,2026-01-22 08:16:31.358142,user_0634,michellejensen@ibl,kbyrd@oksbi,442.03,10,13325c31-d010-418a-aadc-9960424211e2,Bengaluru,443.65,0,0,371.86,none,0
T0046795,2026-01-23 02:41:20.795409,user_0122,heatherthompson@paytm,bishopdustin@oksbi,1022.68,13,7a3a6e96-23ff-43d3-bb4f-b88a2f4dd219,Lucknow,747.18,0,0,361.52,none,0
T0002368,2026-01-03 10:56:54.861671,user_0513,mwaller@ybl,owright@oksbi,584.5,15,1c0f0bdc-ac7e-437c-94cc-1e2a5e4cb287,Ahmedabad,634.04,0,1,597.2,none,0
T0009637,2026-01-06 13:17:58.454309,user_0682,fnixon@oksbi,monica04@ybl,678.76,15,6afa828c-2cd1-4b9f-abe5-841fe9c96c52,Bengaluru,1038.42,0,0,250.35,none,0
T0015116,2026-01-10 01:09:26.770865,user_0214,hessbeth@ybl,edwardsdonna@paytm,1190.25,16,439e754c-6930-46ea-a0bd-a1ee5807cf74,Lucknow,839.21,0,0,28.94,none,0
T0000993,2026-01-01 13:54:24.589328,user_0446,emily61@ybl,suarezkrystal@ybl,798.91,15,287d06ca-6f4c-469a-8b22-d3081c8eaee9,Bengaluru,932.9,0,0,122.23,none,0
T0058187,2026-02-03 04:10:06.098412,user_0366,michelle78@ibl,peter97@okhdfcbank,198.4,17,af475b49-c775-4395-9494-05f02cd2a404,Chennai,318.7,0,0,1822.88,none,0
T0035012,2026-01-19 00:22:37.762766,user_0211,wilkinsonmichele@ibl,katie89@oksbi,342.38,4,5780be17-12fe-4c2b-9acf-42c5f3a02120,Hyderabad,374.23,0,0,272.6,none,0
T0039196,2026-01-28 21:10:52.936536,user_0760,morganmatthew@ybl,allencharles@paytm,890.76,19,a6846099-f729-4951-8591-31d2bbda0242,Pune,607.2,0,1,81.8,none,0
T0051101,2026-01-26 19:09:50.727245,user_0668,qmoore@paytm,lozanonicole@ibl,537.56,14,29310971-601e-4211-a34f-76b42b8c03bf,Pune,398.2,0,0,746.69,none,0
T0003916,2026-01-03 15:50:13.898122,user_0798,buckleygregory@oksbi,uwilliams@ibl,468.08,17,5c9deee0-b42a-4456-8736-5a84725e134d,Lucknow,436.51,0,1,748.26,none,0
T0012534,2026-01-06 17:18:13.660858,user_0790,montgomerymichelle@ibl,brianriley@ibl,1092.75,17,5da8d6d2-f8b3-4a8b-a05f-b8bc8a16a06c,Mumbai,1033.97,0,1,257.32,none,0
T0056942,2026-01-28 10:44:25.984812,user_0019,matthewreeves@ibl,hannah26@ibl,447.37,18,ea74bb18-de3b-496f-ac45-96f6c012a0ff,Delhi,306.05,0,0,720.39,none,0
T0052197,2026-01-22 05:22:05.327042,user_0752,christopher74@okhdfcbank,luis06@ibl,309.99,11,20156a72-12e1-43a6-932c-ae01d2c65ee4,Mumbai,557.31,0,0,99.01,none,0
T0006652,2026-01-05 11:53:55.224174,user_0049,mhoward@paytm,amber38@okhdfcbank,672.4,20,604e46cb-3712-42d1-87cd-b6a1bf012e32,Mumbai,918.61,0,0,20.34,none,0
T0053336,2026-02-09 08:56:44.507862,user_0046,gary04@ybl,jason87@ybl,795.13,1,98af5cca-6b11-47cb-a372-542482c56b21,Jaipur,762.64,0,0,423.31,none,0
T0000584,2026-01-01 11:15:52.753861,user_0332,melissa47@ybl,hpena@paytm,576.76,11,1a2a73ed-562b-4f79-8374-59eef50bea63,Ahmedabad,1243.24,0,1,675.88,none,0
T0021480,2026-01-16 02:01:56.725414,user_0769,marybrown@ybl,lindaacevedo@ybl,1655.2,17,67fd64c4-a334-458a-abd2-b5121335e5db,Lucknow,1545.14,0,0,804.24,none,0
T0032345,2026-01-20 00:52:43.829962,user_0533,stephanie33@paytm,vanessa90@okhdfcbank,132.97,10,4926ce5f-7878-4140-ac2a-4f71a77d95f1,Hyderabad,213.64,0,0,31.24,none,0
T0012831,2026-01-07 01:17:25.703961,user_0020,qknox@okhdfcbank,annyoung@paytm,1248.95,16,f8f58a26-1924-4644-af52-7666b23909f4,Bengaluru,1238.02,0,0,236.93,none,0
T0054716,2026-01-20 09:12:53.370178,user_0173,michellecoleman@ybl,alexander93@oksbi,748.54,13,54c63cd8-8945-4f27-97fa-2d8dfb2ca025,Jaipur,1258.68,0,0,1364.5,none,0
T0016626,2026-01-10 15:43:36.790440,user_0319,travis94@okhdfcbank,richard37@ibl,425.53,18,3270e4fa-abae-4f43-bcae-8081bdf070aa,Ahmedabad,450.88,0,0,998.39,none,0
T0044678,2026-01-22 05:51:11.832436,user_0662,daniel40@ybl,andrew07@paytm,99.38,13,f7d7465d-37c3-43c9-a5d0-b51788d00abd,Bengaluru,225.76,0,0,1116.88,none,0
T0004017,2026-01-03 02:45:26.784692,user_0579,webbhaley@paytm,stacey22@ybl,2120.66,14,3da9c2a9-0ed4-4f1a-bd4c-bf374eb93eff,Bengaluru,1654.61,0,0,161.65,none,0
T0049606,2026-01-31 19:11:25.647588,user_0285,zarias@okhdfcbank,fjohnson@ibl,1591.93,13,ccf3a171-56dc-4907-ba6c-34ab6712303a,Mumbai,2022.54,0,0,431.08,none,0
T0021691,2026-01-10 11:20:52.845583,user_0342,colematthew@ibl,qlewis@paytm,1197.15,10,97867b12-1328-4726-a4f4-34d6d1e91691,Mumbai,1408.8,0,0,266.9,none,0
T0043252,2026-01-24 08:03:58.166557,user_0605,crawfordjohn@ibl,upratt@ybl,708.96,11,cc1b4157-ec9f-4c54-9e0a-72ab7f5db163,Chennai,703.56,0,0,147.6,none,0
T0051416,2026-01-31 02:03:05.620724,user_0246,kgreene@paytm,rosalesdustin@ibl,1276.88,17,1519830c-4019-4303-9c45-7e4da79313b8,Chennai,2096.02,0,0,540.83,none,0
T0054837,2026-01-29 10:50:17.486543,user_0387,blopez@okhdfcbank,jodi37@okhdfcbank,379.48,15,31a3ac4d-828c-47e7-87d5-b7be1d30d990,Delhi,390.27,0,0,244.2,none,0
T0051691,2026-01-30 08:51:33.415580,user_0788,robert83@oksbi,johnsonkristina@oksbi,480.86,16,2812859a-1337-439e-8d4f-5d272c7f0b79,Hyderabad,330.27,0,0,1175.0,none,0
T0022778,2026-01-13 19:24:11.895621,user_0154,billmcfarland@oksbi,hking@okhdfcbank,216.89,18,5c9deee0-b42a-4456-8736-5a84725e134d,Mumbai,413.93,0,0,914.8,none,0
T0058344,2026-02-05 17:39:17.802519,user_0391,christophersmith@oksbi,cgoodwin@oksbi,355.45,16,9f8cc29f-fd35-4c5f-9347-9a3b479bc637,Delhi,287.08,0,0,246.11,none,0
T0001588,2026-01-02 05:34:17.812001,user_0737,chelseywhite@paytm,gouldchristina@ibl,585.68,6,b076a7dc-fd0c-4433-8a5e-151b23d3cd4c,Pune,711.97,0,0,664.49,none,0
T0052886,2026-01-24 19:14:53.692325,user_0758,tracybrown@okhdfcbank,melissa46@okhdfcbank,217.93,13,94a1875d-2db6-4edb-82de-ffccf86c2ca2,Ahmedabad,206.29,0,0,228.95,none,0
T0042689,2026-01-18 12:30:41.535892,user_0017,jordan66@oksbi,snydersarah@okhdfcbank,454.26,4,b4323070-a23d-4c2f-82a7-96891933918c,Pune,577.1,0,0,334.99,none,0
T0011706,2026-01-08 12:48:06.281729,user_0153,riverajenna@paytm,tmiller@ibl,1762.37,12,78660765-14f7-4e8d-95bc-b8d04094dded,Delhi,1608.24,0,0,248.77,none,0
T0038469,2026-01-19 16:12:05.417587,user_0024,destiny35@ybl,gregory67@okhdfcbank,1289.02,13,50032b35-1857-4baf-bac7-e2b96a7e4c36,Lucknow,1175.34,0,1,1146.27,none,0
T0056141,2026-01-28 00:30:34.935476,user_0029,kennedyjames@paytm,santoschristopher@oksbi,1334.94,23,96792482-a3c9-48e4-8d22-38e6c7bf4fbc,Kolkata,1425.12,0,0,185.71,none,0
T0031582,2026-01-23 20:34:50.903245,user_0099,christianwallace@ybl,eruiz@ibl,681.29,14,bda3c162-3a78-464a-9d86-80cbb90800f3,Bengaluru,1211.31,0,0,646.49,none,0
T0006897,2026-01-05 06:43:23.216315,user_0645,jared96@ibl,briannathomas@paytm,937.36,9,71299889-a01a-4992-bf9d-3e64c1a6423b,Jaipur,901.26,0,0,999.0,none,0
T0030081,2026-01-22 03:57:35.119149,user_0443,hlopez@okhdfcbank,christinafuentes@paytm,78.7,20,a6fd0cb1-16e6-45c0-84cb-294fe86e8e63,Pune,190.13,0,0,444.51,none,0
T0034800,2026-01-24 14:03:06.146863,user_0106,velasquezmegan@ibl,sheilaparsons@okhdfcbank,580.23,16,96792482-a3c9-48e4-8d22-38e6c7bf4fbc,Jaipur,723.4,0,0,607.26,none,0
T0018488,2026-01-15 14:01:43.711308,user_0541,cterrell@paytm,xoliver@ybl,261.39,19,9793b9b4-1374-4146-b2c5-bd89b70b3420,Ahmedabad,599.69,0,0,272.94,none,0
T0054626,2026-02-05 11:05:31.635863,user_0315,eric11@paytm,kathyrobinson@oksbi,580.82,16,43ad3d62-b17c-4b21-8dbc-2c1ca4afe7bd,Jaipur,1772.55,0,0,1574.09,none,0
T0028493,2026-01-19 07:29:48.354730,user_0366,michelle78@ibl,rthomas@oksbi,529.09,12,af475b49-c775-4395-9494-05f02cd2a404,Chennai,318.7,0,0,412.66,none,0
T0038789,2026-01-22 07:38:43.348376,user_0470,markwolfe@okhdfcbank,darlene61@ybl,417.3,9,ec6a37ad-81b1-4db9-88cc-4d49669b29b8,Lucknow,512.06,0,1,1383.32,none,0
T0031980,2026-01-18 02:02:35.840549,user_0129,jamesweber@ybl,iramirez@oksbi,1019.96,9,44d7df9a-238b-45b7-ab64-777c6177a771,Lucknow,1340.62,0,0,363.94,none,0
T0020113,2026-01-10 07:48:14.807579,user_0355,julie87@ibl,ochoajames@paytm,1609.65,0,24108e9a-3f77-4cae-b318-b96d44790612,Bengaluru,1166.07,0,0,10.88,none,0
T0033652,2026-01-19 00:57:15.876425,user_0164,rebeccaaustin@ybl,pwilliams@okhdfcbank,926.35,17,257f7595-cdfb-4db9-85e7-8b23f4613f09,Ahmedabad,753.37,0,0,110.12,none,0
T0026922,2026-01-15 23:28:03.949869,user_0653,davislisa@okhdfcbank,jstevens@okhdfcbank,575.39,15,287d06ca-6f4c-469a-8b22-d3081c8eaee9,Jaipur,724.74,0,1,1656.75,none,0
T0002687,2026-01-02 19:49:35.339893,user_0293,elizabeth69@okhdfcbank,hamptonsara@ybl,561.09,18,1d0bc9bd-e9b5-45cf-9766-5cdafe049059,Hyderabad,1051.69,0,0,111.72,none,0
T0023621,2026-01-10 20:06:36.527907,user_0068,conleyelizabeth@ybl,marygomez@ybl,799.98,14,47a2a10b-b62e-4b49-a472-96a4ff38b918,Lucknow,748.26,0,0,3704.96,none,0
T0000430,2026-01-01 07:17:53.804413,user_0057,butleromar@paytm,jenniferstone@oksbi,630.38,9,0a368ce7-dc57-4131-b8e1-daa7cbceabde,Chennai,561.37,0,0,437.9,none,0
T0005027,2026-01-05 02:51:05.398286,user_0519,lonniegrant@oksbi,williamsalex@paytm,1250.97,15,1777e8cb-7468-4b98-92fe-2fded918b3e5,Chennai,1108.63,0,0,335.43,none,0
T0033492,2026-01-11 11:57:44.572418,user_0683,jessicafox@ibl,savannah85@ibl,348.19,18,ed1115d7-50a4-4c85-99d5-7b0242d04d55,Kolkata,415.9,0,0,191.79,none,0
T0034783,2026-01-24 07:17:01.394509,user_0646,vbradley@ibl,jacksoncameron@ibl,2252.17,8,ca9f1d59-83e8-4700-8e63-813ed22e3226,Kolkata,1945.41,0,0,41.38,none,0
T0058805,2026-02-02 01:38:35.823645,user_0523,oreese@ibl,guyallen@okhdfcbank,1099.42,6,57d337d3-4fd8-4bbb-992c-11072444d301,Chennai,1082.43,0,0,231.82,none,0
T0014850,2026-01-09 06:55:43.952856,user_0546,vaughnrebecca@paytm,qweaver@okhdfcbank,420.09,18,94a1875d-2db6-4edb-82de-ffccf86c2ca2,Kolkata,981.44,0,0,371.77,none,0
T0021444,2026-01-14 17:07:30.297669,user_0480,johnadams@ybl,emartinez@ibl,862.15,15,822c4d32-6c64-4c15-aba3-01cba561e1e9,Jaipur,934.28,0,0,786.42,none,0
T0023699,2026-01-12 15:16:28.092820,user_0468,walterscrystal@ybl,wduncan@paytm,377.64,3,3d44cb2c-ea45-4a41-a589-ada1345af934,Lucknow,483.63,0,0,1115.23,none,0
T0056780,2026-01-30 11:09:18.873696,user_0286,jennifer90@ybl,lucasharvey@okhdfcbank,1007.31,10,7118e364-7709-4749-927e-ecfaa79ac9aa,Chennai,1283.45,0,0,462.41,none,0
T0046315,2026-01-21 01:09:20.977021,user_0680,arthur09@paytm,adamdean@paytm,2455.02,17,ef2ddcc4-8df6-41da-9f07-c1a5dfc620ce,Hyderabad,1698.35,0,0,493.8,none,0
T0037086,2026-01-22 15:35:51.113929,user_0644,terrireyes@oksbi,jennifer81@ibl,961.02,18,5da8d6d2-f8b3-4a8b-a05f-b8bc8a16a06c,Chennai,684.09,0,0,478.51,none,0
T0039032,2026-01-21 13:35:02.913045,user_0080,pmarsh@oksbi,heather90@okhdfcbank,378.42,13,3e2b6091-a092-452a-94a0-57a7b0cc1b3b,Pune,345.67,0,1,829.24,none,0
T0012933,2026-01-05 02:06:04.030836,user_0528,wattsthomas@okhdfcbank,nelsonangela@okhdfcbank,329.93,15,033d2bce-575a-4d2c-a5c5-650c8186a576,Jaipur,416.54,0,1,275.92,none,0
T0031603,2026-01-18 10:09:54.652704,user_0682,fnixon@oksbi,kmason@paytm,878.45,13,6afa828c-2cd1-4b9f-abe5-841fe9c96c52,Bengaluru,1038.42,0,0,456.67,none,0
T0029664,2026-01-19 20:54:05.260364,user_0798,buckleygregory@oksbi,pittmanwilliam@oksbi,348.15,1,5c9deee0-b42a-4456-8736-5a84725e134d,Kolkata,436.51,0,0,17.2,none,0
T0002114,2026-01-02 14:16:28.734297,user_0325,astewart@ibl,yburton@paytm,565.73,9,54bbbcf8-28fe-4761-8d49-fe3f2ca8f783,Pune,522.05,0,0,287.89,none,0
T0004664,2026-01-04 03:16:07.164624,user_0393,dbolton@paytm,stanleyclark@ibl,635.18,14,0a0537f0-2c2c-422b-a568-95c6812a1f9b,Bengaluru,1002.66,0,0,93.73,none,0
T0020481,2026-01-12 00:39:38.919634,user_0174,harrismaria@ybl,laurielewis@ybl,1068.63,12,51b30182-f7fe-404f-a5f3-0779f6ee5cdb,Kolkata,1297.48,0,0,205.08,none,0
T0032407,2026-01-20 11:25:57.838587,user_0466,michael66@ybl,mjones@oksbi,956.86,11,fbe94499-dbc0-40fd-86fb-7bf300b9d4a3,Chennai,760.07,0,0,0.17,none,0
T0048664,2026-01-28 15:19:17.909051,user_0523,oreese@ibl,cindy02@paytm,896.21,17,57d337d3-4fd8-4bbb-992c-11072444d301,Chennai,1082.43,0,0,450.87,none,0
T0012919,2026-01-08 14:03:27.196505,user_0293,elizabeth69@okhdfcbank,orodriguez@oksbi,1239.4,12,ebe9e207-4f19-4ec0-832d-4526b3e4110a,Hyderabad,1051.69,0,0,161.96,none,0
T0055767,2026-01-26 11:45:32.137037,user_0453,michael77@ybl,kathrynnolan@ibl,1688.02,19,3ae28023-5472-4d2d-b239-9ffb27046f25,Delhi,1421.8,0,0,243.3,none,0
T0059708,2026-02-01 11:38:28.933368,user_0581,sara99@okhdfcbank,tiffany08@ybl,1173.76,10,b5cbe3f5-6a66-4184-bde1-bf5daf4847f0,Mumbai,2074.96,0,0,2425.46,none,0
T0015087,2026-01-05 08:11:06.152263,user_0233,zacharygomez@ibl,dwest@ibl,802.72,13,eec259dc-7f95-497c-a76a-a6ced50755d9,Delhi,659.25,0,0,425.68,none,0
T0051003,2026-02-01 17:26:08.973248,user_0398,paulproctor@ibl,browntyler@oksbi,1002.24,15,f2c84743-9027-4770-a460-d0d2904883c1,Pune,1072.24,0,0,60.31,none,0
T0020111,2026-01-21 08:25:30.254903,user_0454,csmith@ybl,angelicalara@oksbi,621.16,19,75b17a55-d426-4982-a43e-4288a2b5b498,Mumbai,696.45,0,0,302.7,none,0
T0014891,2026-01-08 02:43:23.996839,user_0441,blackburnsusan@ibl,jacobmata@okhdfcbank,404.0,14,20156a72-12e1-43a6-932c-ae01d2c65ee4,Pune,466.35,0,0,1159.53,none,0
T0034971,2026-01-19 22:55:32.367636,user_0184,kristin49@ybl,doyledustin@ybl,2296.22,11,3c20592f-c04a-46c4-b3b6-3fe1d1843324,Jaipur,1643.58,0,0,945.82,none,0
T0052746,2026-01-23 20:56:55.657306,user_0553,wilsonshannon@paytm,crosbyamanda@paytm,268.65,14,7de31a51-6694-4343-90ba-58e3d2762bdc,Chennai,785.03,0,1,422.6,none,0
T0006270,2026-01-02 09:37:19.167262,user_0127,vmorrison@ibl,courtneyscott@paytm,1082.72,18,86879aa9-14f5-43d0-8991-2032df85c777,Mumbai,1018.74,0,1,115.69,none,0
T0040943,2026-01-29 13:10:14.121854,user_0631,fbradley@okhdfcbank,zbrown@oksbi,561.09,20,f0f7ad22-c76a-4e0f-88f0-91f09b8b38ae,Ahmedabad,647.15,0,0,463.09,none,0
T0007760,2026-01-08 10:35:41.700486,user_0507,joel84@okhdfcbank,uroberts@oksbi,994.32,12,73557b9d-0fd6-447e-b52d-4af2269ed4c9,Mumbai,1070.56,0,0,1218.31,none,0
T0004779,2026-01-02 02:20:01.530070,user_0138,maryvaughn@ibl,isaiahbell@ybl,1507.03,9,e1035e1c-e3bb-42ae-a552-ac5309eda6f5,Kolkata,1132.79,0,0,508.81,none,0
T0052982,2026-01-27 00:59:24.901465,user_0622,clarkmichael@ibl,curtissarah@ybl,1375.55,17,29a3b2e9-5d65-4441-9588-42dea2bc372f,Hyderabad,1402.78,0,0,109.76,none,0
T0048847,2026-01-31 06:46:16.443046,user_0285,zarias@okhdfcbank,yferguson@paytm,2397.99,6,ccf3a171-56dc-4907-ba6c-34ab6712303a,Mumbai,2022.54,0,1,929.92,none,0
T0031044,2026-01-19 03:33:51.385146,user_0383,justin84@ibl,xwilcox@oksbi,1592.63,9,f510ab53-c7fe-439f-9190-f938a66fd7f7,Kolkata,1833.96,0,0,2052.19,none,0
T0031311,2026-01-13 05:42:41.156189,user_0729,pdouglas@okhdfcbank,lewisjose@oksbi,3123.01,13,01a25ed1-c3ab-45f1-8c6b-7074ab102c9b,Chennai,3010.52,0,0,1796.2,none,0
T0051419,2026-01-30 16:35:15.938829,user_0312,victorgonzalez@ibl,dillondaniel@oksbi,1321.2,16,e25df9a8-9ca8-45c4-a138-afe08d38bbd8,Chennai,1383.02,0,0,1050.36,none,0
T0015547,2026-01-07 01:30:40.711537,user_0608,kristen31@ybl,elizabeth65@oksbi,272.7,10,72f60958-12ef-4101-a082-786fca00ef58,Kolkata,546.47,0,0,828.5,none,0
T0020656,2026-01-12 21:15:28.327100,user_0214,hessbeth@ybl,ericrodriguez@okhdfcbank,1084.3,8,439e754c-6930-46ea-a0bd-a1ee5807cf74,Lucknow,839.21,0,0,215.84,none,0
T0044157,2026-01-27 10:37:22.056920,user_0745,rebecca90@okhdfcbank,ewilliams@oksbi,297.47,17,989240ac-e689-43a9-89e4-8e8c25c61c45,Mumbai,1029.31,0,0,60.63,none,0
T0032138,2026-01-13 17:32:44.830459,user_0372,robert24@okhdfcbank,estradaelizabeth@paytm,951.09,18,bf337a15-1e08-4f20-bdd1-51b0f64ab6ec,Pune,689.02,0,1,236.38,none,0
T0034984,2026-01-24 15:09:27.355317,user_0646,vbradley@ibl,williamsjoan@paytm,2322.47,11,ca9f1d59-83e8-4700-8e63-813ed22e3226,Kolkata,1945.41,0,0,472.43,none,0
T0045264,2026-01-25 13:33:12.575735,user_0547,cgallegos@paytm,donald96@ybl,1220.3,17,eb6c1016-cee6-44d0-9dac-6e8345241ea6,Mumbai,1106.69,0,0,58.97,none,0
T0046893,2026-01-24 18:08:38.562206,user_0508,garrettnatasha@ibl,briansoto@oksbi,1445.61,12,1e38f711-e2ec-43f4-bba1-aed944cdbfdd,Lucknow,1468.73,0,0,535.92,none,0
T0019235,2026-01-08 14:12:38.965910,user_0064,michaelortiz@ibl,qmoore@ibl,1081.49,12,a84554c3-a3f6-4c61-afb7-0dab2f383b43,Bengaluru,858.71,0,0,324.63,none,0
T0047414,2026-01-28 03:07:36.987824,user_0184,kristin49@ybl,markvelazquez@ibl,1609.96,20,3c20592f-c04a-46c4-b3b6-3fe1d1843324,Jaipur,1643.58,0,0,70.12,none,0
T0016646,2026-01-09 16:45:54.847241,user_0085,cheryl27@okhdfcbank,erinwilkerson@okhdfcbank,225.42,11,a748dbcf-ac61-4e63-8dde-29a6baa4b71a,Chennai,261.66,0,1,441.64,none,0
T0017728,2026-01-11 06:01:06.134635,user_0587,vgutierrez@oksbi,erica34@ibl,2376.76,23,66c14dca-8255-4a61-9a3b-031932f57510,Jaipur,2065.85,0,0,699.79,none,0
T0027114,2026-01-11 01:45:47.506388,user_0122,heatherthompson@paytm,peggy21@ibl,421.94,4,7a3a6e96-23ff-43d3-bb4f-b88a2f4dd219,Lucknow,747.18,0,0,211.27,none,0
T0010236,2026-01-04 16:21:09.528217,user_0028,delacruzbrandy@ybl,ksimpson@paytm,314.53,11,dc3f42e0-fcf7-4842-9edf-3bfad12e0eb5,Mumbai,505.96,0,0,653.81,none,0
T0043459,2026-01-19 14:34:30.090321,user_0408,novakbianca@ybl,jonathan75@oksbi,455.81,17,771ad655-cdfc-4ee0-a61e-de900267deb3,Hyderabad,473.01,0,0,331.96,none,0
T0012420,2026-01-05 13:03:02.428972,user_0613,jamiejohnson@paytm,teresaruiz@paytm,1135.58,17,6307d4d1-21c9-415d-9104-5a16ef15ab72,Chennai,994.6,0,0,358.94,none,0
T0037521,2026-01-17 19:36:30.088569,user_0628,mwhite@ybl,paul63@okhdfcbank,1100.8,13,722dce13-47a4-4c42-8665-34972fe922aa,Ahmedabad,1310.64,0,0,261.99,none,0
T0046600,2026-01-23 15:42:30.079077,user_0059,turnerdorothy@ybl,nashaaron@oksbi,946.27,18,f3025d16-1eca-4ae9-a5bf-213d9eca381b,Hyderabad,860.77,0,1,1828.24,none,0
T0025447,2026-01-13 14:26:21.148607,user_0028,delacruzbrandy@ybl,katherinekirk@ibl,392.61,13,dc3f42e0-fcf7-4842-9edf-3bfad12e0eb5,Mumbai,505.96,0,1,800.44,none,0
T0036796,2026-01-23 13:22:46.167005,user_0040,ismith@paytm,thomas35@paytm,801.02,9,07f194f9-c115-4d6d-8a4e-5b70a6d964a3,Mumbai,1230.44,0,0,637.45,none,0
T0059764,2026-02-11 04:19:01.382871,user_0104,pamela83@paytm,beverlyking@okhdfcbank,424.23,8,90ce77e9-7513-43b9-87de-96ea2b0fbe44,Hyderabad,677.64,0,0,78.55,none,0
T0057068,2026-01-30 05:19:37.244625,user_0365,johnsonmichael@oksbi,vstrong@ybl,419.72,10,9c3de1b0-022b-4683-9033-da6587cf63fd,Mumbai,519.63,0,0,379.54,none,0
T0048047,2026-01-31 06:34:43.723372,user_0384,elopez@okhdfcbank,greenrebecca@oksbi,1035.52,9,3ae28023-5472-4d2d-b239-9ffb27046f25,Mumbai,1589.38,0,0,711.45,none,0
T0025707,2026-01-09 02:44:21.904898,user_0578,cherylrodriguez@oksbi,michaelbowman@okhdfcbank,923.05,10,5c62b3a2-3a3c-463e-8bd6-cee631b1b099,Bengaluru,1101.4,0,0,460.56,none,0
T0041817,2026-01-19 02:23:27.793804,user_0019,matthewreeves@ibl,jessica91@ybl,301.22,19,7e7838c9-ca55-438b-bc9a-be10238d6f44,Delhi,306.05,0,0,183.97,none,0
T0007577,2026-01-04 21:18:15.736406,user_0693,sotobelinda@paytm,pparks@ibl,950.38,15,5fa5e0aa-9b11-4530-bd24-7c11bf6b8cdf,Pune,739.55,0,0,289.09,none,0
T0027229,2026-01-15 09:31:45.555803,user_0635,philip55@okhdfcbank,brian54@oksbi,2461.5,9,766ecb15-474e-4c19-aef9-12766c006f61,Ahmedabad,2274.0,0,0,42.81,none,0
T0017227,2026-01-14 07:55:01.455403,user_0143,heather06@paytm,parkerstephen@okhdfcbank,343.05,23,c342bd2b-f295-456e-9967-5f06bd767e35,Pune,385.44,0,0,292.65,none,0
T0051873,2026-02-02 12:44:55.235053,user_0084,ywhite@okhdfcbank,jamesrodriguez@ybl,1229.91,18,8a4b8f7c-2147-4a15-bcce-96f6250a4578,Jaipur,1231.18,0,0,1356.94,none,0
T0046563,2026-01-22 08:55:45.031440,user_0431,gregoryjohnson@oksbi,kristy25@ibl,1445.68,7,b2a6e468-d02b-4243-8091-3ac10463750e,Ahmedabad,1422.21,0,0,128.78,none,0
T0057266,2026-01-30 04:32:35.478743,user_0280,lauren90@oksbi,rachel33@paytm,381.82,9,c2492e5e-005f-40e6-95c3-b2dbf374190d,Ahmedabad,334.96,0,0,1193.48,none,0
T0031449,2026-01-10 00:47:47.709530,user_0126,shawn22@ybl,madeline49@paytm,1232.47,20,5d71a898-6497-4593-892e-8c93d105c8d6,Ahmedabad,1019.57,0,0,1460.48,none,0
T0013099,2026-01-09 11:35:19.283385,user_0473,walkerkeith@ibl,curtis27@ibl,552.91,18,9adf4709-ac75-4344-a08e-149e44b9e602,Kolkata,581.48,0,0,1828.81,none,0
T0052331,2026-01-30 14:53:20.655572,user_0018,ldoyle@ybl,lawrencemarissa@ybl,556.02,12,bd5ff093-c16f-4bcc-a243-bed754ec3f33,Mumbai,709.72,0,0,274.62,none,0
T0012168,2026-01-07 22:50:30.919033,user_0164,rebeccaaustin@ybl,gonzalezsheila@ibl,379.7,7,257f7595-cdfb-4db9-85e7-8b23f4613f09,Ahmedabad,753.37,0,0,275.3,none,0
T0046498,2026-01-28 19:00:05.337173,user_0543,leescott@ybl,thompsonmichelle@ybl,128.25,8,a4b1f991-7542-4646-8d37-a539857dd3b3,Delhi,256.73,0,0,248.51,none,0
T0029246,2026-01-24 14:36:45.341935,user_0676,lkelly@ibl,leah92@okhdfcbank,704.63,13,24108e9a-3f77-4cae-b318-b96d44790612,Lucknow,772.58,0,0,1890.15,none,0
T0056724,2026-01-30 02:01:03.284632,user_0562,fjimenez@oksbi,smarshall@ibl,627.71,11,9191b363-4e2d-4645-adc7-cac7fd72b050,Bengaluru,692.33,0,0,6.74,none,0
T0041094,2026-01-24 21:38:20.218119,user_0538,zcortez@oksbi,andrew06@oksbi,541.77,3,69fb0763-8a9c-46f7-8ee4-e5125802b640,Ahmedabad,1111.95,0,0,344.85,none,0
T0040672,2026-01-19 15:58:46.040296,user_0697,christinahill@oksbi,tcox@paytm,348.14,12,541cdfcd-da0d-4a5f-948f-8b74a65bb1f2,Hyderabad,381.81,0,0,134.57,none,0
T0044906,2026-01-29 01:04:56.227990,user_0649,gnguyen@okhdfcbank,michaelrobinson@okhdfcbank,232.47,18,6e3c4532-1434-4f62-acac-028cba220065,Delhi,262.44,0,0,34.06,none,0
T0042008,2026-01-21 06:04:35.571496,user_0365,johnsonmichael@oksbi,lawrence91@okhdfcbank,240.54,9,e1721c83-ef5e-4376-a723-fb72682b163a,Mumbai,519.63,0,0,1549.68,none,0
T0000604,2026-01-01 19:50:02.838572,user_0697,christinahill@oksbi,zroy@oksbi,249.87,16,541cdfcd-da0d-4a5f-948f-8b74a65bb1f2,Hyderabad,381.81,0,0,151.14,none,0
T0055967,2026-01-30 23:50:46.223522,user_0650,zthompson@paytm,wparker@paytm,613.06,21,d65e59dd-e62d-4d06-8f9b-85581a7f195b,Mumbai,574.51,0,0,1764.07,none,0
T0057995,2026-01-27 17:02:42.253219,user_0742,kimberly07@ybl,justin76@ybl,582.15,17,53cd6268-610c-4373-8299-9aa40cdf742b,Jaipur,448.85,0,1,543.41,none,0
T0001279,2026-01-01 04:41:30.834099,user_0192,fmedina@paytm,gparrish@paytm,5.73,11,301db817-6673-442d-87af-75de33f92a87,Mumbai,710.36,1,0,274.69,probing,1
T0016130,2026-01-15 03:52:56.995250,user_0076,markkline@oksbi,nfernandez@ibl,488.1,10,edcb8cb6-0692-4c63-9424-aed51bac5c15,Bengaluru,324.82,0,0,336.83,none,0
T0031434,2026-01-19 05:20:40.979548,user_0208,erinrivera@okhdfcbank,matthewtravis@ybl,514.5,13,e7ba26ac-ab7a-4d1c-8cfe-f6833e11bafe,Lucknow,707.15,0,0,1204.56,none,0
T0019803,2026-01-12 12:04:30.312968,user_0665,qgardner@ibl,nataliewang@paytm,747.05,12,f5141058-3138-4975-bbf3-3a349c2dfa97,Pune,1052.32,0,0,823.17,none,0
T0040131,2026-01-20 02:25:51.914868,user_0749,mathew46@ybl,carterrobin@ibl,691.67,3,68bd075b-7eb6-481e-a72f-947d816462cb,Mumbai,1076.93,0,0,882.49,none,0
T0047272,2026-01-22 00:57:21.094845,user_0347,emily77@ybl,dawnbryant@okhdfcbank,234.98,12,f5141058-3138-4975-bbf3-3a349c2dfa97,Hyderabad,344.85,0,0,52.78,none,0
T0003615,2026-01-03 20:32:14.496697,user_0652,pmurphy@paytm,nathan05@ibl,901.48,11,4c6a70f4-8ede-444d-876c-f68c3f1be0d0,Mumbai,631.23,0,1,1235.88,none,0
T0055945,2026-01-31 19:11:09.982529,user_0556,rhondacunningham@ybl,willisamber@paytm,152.08,14,fa8dae42-ba54-4920-a099-d18087623997,Bengaluru,139.54,0,0,31.77,none,0
T0044473,2026-01-21 00:12:16.494196,user_0791,stevensims@ybl,barbara84@okhdfcbank,1314.5,19,ab9099a4-35a2-40ae-9af3-05535ec42e08,Hyderabad,1535.54,0,0,205.41,none,0
T0032592,2026-01-18 03:51:42.918833,user_0738,irodriguez@oksbi,mariehill@paytm,755.76,17,6aa0426d-f7c0-45f7-a9a5-3b4f8ff8869d,Bengaluru,703.83,0,0,723.45,none,0
T0042187,2026-01-27 21:00:30.636389,user_0780,bstrickland@ybl,wilsonlisa@okhdfcbank,333.8,12,0a0537f0-2c2c-422b-a568-95c6812a1f9b,Lucknow,450.25,0,0,22.02,none,0
T0053712,2026-01-30 23:04:48.138198,user_0450,megan66@paytm,kingbenjamin@ybl,1263.62,11,9a069295-3b8d-4447-8e61-065f171b1b80,Mumbai,964.04,0,0,1318.72,none,0
T0018815,2026-01-08 19:30:48.971991,user_0331,xhaynes@oksbi,djohnson@paytm,1968.52,16,6dda4f8d-cea6-4f4c-b9e5-8ff092f837d4,Hyderabad,2011.17,0,0,14.03,none,0
T0031156,2026-01-18 08:16:51.507978,user_0040,ismith@paytm,hbaker@ibl,1327.24,12,07f194f9-c115-4d6d-8a4e-5b70a6d964a3,Mumbai,1230.44,0,0,2602.77,none,0
T0030868,2026-01-15 17:25:58.633518,user_0584,jeanettekrause@oksbi,williamsstephanie@ibl,648.78,9,a6129a1c-889d-4b76-b75c-30b561730c48,Ahmedabad,496.71,0,1,111.25,none,0
T0053070,2026-01-30 11:29:06.650723,user_0728,millercassandra@oksbi,whernandez@ybl,1248.81,10,cf89569d-e550-4736-8780-6e713811b519,Delhi,938.13,0,0,303.41,none,0
T0006085,2026-01-04 18:08:43.675349,user_0606,tgallegos@paytm,shelbywatson@oksbi,1542.2,10,4b657bcc-b041-4f19-bbe7-18354e8bf78a,Ahmedabad,1524.14,0,0,1337.47,none,0
T0055165,2026-01-31 18:55:56.437637,user_0495,scottbrian@ibl,vaughnjoan@paytm,1061.24,14,1519830c-4019-4303-9c45-7e4da79313b8,Ahmedabad,875.45,0,0,2727.81,none,0
T0038397,2026-01-25 07:59:46.667535,user_0655,yschmidt@paytm,vickie37@paytm,504.02,3,f296d9f0-cd23-42c2-abff-e17b532401fc,Pune,367.97,0,1,132.37,none,0
T0030068,2026-01-24 16:13:12.031483,user_0339,kristen44@paytm,icarroll@okhdfcbank,481.82,16,30d73df7-1c22-4cea-b355-56a5f2bd92f2,Chennai,367.06,0,0,107.45,none,0
T0038018,2026-01-28 15:17:20.829496,user_0106,velasquezmegan@ibl,kennethevans@ybl,1092.68,5,96792482-a3c9-48e4-8d22-38e6c7bf4fbc,Jaipur,723.4,0,0,1351.16,none,0
T0023504,2026-01-12 17:40:07.156034,user_0641,nguyendebra@okhdfcbank,harrisamanda@paytm,994.92,7,37bb3eec-4bf5-4b52-b09d-258c27a0c3d7,Mumbai,1536.71,0,0,1798.17,none,0
T0027055,2026-01-18 23:43:13.306278,user_0251,cindydixon@okhdfcbank,scotthardin@ibl,484.95,11,910c4cb7-25f0-4b0a-a64e-f59d6a18e5af,Kolkata,587.0,0,0,140.61,none,0
T0031717,2026-01-20 14:46:42.718965,user_0146,james73@oksbi,judith18@ibl,647.39,11,668409e3-f1f8-443e-a99f-131849c8a43f,Delhi,1271.12,0,0,454.56,none,0
T0008533,2026-01-04 20:13:14.918222,user_0732,kayla54@ibl,npowell@paytm,696.11,17,4767d76c-162f-4a24-af43-613cd4aac9a3,Bengaluru,864.5,0,0,15.5,none,0
T0047336,2026-01-26 19:45:16.807925,user_0410,kelli32@okhdfcbank,masonmary@ybl,843.23,15,fb10987f-20ac-4703-ab67-146a77a6e17c,Bengaluru,777.41,0,0,19.73,none,0
T0006017,2026-01-05 06:29:54.507573,user_0080,pmarsh@oksbi,rodriguezmark@paytm,269.8,14,3e2b6091-a092-452a-94a0-57a7b0cc1b3b,Chennai,345.67,0,0,782.37,none,0
T0037716,2026-01-19 09:20:27.788993,user_0569,mark10@okhdfcbank,lewisrickey@paytm,158.8,11,fe7c80e9-a179-4e93-bfc8-25ac869bc00f,Hyderabad,321.67,0,0,66.52,none,0
T0002865,2026-01-02 09:02:13.643805,user_0122,heatherthompson@paytm,ohiggins@oksbi,529.27,14,7a3a6e96-23ff-43d3-bb4f-b88a2f4dd219,Lucknow,747.18,0,0,2.25,none,0
T0023631,2026-01-10 08:38:55.278154,user_0607,aliciathompson@oksbi,powellheather@paytm,1306.36,13,4758367b-a649-4cdc-907b-907265e58f34,Jaipur,1199.85,0,1,123.51,none,0
T0024288,2026-01-15 17:14:50.206698,user_0556,rhondacunningham@ybl,cryan@ybl,139.72,12,fa8dae42-ba54-4920-a099-d18087623997,Bengaluru,139.54,0,0,129.5,none,0
T0031720,2026-01-16 10:05:16.057596,user_0353,denise49@paytm,wrightjason@oksbi,277.93,9,216e9fe5-93f3-4596-8c1c-8b0556771f36,Pune,288.0,0,0,752.09,none,0
T0009455,2026-01-05 03:24:07.998629,user_0078,ian66@oksbi,katie27@oksbi,319.07,8,16591c89-21eb-4aa9-9a2b-d69c450f69ee,Delhi,193.73,0,0,852.11,none,0
T0027635,2026-01-19 06:49:07.946250,user_0513,mwaller@ybl,kara75@okhdfcbank,448.44,7,1c0f0bdc-ac7e-437c-94cc-1e2a5e4cb287,Ahmedabad,634.04,0,0,61.28,none,0
T0046074,2026-01-25 05:16:13.620034,user_0180,ystewart@ybl,martinwhite@oksbi,1486.23,21,8a4b8f7c-2147-4a15-bcce-96f6250a4578,Chennai,1040.97,0,0,1213.58,none,0
T0030370,2026-01-18 07:22:55.673436,user_0573,sarah14@ibl,ronaldmoore@ibl,1068.34,17,5bb8b9c8-8932-49f3-9ee8-9a4c681134e2,Kolkata,1731.83,0,0,600.49,none,0
T0034769,2026-01-19 17:37:03.698590,user_0363,jerome47@ibl,glenduffy@ibl,686.67,11,f7eae66e-ca6c-4f9b-8969-71018b2c550a,Ahmedabad,1456.37,0,0,354.78,none,0
T0035161,2026-01-21 07:42:54.063793,user_0576,thomas14@paytm,franklinshannon@paytm,350.8,14,f387e1bd-2d59-42c6-934a-5a2fa7cf705c,Hyderabad,435.29,0,0,343.38,none,0
T0057570,2026-02-01 18:57:01.315373,user_0792,joshualee@ybl,jchristensen@paytm,1376.29,8,9d66e815-5a41-43b3-a95f-176cdebac186,Hyderabad,1161.12,0,0,91.97,none,0
T0002418,2026-01-02 15:42:32.018461,user_0740,gainesjennifer@paytm,marissa39@paytm,370.3,20,3f8c1097-c4da-4c2e-9bff-a27915c1604f,Lucknow,722.03,0,0,552.1,none,0
T0041490,2026-01-26 07:19:22.989460,user_0753,gregorywilliams@oksbi,wheelerheather@okhdfcbank,475.58,17,4082cbb9-48bd-4b3e-a2f5-df2badaa44ca,Mumbai,447.43,0,0,1735.21,none,0
T0040854,2026-01-23 05:57:34.477415,user_0459,devonrichardson@oksbi,jeffreyclark@okhdfcbank,662.42,11,473bd358-610e-4a64-a130-1617c2dff335,Lucknow,569.42,0,1,47.41,none,0
T0046335,2026-01-27 04:04:14.211823,user_0574,miguel61@ybl,christopher14@ibl,1030.78,23,d5f25073-f414-42b1-a442-9ebbda7b9095,Delhi,1317.21,0,1,1617.75,none,0
T0021208,2026-01-14 14:09:40.261316,user_0529,xjoseph@okhdfcbank,jeremy18@ibl,439.3,10,f065c817-687a-4850-9d9b-62317d45d8ef,Lucknow,467.69,0,0,266.7,none,0
T0046679,2026-01-23 17:19:44.379346,user_0365,johnsonmichael@oksbi,amy66@paytm,845.73,15,9c3de1b0-022b-4683-9033-da6587cf63fd,Mumbai,519.63,0,0,105.85,none,0
T0041804,2026-01-24 13:44:32.097264,user_0179,rickey76@paytm,qdonaldson@okhdfcbank,718.32,11,453b45fe-636c-4499-9254-aad3809cd839,Kolkata,779.11,0,1,184.28,none,0
T0040200,2026-01-20 19:44:45.287449,user_0684,steven18@okhdfcbank,erik97@oksbi,415.71,20,5a5226e6-9d64-4932-8066-853d6de299a1,Jaipur,429.59,0,0,126.09,none,0
T0053433,2026-01-22 06:59:25.891190,user_0360,johnsonrandy@oksbi,taylorapril@ybl,304.75,15,30e912f2-f2b4-4abf-8441-aefd0299436a,Bengaluru,325.09,0,1,628.72,none,0
T0003028,2026-01-03 19:01:51.188430,user_0433,hbarrett@okhdfcbank,victoria91@ybl,1155.07,8,27aa7cbc-2337-4bbc-bffe-77c839feb99c,Bengaluru,816.74,0,1,1184.53,none,0
T0059860,2026-01-29 10:43:15.366355,user_0470,markwolfe@okhdfcbank,kellyyoung@okhdfcbank,397.57,10,ec6a37ad-81b1-4db9-88cc-4d49669b29b8,Lucknow,512.06,0,0,937.92,none,0
T0024113,2026-01-08 19:34:10.974665,user_0460,jesseshepherd@ibl,rodriguezkimberly@paytm,1649.47,14,e723ada3-8c32-4db2-942a-895e0fcf601f,Mumbai,1598.12,0,0,693.74,none,0
T0055666,2026-01-28 15:55:13.156900,user_0410,kelli32@okhdfcbank,ljuarez@ybl,685.01,8,fb10987f-20ac-4703-ab67-146a77a6e17c,Bengaluru,777.41,0,0,168.52,none,0
T0027577,2026-01-20 22:06:07.662621,user_0313,moniqueclark@ibl,nicolesmith@ybl,398.98,12,67ce378f-e5a4-483b-a383-889adb2c6ac8,Jaipur,460.93,0,0,1192.52,none,0
T0019127,2026-01-06 17:25:23.714263,user_0008,smithyvonne@okhdfcbank,johnathanrodriguez@ibl,885.52,15,74962764-12a4-4ef0-84bb-b7a9d98868dd,Bengaluru,849.58,0,0,50.38,none,0
T0031784,2026-01-19 04:48:14.272809,user_0175,elucas@okhdfcbank,terrence99@paytm,734.2,14,0997623a-e072-4d96-8a1a-81f5ed10f004,Ahmedabad,888.28,0,1,353.97,none,0
T0000048,2026-01-01 01:25:57.722048,user_0732,kayla54@ibl,rodriguezjoshua@ybl,917.84,12,97777f10-f2d2-493f-8e85-140d0f9aeb70,Bengaluru,864.5,0,0,85.96,none,0
T0009239,2026-01-06 05:32:01.838409,user_0376,xevans@oksbi,timothy42@oksbi,2172.98,7,b43bd27f-42a2-49a6-8664-12854303cbc1,Delhi,3124.06,0,0,1197.61,none,0
T0007672,2026-01-05 13:42:34.282771,user_0261,xboyd@oksbi,petersonann@ibl,735.29,11,286ed390-edd9-4a1a-ba58-5b278ce3e7c3,Delhi,684.82,0,0,89.02,none,0
T0053624,2026-01-23 02:02:53.527043,user_0011,rogersjoshua@okhdfcbank,avilanathan@paytm,728.82,13,3967e60a-823d-4107-9c8a-c066cb2fafa3,Ahmedabad,892.47,0,1,547.55,none,0
T0042382,2026-01-22 09:35:29.590453,user_0166,patrick16@ibl,obates@ibl,2273.85,14,f48f709c-49a2-4441-8ac4-de854a5b1aff,Ahmedabad,1916.86,0,0,317.52,none,0
T0057476,2026-02-05 16:16:26.838367,user_0787,burtonkimberly@oksbi,yoderjanet@oksbi,247.56,12,7a3a6e96-23ff-43d3-bb4f-b88a2f4dd219,Mumbai,234.93,0,0,204.74,none,0
T0059109,2026-01-29 18:31:12.512099,user_0580,ronald54@ybl,tinaallen@ibl,1108.54,3,b24cc64f-be3e-4e57-b30a-9e32aba4fc03,Delhi,824.0,0,1,62.45,none,0
T0044143,2026-01-27 20:00:28.007609,user_0590,parkerwilliam@paytm,robert19@okhdfcbank,809.3,15,67c0518b-17ef-4621-881c-79d4c27437eb,Pune,780.59,0,0,489.28,none,0
T0023168,2026-01-06 13:46:01.174352,user_0326,craignicolas@paytm,leslie16@paytm,1867.52,8,861b4f5b-45a0-4539-ade8-370ace9e9ebd,Bengaluru,1275.28,0,0,43.48,none,0
T0049485,2026-01-29 12:55:33.970046,user_0424,bgross@ybl,frederickmatthew@ybl,95.26,13,6f887f28-3e49-4d09-9b19-d8b8d8302081,Mumbai,146.3,0,0,1404.54,none,0
T0008596,2026-01-02 20:40:46.799160,user_0683,jessicafox@ibl,richardkelly@paytm,397.87,21,ed1115d7-50a4-4c85-99d5-7b0242d04d55,Kolkata,415.9,0,0,139.61,none,0
T0033464,2026-01-23 22:53:15.421559,user_0110,aaronkelly@oksbi,rbaldwin@oksbi,216.98,21,0426fcc9-255b-40e2-bdc2-b74b38a56b49,Mumbai,302.48,0,0,50.74,none,0
T0023744,2026-01-12 02:17:25.469451,user_0664,jennifer66@paytm,ckelly@oksbi,2218.58,14,28719b9b-db8f-4e32-adef-50031fce01e3,Hyderabad,1717.44,0,0,218.28,none,0
T0032823,2026-01-15 01:13:43.605767,user_0225,bakerjim@ybl,kevin18@ybl,3123.34,14,46a56fe8-6f46-41b1-aace-1aa9103246b3,Bengaluru,2230.64,0,0,2227.44,none,0
T0042512,2026-01-23 11:52:21.158256,user_0682,fnixon@oksbi,sancheztravis@ibl,623.58,7,6afa828c-2cd1-4b9f-abe5-841fe9c96c52,Bengaluru,1038.42,0,0,196.11,none,0
T0002377,2026-01-03 01:57:20.955003,user_0547,cgallegos@paytm,anthony61@ibl,1493.29,18,eb6c1016-cee6-44d0-9dac-6e8345241ea6,Mumbai,1106.69,0,0,57.41,none,0
T0052603,2026-01-24 17:53:39.617705,user_0591,katie15@paytm,patricia36@ybl,430.58,16,e1cde87f-ec95-4f87-ae5e-c36572eb7474,Kolkata,592.39,0,0,227.59,none,0
T0004167,2026-01-03 09:43:35.683886,user_0663,ryanlawrence@oksbi,wferguson@okhdfcbank,175.54,20,ce3714af-99b4-4350-af2b-99b4d9acd158,Ahmedabad,176.85,0,0,302.13,none,0
T0019755,2026-01-12 17:48:59.010021,user_0387,blopez@okhdfcbank,antoniocervantes@paytm,361.32,17,31a3ac4d-828c-47e7-87d5-b7be1d30d990,Delhi,390.27,0,0,317.84,none,0
T0049279,2026-01-31 14:36:37.518496,user_0192,fmedina@paytm,floreskara@paytm,785.48,11,24108e9a-3f77-4cae-b318-b96d44790612,Mumbai,710.36,0,0,671.2,none,0
T0051222,2026-01-30 12:44:35.658728,user_0487,jamesbrooks@ybl,emily60@paytm,2484.49,16,51facefa-d6f8-4f7a-82fa-1da878308631,Mumbai,1752.15,0,0,2136.73,none,0
T0000549,2026-01-01 05:08:54.388294,user_0152,eugenesingleton@ibl,nmorales@oksbi,2140.89,12,956269f0-e5d7-4875-adad-d6c795a76d79,Bengaluru,1404.59,0,0,308.91,none,0
T0043355,2026-01-29 02:35:39.001318,user_0344,andrew15@ybl,brandi74@okhdfcbank,427.64,22,759cde66-bacf-43d0-8b1f-9163ce9ff57f,Kolkata,586.79,0,0,121.53,none,0
T0021108,2026-01-10 00:16:49.786882,user_0759,victor70@paytm,higginschristopher@okhdfcbank,142.08,10,8991b01a-a2b0-4c4b-bc96-6b552f8d8ded,Delhi,230.62,0,0,2487.79,none,0
T0013058,2026-01-08 14:29:56.257854,user_0498,pricejoseph@ibl,nbryant@okhdfcbank,383.94,17,cfd7f3b9-c68f-4ba5-9e0d-02b5fe7402cd,Delhi,383.56,0,0,1567.45,none,0
T0007504,2026-01-03 17:20:08.286721,user_0749,mathew46@ybl,vancemario@ibl,1031.79,9,68bd075b-7eb6-481e-a72f-947d816462cb,Mumbai,1076.93,0,0,94.01,none,0
T0038589,2026-01-20 15:34:06.260667,user_0113,nrodriguez@ibl,peter50@paytm,1667.09,15,b28187c4-aa05-4442-a284-e8fd755cee2a,Kolkata,1157.52,0,0,230.18,none,0
T0023422,2026-01-08 14:10:09.551175,user_0447,laurapierce@oksbi,tiffany03@ybl,1391.26,13,40afbf3f-3df5-4967-8d86-70bda2224f96,Ahmedabad,1084.29,0,0,420.04,none,0
T0014761,2026-01-09 01:06:15.991955,user_0402,sharon20@ibl,taylorkayla@okhdfcbank,694.61,19,741b77f5-4c24-4053-a7f5-ae02af5b8f47,Hyderabad,481.53,0,0,219.92,none,0
T0015383,2026-01-11 15:21:19.151401,user_0168,willie87@paytm,markharrington@ybl,502.84,18,f7336094-6b2b-48b9-85c7-f3bed183010f,Chennai,641.32,0,0,525.62,none,0
T0031399,2026-01-20 05:39:07.801595,user_0369,omills@ibl,lisa75@oksbi,196.64,10,f8ded777-bb1e-4ae8-97d8-21b8bb93cd40,Mumbai,246.59,0,0,269.28,none,0
T0056873,2026-02-01 20:47:36.888486,user_0156,tracy98@okhdfcbank,zmullins@ibl,1414.31,15,c6435300-68a5-4c68-a32d-bb5e486bb6bf,Mumbai,1202.03,0,0,666.36,none,0
T0040201,2026-01-21 10:06:17.740273,user_0316,loweelizabeth@paytm,lauraharding@ibl,939.38,8,781799ff-b49e-44cc-8243-69e72387eaf6,Bengaluru,1061.27,0,0,754.41,none,0
T0038436,2026-01-15 22:53:53.540820,user_0163,wilsonmichael@oksbi,melissacox@oksbi,786.37,15,b8beff3d-cb9f-4f6d-af3a-6f27ef06fccb,Ahmedabad,984.9,0,1,1091.94,none,0
T0016847,2026-01-12 13:11:51.324824,user_0152,eugenesingleton@ibl,kwilliams@ibl,939.37,11,956269f0-e5d7-4875-adad-d6c795a76d79,Bengaluru,1404.59,0,0,49.59,none,0
T0040551,2026-01-26 06:02:48.111517,user_0109,wwilson@oksbi,swhitehead@okhdfcbank,670.75,11,1519830c-4019-4303-9c45-7e4da79313b8,Mumbai,364.77,0,0,2266.48,none,0
T0009243,2026-01-05 01:52:29.101280,user_0230,mary49@oksbi,martindaniel@okhdfcbank,1290.03,13,12a1fe7d-dfa5-4722-8a1f-c9df9a591974,Mumbai,1530.03,0,0,1267.64,none,0
T0029093,2026-01-18 09:58:34.955103,user_0391,christophersmith@oksbi,halltheresa@oksbi,308.09,10,dd2467ac-778e-4db3-a93d-ffbc6c6fa611,Delhi,287.08,0,0,153.24,none,0
T0015805,2026-01-11 00:55:30.919132,user_0285,zarias@okhdfcbank,schaeferchristopher@oksbi,2242.02,20,ccf3a171-56dc-4907-ba6c-34ab6712303a,Mumbai,2022.54,0,0,265.82,none,0
T0033359,2026-01-16 04:18:12.438334,user_0468,walterscrystal@ybl,johnwilson@okhdfcbank,454.03,18,3d44cb2c-ea45-4a41-a589-ada1345af934,Lucknow,483.63,0,1,96.94,none,0
T0055644,2026-01-31 13:29:56.703656,user_0749,mathew46@ybl,nelsontyler@oksbi,1165.33,16,68bd075b-7eb6-481e-a72f-947d816462cb,Mumbai,1076.93,0,0,603.17,none,0
T0015996,2026-01-09 19:14:31.796880,user_0388,brandonnichols@oksbi,douglasstanley@ibl,1153.52,17,f5d8fb91-ee60-41ac-add0-622e266bf2ea,Jaipur,1325.98,0,0,476.07,none,0
T0017783,2026-01-07 12:37:29.448618,user_0094,smithsarah@ybl,adamwilson@ibl,471.81,11,9c2e58de-ea4e-4617-93f8-382b8fb864e4,Kolkata,879.75,0,0,560.79,none,0
T0058166,2026-02-04 03:29:29.706457,user_0076,markkline@oksbi,michael85@okhdfcbank,307.41,10,edcb8cb6-0692-4c63-9424-aed51bac5c15,Bengaluru,324.82,0,0,135.01,none,0
T0023789,2026-01-15 11:13:56.161442,user_0788,robert83@oksbi,kellybishop@ibl,216.32,1,2812859a-1337-439e-8d4f-5d272c7f0b79,Hyderabad,330.27,0,0,246.92,none,0
T0048620,2026-01-26 02:05:50.852285,user_0729,pdouglas@okhdfcbank,michaelhoover@paytm,3344.2,9,01a25ed1-c3ab-45f1-8c6b-7074ab102c9b,Chennai,3010.52,0,0,194.99,none,0
T0037855,2026-01-23 12:29:15.605348,user_0603,hancockkaren@oksbi,jessica67@paytm,985.4,17,32f8dbab-b462-43e8-9c41-8a83eb04159c,Jaipur,1005.71,0,0,212.22,none,0
T0019579,2026-01-11 16:51:28.995899,user_0506,reedmichael@oksbi,danielmorse@ybl,2420.21,13,f31046dc-6202-4ee6-9cb5-e69c5dc7b3e6,Ahmedabad,2197.28,0,0,875.96,none,0
T0036312,2026-01-20 16:36:38.510246,user_0792,joshualee@ybl,christian30@ybl,571.76,23,20156a72-12e1-43a6-932c-ae01d2c65ee4,Hyderabad,1161.12,0,0,646.63,none,0
T0048717,2026-01-19 23:21:13.560672,user_0077,natalie15@oksbi,oconnellmario@paytm,612.76,19,5ef787b8-f2e6-495f-b32e-2016add702c9,Mumbai,464.91,0,0,616.25,none,0
T0058281,2026-01-25 09:34:58.493937,user_0550,whitebrittany@ibl,caseylauren@oksbi,1479.57,7,ccac2fb5-1a0c-4c04-93cd-129110042d82,Pune,1153.91,0,0,55.18,none,0
T0002269,2026-01-02 10:34:16.368214,user_0431,gregoryjohnson@oksbi,taylorparker@ybl,2048.49,13,b2a6e468-d02b-4243-8091-3ac10463750e,Ahmedabad,1422.21,0,0,132.69,none,0
T0029473,2026-01-07 09:36:21.432963,user_0409,jbarker@oksbi,nwilliams@ybl,886.82,4,76d70561-d2d1-4ef5-9e4c-4fd1462363a9,Jaipur,944.75,0,0,800.32,none,0
T0058332,2026-02-03 03:47:29.673492,user_0576,thomas14@paytm,isaac85@ibl,183.11,20,f387e1bd-2d59-42c6-934a-5a2fa7cf705c,Hyderabad,435.29,0,0,33.77,none,0
T0027797,2026-01-17 16:32:22.843684,user_0668,qmoore@paytm,kpowers@ibl,249.4,16,29310971-601e-4211-a34f-76b42b8c03bf,Pune,398.2,0,0,1280.84,none,0
T0019823,2026-01-08 03:11:34.126779,user_0012,michelle44@ibl,kcox@ybl,1397.16,17,16de66c9-6210-4ef6-ba9c-43081221cddf,Jaipur,1796.07,0,0,398.66,none,0
T0032864,2026-01-14 03:22:56.588574,user_0779,andersonkylie@ibl,gary20@ibl,2751.34,9,9c678393-2ced-4c0d-b173-04b5c1dd484a,Kolkata,2566.44,0,0,616.31,none,0
T0001574,2026-01-02 00:35:31.038314,user_0197,yorksarah@ibl,robert75@paytm,432.58,23,949077c2-7674-456f-a26d-719d81cf3252,Lucknow,465.88,0,0,731.44,none,0
T0037118,2026-01-17 22:08:12.589138,user_0527,jerryjohnson@oksbi,josephsalazar@ibl,966.29,15,2f8c83e5-6e8d-4644-a01b-fbcbf0eebcce,Bengaluru,787.72,0,0,894.19,none,0
T0018319,2026-01-10 06:05:02.005269,user_0651,georgegina@ybl,jamesyoung@ybl,2046.41,12,74962764-12a4-4ef0-84bb-b7a9d98868dd,Pune,1709.3,0,0,496.61,none,0
T0055590,2026-01-22 03:22:15.218996,user_0560,roachsusan@ibl,nbennett@paytm,1044.52,19,3c9ad14c-ee0c-4eb5-acfe-db992790cebd,Jaipur,961.39,0,0,20.55,none,0
T0004318,2026-01-02 20:27:53.239421,user_0385,derrickrodriguez@ybl,foleyjennifer@oksbi,158.92,18,5230dfbd-5553-42fe-a889-803e5913f9d3,Pune,116.88,0,0,1135.35,none,0
T0016365,2026-01-08 03:16:44.435572,user_0725,austinharvey@ybl,alvareznancy@oksbi,356.75,12,43bfd931-3605-4f54-a021-c0ca3531968d,Pune,238.44,0,0,1387.07,none,0
T0047177,2026-01-26 05:00:22.899482,user_0688,harrisonwilliam@okhdfcbank,chelseafarrell@ibl,1942.09,8,f6d22a7b-aec7-4a82-948b-4376602a4e57,Bengaluru,1590.87,0,0,256.12,none,0
T0048167,2026-01-24 19:40:47.615881,user_0664,jennifer66@paytm,xavierhale@ybl,1480.2,9,28719b9b-db8f-4e32-adef-50031fce01e3,Hyderabad,1717.44,0,0,1278.82,none,0
T0029873,2026-01-14 05:31:44.243567,user_0310,michael94@oksbi,santosamy@okhdfcbank,411.69,14,28c13091-444d-410b-bf87-e362cf8d446a,Ahmedabad,433.53,0,0,300.21,none,0
T0043756,2026-01-20 22:21:43.539778,user_0537,mparsons@paytm,courtney81@okhdfcbank,1152.9,16,ac9ed156-f63f-4e41-ba9a-ca5e176132ed,Delhi,1276.31,0,0,75.85,none,0
T0020677,2026-01-13 05:59:04.667429,user_0316,loweelizabeth@paytm,maureen29@paytm,1275.56,10,9c678393-2ced-4c0d-b173-04b5c1dd484a,Bengaluru,1061.27,0,0,490.95,none,0
T0030949,2026-01-19 12:19:21.119396,user_0067,aaronpowers@okhdfcbank,hopkinsmelanie@paytm,801.22,17,71299889-a01a-4992-bf9d-3e64c1a6423b,Hyderabad,703.07,0,0,399.71,none,0
T0056078,2026-01-26 09:24:44.883684,user_0484,carrillogary@oksbi,lewisisaac@ibl,521.44,11,54bbbcf8-28fe-4761-8d49-fe3f2ca8f783,Delhi,478.34,0,0,52.23,none,0
T0054064,2026-01-20 14:46:15.751338,user_0038,andersonryan@ybl,tbarnes@ibl,550.95,12,94340a03-3f07-4814-91d6-3f78e3e9de99,Chennai,498.57,0,0,961.02,none,0
T0048128,2026-01-25 09:07:21.072804,user_0359,brownnatasha@ybl,william56@ibl,392.85,13,a48e40f1-d042-4dfa-96ab-087a8bc78e81,Bengaluru,485.99,0,0,706.62,none,0
T0011239,2026-01-05 14:02:13.758937,user_0412,sarah00@ibl,judith43@ybl,1287.04,13,e8334da5-de95-4695-b579-c1437ab99428,Mumbai,888.58,0,0,247.62,none,0
T0050024,2026-01-21 09:04:04.037860,user_0199,emily41@okhdfcbank,dennismario@okhdfcbank,461.39,9,dbd30aec-0b46-4173-80a8-547382425912,Bengaluru,487.65,0,0,49.73,none,0
T0024699,2026-01-12 08:04:42.129135,user_0093,jhernandez@ibl,spencer39@okhdfcbank,1288.02,22,0cb5ee5c-62f5-47c2-8706-fec248fa4e98,Mumbai,843.94,0,0,160.05,none,0
T0031180,2026-01-14 06:43:15.677419,user_0181,nicholsdarlene@okhdfcbank,anne93@paytm,256.63,18,a981b098-b2cf-452d-a7f3-33b3f7baf55e,Mumbai,617.61,0,0,1.23,none,0
T0008336,2026-01-03 22:17:03.418153,user_0258,richamanda@paytm,jason83@okhdfcbank,640.29,23,65bcc272-fadd-4ea3-aca5-e2fdb966442a,Ahmedabad,671.7,0,0,346.21,none,0
T0006536,2026-01-05 00:41:00.654758,user_0170,lukemiller@ybl,gschultz@okhdfcbank,921.37,15,d18183d1-ac2b-4cfc-85c5-1060991121e7,Pune,872.55,0,0,451.08,none,0
T0031719,2026-01-14 18:11:53.552399,user_0220,melaniedrake@oksbi,katherine13@oksbi,2597.74,6,a9e27ba9-952e-4abb-94dd-5061555736f8,Ahmedabad,2607.34,0,0,769.27,none,0
T0001324,2026-01-02 06:11:41.042446,user_0547,cgallegos@paytm,peter64@paytm,1341.13,19,eb6c1016-cee6-44d0-9dac-6e8345241ea6,Mumbai,1106.69,0,0,1631.16,none,0
T0049350,2026-01-25 15:57:51.180866,user_0065,benjamincrawford@okhdfcbank,sally55@ybl,1072.05,10,f10c718b-1eb0-438a-a75d-d5af3c365296,Hyderabad,678.96,0,0,1319.58,none,0
T0002102,2026-01-01 07:55:13.598089,user_0646,vbradley@ibl,jphelps@ibl,1932.36,23,ca9f1d59-83e8-4700-8e63-813ed22e3226,Kolkata,1945.41,0,0,63.57,none,0
T0048131,2026-01-31 03:09:29.159435,user_0448,diane89@oksbi,garciashawn@paytm,1011.56,8,a34db7c5-760d-4bbb-bb70-b3a124a35cf2,Chennai,1246.68,0,0,945.52,none,0
T0019716,2026-01-05 10:58:14.677423,user_0171,jacksonstephanie@oksbi,jshields@oksbi,301.01,16,f0b2a5d1-8c7e-4f42-a646-eaf9d5c0244d,Pune,444.04,0,0,947.95,none,0
T0003854,2026-01-01 10:27:19.671964,user_0540,richjohn@oksbi,uross@ibl,569.02,17,6a36af18-06d3-4b93-ae33-688d597e6845,Lucknow,419.4,0,0,83.86,none,0
T0056632,2026-01-24 07:41:51.422620,user_0068,conleyelizabeth@ybl,omcbride@ibl,997.67,7,47a2a10b-b62e-4b49-a472-96a4ff38b918,Lucknow,748.26,0,0,54.68,none,0
T0028952,2026-01-18 09:28:05.700790,user_0746,zmendoza@paytm,dianawalker@ibl,996.81,11,b253d218-6c4a-47ea-8906-17f2747b6dba,Pune,750.52,0,0,39.54,none,0
T0037774,2026-01-24 10:34:54.157862,user_0284,nathanlynch@paytm,patrick19@ybl,304.12,10,a65be22b-d5a3-46d9-8362-a810a2611b8d,Ahmedabad,299.61,0,0,999.04,none,0
T0039557,2026-01-21 05:25:50.034360,user_0085,cheryl27@okhdfcbank,shawn07@ibl,291.73,12,a748dbcf-ac61-4e63-8dde-29a6baa4b71a,Kolkata,261.66,0,0,687.83,none,0
T0056944,2026-01-19 19:43:47.724588,user_0008,smithyvonne@okhdfcbank,robert77@okhdfcbank,1008.5,12,74962764-12a4-4ef0-84bb-b7a9d98868dd,Bengaluru,849.58,0,0,53.44,none,0
T0024901,2026-01-14 14:15:35.108377,user_0600,carl24@ybl,wgrant@oksbi,164.05,13,5304317f-af42-412f-b838-b3268e944239,Pune,189.0,0,0,64.31,none,0
T0020718,2026-01-11 14:40:31.312757,user_0373,smithlisa@okhdfcbank,hmiller@ybl,2137.19,20,893ad232-98c3-43ca-bff4-cec6e7b7b4c6,Ahmedabad,2199.82,0,0,2187.36,none,0
T0044959,2026-01-26 19:11:41.591306,user_0154,billmcfarland@oksbi,myersjoe@ibl,504.49,20,5c9deee0-b42a-4456-8736-5a84725e134d,Mumbai,413.93,0,0,164.84,none,0
T0016069,2026-01-12 13:46:20.349410,user_0574,miguel61@ybl,laurabrewer@okhdfcbank,859.64,13,d5f25073-f414-42b1-a442-9ebbda7b9095,Delhi,1317.21,0,0,15.28,none,0
T0038961,2026-01-23 05:46:06.370924,user_0274,jarnold@ibl,cperry@ybl,475.07,12,4fa03f26-f6f7-40cc-a9ec-8e49d1bdb8c0,Delhi,461.33,0,0,1456.63,none,0
T0015072,2026-01-06 12:49:26.228425,user_0569,mark10@okhdfcbank,jonesjordan@oksbi,269.84,5,fe7c80e9-a179-4e93-bfc8-25ac869bc00f,Hyderabad,321.67,0,1,1127.03,none,0
T0038808,2026-01-15 21:55:23.535033,user_0715,davisamanda@ybl,xschultz@oksbi,315.42,10,f6ff3521-c225-4530-952a-53459682d9ff,Lucknow,404.41,0,0,5.55,none,0
T0046097,2026-01-26 04:51:03.489179,user_0750,chensusan@oksbi,pdavis@ibl,465.68,16,3139d32c-93cd-49bf-9c94-1cf0dc98d2c1,Jaipur,612.41,0,0,199.62,none,0
T0021555,2026-01-11 02:55:28.966742,user_0522,tali@oksbi,banderson@ybl,1282.65,12,5b6a8102-0428-4378-bf50-23f440ef3935,Pune,1908.09,0,0,249.61,none,0
T0021909,2026-01-16 03:22:49.053310,user_0756,tom73@oksbi,jasonjames@ybl,934.49,14,548e1f6b-69ce-4e4e-99a6-92c90d700ea4,Hyderabad,718.24,0,0,251.22,none,0
T0045120,2026-01-30 20:09:13.796984,user_0793,ginaschmitt@paytm,christina75@ybl,1333.02,7,6e3cdd4f-55b1-45e4-b0b2-7304545cd88d,Delhi,1374.64,0,0,788.41,none,0
T0016039,2026-01-09 15:25:45.585850,user_0791,stevensims@ybl,rhernandez@oksbi,1520.73,22,ab9099a4-35a2-40ae-9af3-05535ec42e08,Hyderabad,1535.54,0,0,1271.35,none,0
T0045751,2026-01-28 03:53:59.561196,user_0471,brentdennis@ibl,melissaedwards@oksbi,2287.62,5,310c0c00-3fa7-4104-9bf9-0e27dc96925e,Hyderabad,1784.06,0,0,277.88,none,0
T0046887,2026-01-21 13:46:13.765928,user_0191,davidsmith@paytm,cynthia11@okhdfcbank,1504.8,13,c9d6a63b-ca3c-4f5f-9bb5-c40c03cde2e3,Delhi,1214.74,0,0,694.11,none,0
T0034516,2026-01-13 10:58:02.720140,user_0739,probinson@ibl,zturner@ybl,1283.48,9,25637cc3-ca97-4bf5-95d5-96afa663d2cd,Pune,1234.4,0,0,1633.27,none,0
T0013926,2026-01-04 16:09:56.353129,user_0323,shawphillip@paytm,ohernandez@paytm,264.46,12,3922a7e4-2de9-42f8-8d7b-ec04e6e59b32,Kolkata,525.79,0,1,481.67,none,0
T0040659,2026-01-20 16:03:36.224643,user_0005,wwoodard@ibl,xcampbell@paytm,1313.44,22,55c551fc-fba5-4cc8-adaf-37661b780ede,Jaipur,1196.68,0,0,276.15,none,0
T0001402,2026-01-01 12:06:27.114125,user_0418,ihansen@paytm,catherine02@paytm,425.61,10,9780c215-2b2b-48e9-a417-c09380a8a23d,Jaipur,823.0,0,0,389.03,none,0
T0030873,2026-01-22 01:54:44.375643,user_0702,laurenatkins@oksbi,jenniferwright@ybl,283.81,7,271e3ee2-b1a6-41f1-a20e-99d33b33f3d8,Lucknow,317.95,0,0,354.07,none,0
T0029621,2026-01-19 23:24:28.665816,user_0362,penanicole@paytm,pgarcia@okhdfcbank,305.13,20,b5a6571c-4fa5-435e-90cc-460428b26b1b,Mumbai,745.86,0,0,604.29,none,0
T0045545,2026-01-25 01:12:12.440864,user_0731,kenneth17@oksbi,crystal13@okhdfcbank,690.18,19,30e912f2-f2b4-4abf-8441-aefd0299436a,Delhi,666.89,0,0,368.08,none,0
T0045051,2026-01-25 14:02:27.902884,user_0799,washingtondarren@ibl,powersdanny@ybl,1373.62,23,e08596db-1d87-4966-8710-d430f071d879,Chennai,1319.75,0,0,1666.77,none,0
T0030996,2026-01-16 23:06:06.631492,user_0023,jessica82@paytm,ebarrett@oksbi,885.72,21,1e38f711-e2ec-43f4-bba1-aed944cdbfdd,Pune,823.58,0,0,145.73,none,0
T0045269,2026-02-01 00:20:36.358428,user_0338,oporter@okhdfcbank,micheleboyle@ybl,285.04,16,6b790d01-3cf8-4d20-bbad-793f87a1ec02,Pune,506.48,0,1,383.16,none,0
T0007750,2026-01-06 01:29:02.128860,user_0545,robertoaustin@paytm,andersondebbie@ybl,860.83,9,a1e518a2-93d2-48d4-a465-5c397d4d2add,Bengaluru,909.77,0,0,140.61,none,0
T0006345,2026-01-04 03:57:12.344409,user_0302,wcarrillo@ybl,dana17@okhdfcbank,502.72,17,0e51f30d-c6a7-4e39-84b0-32ccd7c524a5,Bengaluru,769.29,0,0,37.07,none,0
T0003655,2026-01-03 16:50:38.103902,user_0493,ana92@ibl,sullivanjoshua@okhdfcbank,485.12,8,b7b8c1a5-9a45-493d-b227-890e4e76833a,Hyderabad,447.65,0,0,0.79,none,0
T0017484,2026-01-11 00:47:19.967306,user_0071,dawn74@ybl,hobbsdaniel@ybl,1042.91,11,98eeac2b-fe9f-4caa-a182-f347533f5a72,Jaipur,884.82,0,1,176.72,none,0
T0007280,2026-01-04 14:16:33.604941,user_0190,susan08@oksbi,yangeric@ibl,1458.42,16,ae62990c-19bd-4f93-b8ef-7666b7a4c719,Chennai,1511.37,0,0,81.91,none,0
T0003328,2026-01-01 09:46:35.384399,user_0409,jbarker@oksbi,yrichardson@ibl,982.51,23,76d70561-d2d1-4ef5-9e4c-4fd1462363a9,Jaipur,944.75,0,0,569.37,none,0
T0011869,2026-01-10 16:02:03.464681,user_0369,omills@ibl,tony72@paytm,243.65,15,f8ded777-bb1e-4ae8-97d8-21b8bb93cd40,Mumbai,246.59,0,0,172.41,none,0
T0041788,2026-01-27 07:19:47.783728,user_0057,butleromar@paytm,webbmegan@ibl,522.1,15,c63d04ee-541c-4a86-bba5-cd2fdea45c19,Chennai,561.37,0,0,13.94,none,0
T0052247,2026-01-25 12:05:16.230934,user_0421,caseymoore@okhdfcbank,wangmichelle@oksbi,645.31,11,f1043785-658b-4523-a014-1de9f54ad0a2,Mumbai,991.71,0,0,113.81,none,0
T0041623,2026-01-22 00:06:33.976713,user_0113,nrodriguez@ibl,avilaaudrey@ibl,1413.76,16,b28187c4-aa05-4442-a284-e8fd755cee2a,Kolkata,1157.52,0,0,564.67,none,0
T0049050,2026-01-27 17:41:54.274763,user_0060,cindy26@ybl,jeremy17@ybl,162.42,18,e00da49d-effa-4002-b040-413c4690fb15,Delhi,220.34,0,0,275.52,none,0
T0056775,2026-01-29 20:13:42.960938,user_0012,michelle44@ibl,brittanyferguson@okhdfcbank,1809.11,13,16de66c9-6210-4ef6-ba9c-43081221cddf,Jaipur,1796.07,0,0,434.03,none,0
T0057040,2026-02-02 23:59:02.132982,user_0203,nhayes@paytm,erin44@paytm,291.16,0,453b45fe-636c-4499-9254-aad3809cd839,Chennai,221.99,0,0,187.42,none,0
T0013361,2026-01-10 10:27:56.966494,user_0316,loweelizabeth@paytm,hugheskimberly@paytm,1235.26,20,9c678393-2ced-4c0d-b173-04b5c1dd484a,Bengaluru,1061.27,0,0,1975.82,none,0
T0042196,2026-01-25 01:02:54.829124,user_0394,riveramegan@ibl,joshua37@paytm,428.58,12,a995ecc3-6f5b-49a6-8ff1-c51f915cb31b,Bengaluru,600.1,0,0,11.94,none,0
T0007152,2026-01-04 09:17:47.269349,user_0167,amber40@okhdfcbank,penatamara@okhdfcbank,189.35,0,46a02a9b-65ec-4acd-8f80-35f55bd20c98,Chennai,259.99,0,0,1008.36,none,0
T0022698,2026-01-18 08:08:15.162366,user_0210,tony12@ibl,angelasantiago@ybl,448.33,14,bc2cbb0d-dd33-4cc7-ab7f-089acd5f4822,Hyderabad,897.59,0,1,938.31,none,0
T0014187,2026-01-06 08:38:47.170890,user_0028,delacruzbrandy@ybl,jessicaashley@okhdfcbank,373.51,20,dc3f42e0-fcf7-4842-9edf-3bfad12e0eb5,Mumbai,505.96,0,0,1704.28,none,0
T0035706,2026-01-21 08:54:41.820628,user_0034,kimberlyfreeman@okhdfcbank,mcurry@paytm,1739.88,5,95831d58-ef4c-4119-8da5-d39b42c21797,Chennai,1403.38,0,0,547.67,none,0
T0055618,2026-01-26 22:16:14.704541,user_0514,shane23@ibl,gbarnett@paytm,739.49,12,8cc36f3b-c3af-4cfe-b34a-6ca38116e3fc,Kolkata,795.34,0,1,479.8,none,0
T0014292,2026-01-06 23:02:34.449796,user_0078,ian66@oksbi,pcastaneda@ybl,209.69,9,16591c89-21eb-4aa9-9a2b-d69c450f69ee,Delhi,193.73,0,0,1279.73,none,0
T0031187,2026-01-18 05:20:53.870422,user_0340,rosshannah@ybl,sli@ybl,1059.97,14,cdd0b4d4-5542-47de-b6ad-f48b2314d0c8,Lucknow,754.31,0,0,194.96,none,0
T0049089,2026-01-22 00:13:58.542168,user_0064,michaelortiz@ibl,curtiswagner@oksbi,830.01,23,a84554c3-a3f6-4c61-afb7-0dab2f383b43,Bengaluru,858.71,0,0,653.84,none,0
T0001240,2026-01-01 13:04:18.162192,user_0268,lanedavid@ybl,bfleming@ybl,635.13,11,32f8dbab-b462-43e8-9c41-8a83eb04159c,Lucknow,735.04,0,0,494.77,none,0
T0054377,2026-01-31 19:04:11.792737,user_0053,daviddawson@okhdfcbank,jameshenderson@oksbi,724.77,14,dabf984e-53ff-4461-aa1f-1b61265cb9d9,Pune,901.25,0,0,2177.28,none,0
T0058304,2026-01-25 16:59:21.262878,user_0045,david68@ibl,joshua72@oksbi,1796.21,9,7e570ddf-8270-40a8-a369-b584ff5e9ff0,Lucknow,1895.02,0,1,56.89,none,0
T0017817,2026-01-09 06:36:07.779650,user_0090,april91@ybl,melanie57@ibl,1126.22,15,43ad3d62-b17c-4b21-8dbc-2c1ca4afe7bd,Jaipur,1024.15,0,0,2.28,none,0
T0031507,2026-01-15 09:22:56.644852,user_0591,katie15@paytm,gford@okhdfcbank,824.03,16,e1cde87f-ec95-4f87-ae5e-c36572eb7474,Kolkata,592.39,0,1,244.74,none,0
T0013332,2026-01-12 16:01:34.512569,user_0404,michaelwilliams@oksbi,ronaldflores@okhdfcbank,213.13,6,a013ac6e-deda-4e16-9b3d-bd5ce9a1fa6f,Pune,192.62,0,0,2983.25,none,0
T0048022,2026-01-29 01:48:25.934554,user_0452,nicholaspierce@ybl,joseph13@paytm,235.68,16,e1cde87f-ec95-4f87-ae5e-c36572eb7474,Mumbai,299.74,0,0,48.77,none,0
T0023601,2026-01-13 18:27:46.548448,user_0029,kennedyjames@paytm,heather73@paytm,1585.92,10,96792482-a3c9-48e4-8d22-38e6c7bf4fbc,Kolkata,1425.12,0,0,1570.25,none,0
T0046548,2026-01-27 17:25:52.029351,user_0216,jvaldez@oksbi,joshuamalone@okhdfcbank,872.9,18,ac3a812f-765e-4cb5-8f0d-55400ec7d662,Kolkata,729.4,0,0,131.23,none,0
T0026759,2026-01-13 13:57:09.585997,user_0147,kari89@paytm,jill85@oksbi,718.29,15,6e417d47-5ff5-45ea-9bc4-40f14b1a269b,Kolkata,500.25,0,0,561.05,none,0
T0011988,2026-01-06 15:02:26.973207,user_0056,valdezandrew@ybl,vanessaclayton@ibl,373.48,16,eb6c1016-cee6-44d0-9dac-6e8345241ea6,Jaipur,415.87,0,0,367.21,none,0
T0016635,2026-01-10 07:42:46.358748,user_0141,juliahoffman@ybl,rodriguezderek@paytm,59.9,10,e0527739-4d40-4f1b-bca5-be2952171bf3,Mumbai,122.4,0,1,264.47,none,0
T0004192,2026-01-05 06:59:05.123304,user_0485,christina79@ibl,zwilliams@ybl,361.77,20,12a1fe7d-dfa5-4722-8a1f-c9df9a591974,Bengaluru,438.72,0,0,281.25,none,0
T0004276,2026-01-03 10:34:09.414709,user_0110,aaronkelly@oksbi,timothy90@ybl,388.86,13,0426fcc9-255b-40e2-bdc2-b74b38a56b49,Mumbai,302.48,0,0,1319.34,none,0
T0027224,2026-01-08 18:42:49.100451,user_0238,carolyn13@ybl,debrawilliams@ibl,1163.44,16,7a3a6e96-23ff-43d3-bb4f-b88a2f4dd219,Jaipur,1092.8,0,0,896.18,none,0
T0039466,2026-01-24 09:40:44.625786,user_0338,oporter@okhdfcbank,jimmy64@paytm,561.86,11,6b790d01-3cf8-4d20-bbad-793f87a1ec02,Delhi,506.48,0,0,147.1,none,0
T0017686,2026-01-10 06:51:29.981766,user_0536,michelle36@okhdfcbank,johnsoncaitlin@okhdfcbank,253.88,20,bed63da0-8033-45c2-9413-d64db962c8a7,Mumbai,249.99,0,0,368.98,none,0
T0006693,2026-01-06 06:20:04.873426,user_0077,natalie15@oksbi,brownsamuel@oksbi,422.41,12,5ef787b8-f2e6-495f-b32e-2016add702c9,Mumbai,464.91,0,0,1374.15,none,0
T0010365,2026-01-04 11:26:08.650776,user_0441,blackburnsusan@ibl,amberward@oksbi,595.64,8,20156a72-12e1-43a6-932c-ae01d2c65ee4,Pune,466.35,0,0,190.53,none,0
T0013307,2026-01-07 06:36:21.003409,user_0279,craigromero@okhdfcbank,eric37@okhdfcbank,268.48,19,9d264599-c4dd-4df5-9aec-56a857311609,Hyderabad,652.77,0,0,857.5,none,0
T0004931,2026-01-05 12:06:22.516680,user_0513,mwaller@ybl,lisa24@ibl,738.47,16,1c0f0bdc-ac7e-437c-94cc-1e2a5e4cb287,Ahmedabad,634.04,0,0,926.09,none,0
T0001944,2026-01-02 09:47:00.062477,user_0413,deanna81@ibl,jonathan02@okhdfcbank,134.4,11,59e7703a-70aa-4b0d-aa03-8ad4a667b982,Delhi,166.1,0,1,54.57,none,0
T0011773,2026-01-05 22:32:20.438938,user_0067,aaronpowers@okhdfcbank,beckaustin@ibl,689.6,7,71299889-a01a-4992-bf9d-3e64c1a6423b,Hyderabad,703.07,0,0,322.31,none,0
T0018240,2026-01-05 10:53:24.417589,user_0126,shawn22@ybl,yjohnson@oksbi,1316.02,13,5d71a898-6497-4593-892e-8c93d105c8d6,Ahmedabad,1019.57,0,0,188.0,none,0
T0018422,2026-01-11 04:18:05.888527,user_0185,campbellsara@ybl,bryan99@okhdfcbank,682.44,14,2e326567-d284-454e-bebe-c0db9a3a6103,Chennai,727.57,0,0,325.1,none,0
T0006272,2026-01-05 16:51:06.349535,user_0177,millerbrian@ibl,jessemedina@paytm,407.16,9,497ec6d1-081f-46dc-b8d9-a88aef0bea4f,Chennai,467.21,0,0,2330.69,none,0
T0037945,2026-01-16 16:47:34.385675,user_0045,david68@ibl,orogers@oksbi,2468.56,12,7e570ddf-8270-40a8-a369-b584ff5e9ff0,Mumbai,1895.02,0,0,275.35,none,0
T0059290,2026-02-09 06:13:03.523743,user_0271,qpearson@paytm,james27@ibl,895.57,19,15969802-b6dd-4257-bb7d-9f1c57eb89b1,Mumbai,660.33,0,0,519.61,none,0
T0019719,2026-01-06 19:20:53.034043,user_0415,linda73@oksbi,danielgibson@ybl,573.21,17,f8ded777-bb1e-4ae8-97d8-21b8bb93cd40,Chennai,626.1,0,0,28.49,none,0
T0054455,2026-01-25 04:02:41.943273,user_0447,laurapierce@oksbi,vyang@paytm,966.47,23,40afbf3f-3df5-4967-8d86-70bda2224f96,Ahmedabad,1084.29,0,0,66.01,none,0
T0021864,2026-01-15 13:13:44.761692,user_0614,hreeves@oksbi,daychelsea@oksbi,806.93,23,c21c3fb3-a6a5-40ff-93fb-71d0dd326d9c,Ahmedabad,757.13,0,0,792.59,none,0
T0030479,2026-01-15 17:51:33.156769,user_0277,kim62@ybl,cwatson@okhdfcbank,887.54,11,7701f7bb-7bc6-4e1f-864e-e6e389c5b31a,Mumbai,1060.92,0,0,779.35,none,0
T0008917,2026-01-09 10:33:39.534132,user_0523,oreese@ibl,zwalton@ybl,1236.95,7,57d337d3-4fd8-4bbb-992c-11072444d301,Chennai,1082.43,0,0,531.68,none,0
T0049835,2026-01-19 11:52:59.628121,user_0555,nicholasjames@ybl,vanessahuynh@oksbi,634.36,9,d8dff535-c62d-4aea-9e70-bd3000a21367,Chennai,511.78,0,0,714.1,none,0
T0023733,2026-01-20 03:22:22.101360,user_0649,gnguyen@okhdfcbank,reesewilliam@ybl,235.68,13,8f158449-4f40-422f-95b0-2530f020e992,Delhi,262.44,0,0,1500.6,none,0
T0026200,2026-01-14 05:04:44.535943,user_0190,susan08@oksbi,thomas36@okhdfcbank,1861.38,14,ae62990c-19bd-4f93-b8ef-7666b7a4c719,Chennai,1511.37,0,0,191.81,none,0
T0036115,2026-01-16 13:02:33.786613,user_0737,chelseywhite@paytm,isanford@okhdfcbank,778.16,6,b076a7dc-fd0c-4433-8a5e-151b23d3cd4c,Pune,711.97,0,1,216.01,none,0
T0056600,2026-01-30 16:02:47.863651,user_0400,gmoss@paytm,johnsonchristina@oksbi,717.53,17,3d85de89-c217-4429-8e20-07247d137018,Chennai,899.66,0,0,901.64,none,0
T0023394,2026-01-18 21:06:40.505143,user_0305,oschultz@ibl,jamesmegan@ybl,1134.18,6,797e3984-ded7-43ef-b5e4-a9c12d761ffa,Pune,1056.87,0,1,420.05,none,0
T0009472,2026-01-08 17:03:08.584253,user_0727,stephanielittle@ibl,tcarr@ybl,1430.3,5,7eccdaf4-c413-4dc2-85c5-ae8abe15ad12,Pune,1014.9,0,0,531.7,none,0
T0007455,2026-01-06 18:43:15.676328,user_0153,riverajenna@paytm,madisonadams@ybl,1369.64,10,78660765-14f7-4e8d-95bc-b8d04094dded,Delhi,1608.24,0,0,597.69,none,0
T0059112,2026-02-08 18:25:38.887738,user_0271,qpearson@paytm,christina73@ybl,377.79,13,15969802-b6dd-4257-bb7d-9f1c57eb89b1,Mumbai,660.33,0,0,81.24,none,0
T0013647,2026-01-11 11:20:06.968197,user_0369,omills@ibl,steven97@ibl,119.12,8,f8ded777-bb1e-4ae8-97d8-21b8bb93cd40,Ahmedabad,246.59,0,1,265.76,none,0
T0010286,2026-01-06 21:29:42.918588,user_0029,kennedyjames@paytm,heidigonzales@paytm,1113.62,21,96792482-a3c9-48e4-8d22-38e6c7bf4fbc,Ahmedabad,1425.12,0,1,590.7,none,0
T0049053,2026-02-04 12:00:33.312489,user_0454,csmith@ybl,smithjames@okhdfcbank,832.01,9,75b17a55-d426-4982-a43e-4288a2b5b498,Mumbai,696.45,0,0,162.89,none,0
T0042458,2026-01-23 12:29:12.029428,user_0467,kanejeremy@oksbi,kim21@ybl,2198.03,20,473bd358-610e-4a64-a130-1617c2dff335,Jaipur,1432.13,0,0,77.55,none,0
T0001623,2026-01-01 19:20:06.169114,user_0024,destiny35@ybl,vcollins@ybl,1807.09,7,50032b35-1857-4baf-bac7-e2b96a7e4c36,Kolkata,1175.34,0,0,475.93,none,0
T0006934,2026-01-05 14:02:24.245964,user_0677,kjacobs@oksbi,tonytran@ybl,149.66,21,8e969227-72e7-4b51-ae54-ac6d2ff8e87e,Jaipur,237.82,0,0,413.81,none,0
T0032253,2026-01-13 00:24:15.822510,user_0755,omosley@ibl,tammy33@ibl,1058.3,8,d9b59f84-edc3-41c3-adea-2d2d086c405f,Delhi,803.07,0,0,1262.11,none,0
T0012210,2026-01-06 17:33:28.484275,user_0056,valdezandrew@ybl,donaldrussell@oksbi,334.2,8,86341718-2ba6-4db3-bafe-b1149561c813,Jaipur,415.87,0,0,151.03,none,0
T0037699,2026-01-16 07:20:00.285781,user_0566,sanchezamy@paytm,njones@oksbi,836.34,1,06e3f949-8cd3-4c62-8482-9b71ae84b81c,Ahmedabad,730.65,0,0,534.97,none,0
T0009938,2026-01-07 02:25:16.732836,user_0487,jamesbrooks@ybl,mikayla02@okhdfcbank,1735.1,18,51facefa-d6f8-4f7a-82fa-1da878308631,Mumbai,1752.15,0,0,461.7,none,0
T0002843,2026-01-03 20:28:44.759611,user_0383,justin84@ibl,timothykim@ibl,1768.13,21,f510ab53-c7fe-439f-9190-f938a66fd7f7,Kolkata,1833.96,0,0,847.17,none,0
T0021195,2026-01-10 07:39:55.176593,user_0310,michael94@oksbi,bakeralison@paytm,343.58,11,093923de-8bab-4e3b-a628-6bfbe767dcea,Ahmedabad,433.53,0,1,371.65,none,0
T0026437,2026-01-13 18:50:45.876601,user_0174,harrismaria@ybl,rlynch@paytm,1500.1,9,51b30182-f7fe-404f-a5f3-0779f6ee5cdb,Kolkata,1297.48,0,0,59.07,none,0
T0020422,2026-01-16 18:02:11.806269,user_0677,kjacobs@oksbi,imartinez@ybl,112.36,21,5f987c71-a65e-488e-abf3-ad39fec21bbe,Jaipur,237.82,0,0,2741.12,none,0
T0039659,2026-01-19 15:11:35.118616,user_0612,kimberly21@oksbi,brianhodges@ibl,745.91,16,7eece88d-a002-452a-b88c-ddde3f2086c2,Bengaluru,692.73,0,0,100.72,none,0
T0000209,2026-01-01 00:48:29.872677,user_0519,lonniegrant@oksbi,robertking@okhdfcbank,563.1,5,1777e8cb-7468-4b98-92fe-2fded918b3e5,Chennai,1108.63,0,0,48.5,none,0
T0020769,2026-01-13 00:09:44.015894,user_0545,robertoaustin@paytm,laguilar@paytm,1071.0,10,a1e518a2-93d2-48d4-a465-5c397d4d2add,Bengaluru,909.77,0,0,92.6,none,0
T0020284,2026-01-14 20:21:04.325646,user_0677,kjacobs@oksbi,brianpowers@ibl,154.59,18,5f987c71-a65e-488e-abf3-ad39fec21bbe,Jaipur,237.82,0,0,1070.93,none,0
T0014951,2026-01-12 22:45:18.052947,user_0392,matthewcollins@paytm,carrollvictoria@okhdfcbank,388.98,17,64880945-ad1d-4537-97f3-4368c2efeecb,Bengaluru,480.83,0,0,254.44,none,0
T0025531,2026-01-14 08:45:27.934071,user_0129,jamesweber@ybl,hodgesronald@ybl,874.59,18,ef158d5b-2d00-4d05-966d-4627e1dace6a,Lucknow,1340.62,0,0,16.71,none,0
T0004064,2026-01-04 19:43:03.413776,user_0759,victor70@paytm,jill17@ibl,189.16,11,8991b01a-a2b0-4c4b-bc96-6b552f8d8ded,Delhi,230.62,0,0,1006.15,none,0
T0043541,2026-01-18 02:04:11.815974,user_0656,rgonzalez@ibl,adriana46@oksbi,652.46,10,cf0df860-ebc9-4914-9176-a9d19a3624d6,Kolkata,438.15,0,0,412.5,none,0
T0026704,2026-01-16 22:55:47.308330,user_0483,michael55@ybl,ortizscott@ibl,364.68,19,044251db-d0d4-4a67-b992-8faa4cbf131d,Chennai,438.59,0,0,130.09,none,0
T0002553,2026-01-02 00:27:25.280480,user_0185,campbellsara@ybl,leahbarker@okhdfcbank,996.15,16,2e326567-d284-454e-bebe-c0db9a3a6103,Chennai,727.57,0,0,281.97,none,0
T0018842,2026-01-11 23:18:44.291832,user_0430,millscarl@paytm,pburnett@ibl,344.23,19,49bc473f-ed7b-4656-a18a-15368c99a894,Kolkata,329.04,0,0,425.55,none,0
T0036234,2026-01-20 04:59:41.380971,user_0183,howardwesley@ibl,smithbrandi@paytm,1432.71,8,2e9ce8ff-084a-4c4b-9146-8cdcf7164b73,Ahmedabad,1231.18,0,0,118.15,none,0
T0031414,2026-01-16 20:09:19.241228,user_0463,sthompson@ibl,wcarney@oksbi,440.5,19,53cd6268-610c-4373-8299-9aa40cdf742b,Kolkata,823.41,0,0,309.1,none,0
T0044841,2026-01-24 09:36:59.423985,user_0121,xglass@paytm,george68@ibl,790.93,21,a5135ea0-fa53-434d-a6d5-901d8b621d41,Hyderabad,799.24,0,0,865.68,none,0
T0036442,2026-01-25 06:54:16.355591,user_0143,heather06@paytm,qyoung@ybl,400.22,12,2e9ce8ff-084a-4c4b-9146-8cdcf7164b73,Pune,385.44,0,0,1684.78,none,0
T0004447,2026-01-03 16:07:03.848607,user_0410,kelli32@okhdfcbank,earlfoley@oksbi,885.69,16,fb10987f-20ac-4703-ab67-146a77a6e17c,Bengaluru,777.41,0,0,74.15,none,0
T0012057,2026-01-07 07:43:11.274321,user_0590,parkerwilliam@paytm,ytrujillo@ybl,699.8,19,17ec889c-86c1-46cb-a996-30f7af77520e,Pune,780.59,0,0,506.22,none,0
T0039139,2026-01-30 00:05:46.382965,user_0786,carlsonjennifer@ibl,daniel22@okhdfcbank,1205.74,9,8d244e3e-c4da-4ddb-a0b1-5abaa6a27967,Jaipur,816.66,0,0,674.96,none,0
T0043032,2026-01-19 02:19:04.430673,user_0329,thomas95@ibl,patelbrianna@ibl,384.62,14,ad05b912-5ab2-4d4a-8bd8-8fcd57a2be4e,Lucknow,319.84,0,0,598.75,none,0
T0039522,2026-01-24 15:02:14.647251,user_0753,gregorywilliams@oksbi,fordmaria@ybl,579.22,19,4082cbb9-48bd-4b3e-a2f5-df2badaa44ca,Mumbai,447.43,0,0,254.49,none,0
T0004253,2026-01-05 06:20:31.653285,user_0369,omills@ibl,jordanboone@ibl,174.65,16,f8ded777-bb1e-4ae8-97d8-21b8bb93cd40,Mumbai,246.59,0,0,1037.55,none,0
T0025306,2026-01-20 16:16:40.498873,user_0108,xmoran@paytm,emily33@oksbi,1087.68,14,9d66e815-5a41-43b3-a95f-176cdebac186,Hyderabad,1094.77,0,0,626.46,none,0
T0028107,2026-01-19 05:17:51.830510,user_0311,staceyvega@ybl,jenna86@oksbi,988.37,16,aaf91531-0200-41f0-8768-a84fa76afde6,Lucknow,741.44,0,0,963.86,none,0
T0046915,2026-01-30 05:12:59.056052,user_0590,parkerwilliam@paytm,matthewpearson@okhdfcbank,909.08,11,17ec889c-86c1-46cb-a996-30f7af77520e,Pune,780.59,0,0,65.94,none,0
T0031599,2026-01-10 19:37:33.904576,user_0771,bryanharris@ybl,ramosdaniel@oksbi,548.63,22,cb08587d-1963-426d-ae21-8b099afd4015,Mumbai,512.96,0,0,6.5,none,0
T0054161,2026-01-24 02:39:31.923679,user_0372,robert24@okhdfcbank,bjohnson@paytm,680.6,19,5a104129-54ae-4d1b-8ce6-424dbef59fe6,Pune,689.02,0,0,270.99,none,0
T0013507,2026-01-07 17:35:53.834821,user_0260,princekimberly@ibl,michellewood@paytm,282.11,10,a3209116-222d-46a4-8163-b6ce1877bc06,Ahmedabad,339.57,0,0,799.81,none,0
T0038368,2026-01-24 12:51:57.948925,user_0642,amanda69@oksbi,michael53@ybl,1962.51,18,ae9bec36-35c7-436c-9b99-62c6e61fecc0,Kolkata,1965.93,0,0,1324.09,none,0
T0058005,2026-01-20 01:38:18.024552,user_0226,aprilmoody@okhdfcbank,valeriethompson@okhdfcbank,227.96,12,e1fdc6d1-6978-4221-bfb7-5c574b8c031f,Chennai,352.03,0,0,1864.84,none,0
T0053986,2026-01-31 18:02:11.601292,user_0105,xclements@ibl,taranunez@okhdfcbank,861.71,14,ec8be537-58ab-4778-943b-45e3b6d1f6bb,Pune,908.81,0,1,1069.85,none,0
T0005646,2026-01-06 12:38:51.130643,user_0431,gregoryjohnson@oksbi,anthonymiller@ybl,1931.0,8,b2a6e468-d02b-4243-8091-3ac10463750e,Jaipur,1422.21,0,1,1534.3,none,0
T0025363,2026-01-13 06:38:14.833313,user_0748,imartinez@paytm,terry86@ybl,289.81,19,aee1e86b-9ea5-46aa-a1ee-6c5bdeef580f,Mumbai,266.78,0,0,617.76,none,0
T0057795,2026-02-06 22:26:20.937226,user_0224,billy73@okhdfcbank,arianafranklin@paytm,747.74,10,e1721c83-ef5e-4376-a723-fb72682b163a,Pune,909.18,0,0,552.88,none,0
T0019538,2026-01-10 10:46:47.550500,user_0647,gilbertcaldwell@okhdfcbank,smithmadison@ibl,511.72,12,9a069295-3b8d-4447-8e61-065f171b1b80,Chennai,979.37,0,0,371.82,none,0
T0024750,2026-01-17 23:16:10.159118,user_0450,megan66@paytm,scott12@paytm,567.93,13,ebd34616-91b7-4d8e-9301-6989bfbbb17f,Mumbai,964.04,0,0,661.2,none,0
T0039169,2026-01-25 05:54:51.143560,user_0600,carl24@ybl,michaelmcdaniel@okhdfcbank,60.57,10,5304317f-af42-412f-b838-b3268e944239,Pune,189.0,0,0,399.21,none,0
T0004600,2026-01-05 01:53:42.299116,user_0305,oschultz@ibl,beckyroberts@ybl,965.2,16,797e3984-ded7-43ef-b5e4-a9c12d761ffa,Ahmedabad,1056.87,0,0,1244.18,none,0
T0044828,2026-02-07 05:28:57.625202,user_0188,julierobles@ybl,wschultz@oksbi,261.36,15,9d3616a1-08de-4921-a60c-b547e2280fe3,Jaipur,377.12,0,0,148.27,none,0
T0010909,2026-01-06 04:29:11.337740,user_0465,dmiller@ibl,rachel59@paytm,706.77,11,8603156a-15ea-4bcf-ab10-21ceaa143cd8,Pune,1289.68,0,0,394.34,none,0
T0015944,2026-01-04 14:17:24.541257,user_0426,barrettamber@oksbi,robertsjohn@okhdfcbank,1008.0,18,16591c89-21eb-4aa9-9a2b-d69c450f69ee,Chennai,1021.31,0,1,482.05,none,0
T0058840,2026-02-02 08:46:14.263861,user_0725,austinharvey@ybl,xsolis@oksbi,241.28,10,cbb18c79-1036-408d-99a0-90075bb47c18,Pune,238.44,0,0,124.77,none,0
T0030649,2026-01-12 03:42:46.129977,user_0602,ashleyprice@ybl,michaelhernandez@ibl,1893.69,13,2877f5d9-0f56-45f8-b048-faa112ae5c22,Bengaluru,1713.46,0,0,97.08,none,0
T0026847,2026-01-16 13:01:38.664656,user_0200,jessicafreeman@ibl,isaiahsmith@ybl,825.74,16,670acc5c-b321-4f21-8dd8-eb85b04d3376,Delhi,501.81,0,0,97.49,none,0
T0052127,2026-01-28 20:28:32.185650,user_0538,zcortez@oksbi,caitlinflores@oksbi,1354.73,19,69fb0763-8a9c-46f7-8ee4-e5125802b640,Ahmedabad,1111.95,0,0,812.2,none,0
T0002872,2026-01-03 19:54:36.757185,user_0694,douglaskelly@paytm,bradleybarker@paytm,788.96,12,a3595d1f-7fe4-442e-bdb7-88a61cdcc4c2,Kolkata,643.6,0,1,1928.85,none,0
T0008039,2026-01-04 20:10:34.513483,user_0550,whitebrittany@ibl,clarkmelissa@ybl,1600.97,14,ccac2fb5-1a0c-4c04-93cd-129110042d82,Pune,1153.91,0,0,1220.72,none,0
T0009934,2026-01-04 14:41:40.117727,user_0688,harrisonwilliam@okhdfcbank,martinsuzanne@ybl,2322.92,14,f6d22a7b-aec7-4a82-948b-4376602a4e57,Bengaluru,1590.87,0,0,2086.99,none,0
T0057424,2026-01-28 14:03:37.428396,user_0251,cindydixon@okhdfcbank,jesseanderson@oksbi,292.94,4,910c4cb7-25f0-4b0a-a64e-f59d6a18e5af,Kolkata,587.0,0,0,530.82,none,0
T0053925,2026-01-31 09:39:50.204309,user_0590,parkerwilliam@paytm,ryanmiller@ybl,1037.93,16,67c0518b-17ef-4621-881c-79d4c27437eb,Pune,780.59,0,0,290.68,none,0
T0009191,2026-01-03 12:01:22.216706,user_0139,james80@oksbi,martinstephanie@ibl,864.46,8,1a2a73ed-562b-4f79-8374-59eef50bea63,Kolkata,740.48,0,0,273.95,none,0
T0050766,2026-01-24 18:55:04.171252,user_0492,jodylewis@paytm,voliver@okhdfcbank,1887.12,6,ccf3a171-56dc-4907-ba6c-34ab6712303a,Kolkata,2140.54,0,0,1532.76,none,0
T0006683,2026-01-06 19:30:39.285208,user_0364,davidroberson@paytm,sandrafinley@ybl,668.42,19,4e7ed827-455a-4762-b428-a656b3ee4d3b,Pune,638.36,0,0,138.96,none,0
T0019390,2026-01-11 03:17:26.840597,user_0606,tgallegos@paytm,james49@ybl,1954.8,23,f5b78cc7-e6b3-4944-8b32-3e357922bac2,Ahmedabad,1524.14,0,0,205.14,none,0
T0036768,2026-01-20 01:13:03.280871,user_0320,wwhite@oksbi,udavis@okhdfcbank,951.99,16,35ce8841-4973-4d6c-8dca-bfb7001a9a8b,Mumbai,762.39,0,0,390.41,none,0
T0030976,2026-01-17 04:48:59.776957,user_0542,oblack@oksbi,ryantran@paytm,473.22,11,3c07c574-4925-4af1-b6aa-e05b13d5f2f7,Chennai,915.49,0,0,470.26,none,0
T0038776,2026-01-18 03:58:40.169121,user_0365,johnsonmichael@oksbi,victoriaponce@ybl,460.51,11,e1721c83-ef5e-4376-a723-fb72682b163a,Mumbai,519.63,0,0,476.94,none,0
T0047229,2026-01-22 15:01:07.598460,user_0074,ronald11@ibl,michael04@okhdfcbank,909.06,13,aaf407f7-0fe7-4149-bc7e-5368b1594847,Mumbai,1735.12,0,0,253.72,none,0
T0050998,2026-01-26 13:42:33.299091,user_0727,stephanielittle@ibl,nicole12@ibl,1022.82,11,7eccdaf4-c413-4dc2-85c5-ae8abe15ad12,Pune,1014.9,0,0,19.12,none,0
T0011769,2026-01-06 18:58:19.569698,user_0071,dawn74@ybl,huangrhonda@ybl,629.94,13,98eeac2b-fe9f-4caa-a182-f347533f5a72,Kolkata,884.82,0,0,20.91,none,0
T0016284,2026-01-11 23:06:04.311029,user_0168,willie87@paytm,kevinyoder@okhdfcbank,533.15,18,5cd8fe1a-dafe-48a9-bc71-e0bef3579560,Chennai,641.32,0,0,125.1,none,0
T0028950,2026-01-12 18:55:39.269982,user_0326,craignicolas@paytm,linda63@okhdfcbank,1304.56,16,861b4f5b-45a0-4539-ade8-370ace9e9ebd,Bengaluru,1275.28,0,0,317.29,none,0
T0002442,2026-01-05 00:09:19.287708,user_0074,ronald11@ibl,athompson@ybl,1656.91,13,aaf407f7-0fe7-4149-bc7e-5368b1594847,Mumbai,1735.12,0,0,174.04,none,0
T0054426,2026-01-24 23:31:31.196821,user_0494,bennettrebecca@ibl,alyssa90@okhdfcbank,640.61,8,84a2576c-1fc9-45f8-94d6-07350e2f8958,Chennai,535.83,0,0,472.65,none,0
T0020058,2026-01-09 19:35:27.497947,user_0645,jared96@ibl,jeanettesaunders@ybl,1166.75,20,71299889-a01a-4992-bf9d-3e64c1a6423b,Jaipur,901.26,0,1,88.2,none,0
T0034844,2026-01-22 13:08:34.794859,user_0194,gwhitehead@ybl,lisajohnston@ybl,762.84,9,adf4e62d-6651-429e-8268-690ba43825b5,Lucknow,1357.64,0,0,1207.17,none,0
T0021084,2026-01-14 15:43:09.442840,user_0576,thomas14@paytm,dudleycody@okhdfcbank,558.65,15,f387e1bd-2d59-42c6-934a-5a2fa7cf705c,Hyderabad,435.29,0,0,340.63,none,0
T0009545,2026-01-03 04:56:03.702441,user_0739,probinson@ibl,omullins@ybl,1029.98,11,25637cc3-ca97-4bf5-95d5-96afa663d2cd,Pune,1234.4,0,1,136.69,none,0
T0030019,2026-01-15 12:59:54.777009,user_0601,morgannicholas@paytm,xbush@oksbi,2328.39,18,436e3c49-770e-49db-b092-d40143675d58,Bengaluru,1806.78,0,0,135.12,none,0
T0052653,2026-01-24 07:04:44.296249,user_0739,probinson@ibl,ccollins@ibl,748.73,8,25637cc3-ca97-4bf5-95d5-96afa663d2cd,Pune,1234.4,0,0,1068.82,none,0
T0032284,2026-01-13 08:17:24.983802,user_0560,roachsusan@ibl,ecannon@ibl,569.69,17,3c9ad14c-ee0c-4eb5-acfe-db992790cebd,Jaipur,961.39,0,1,180.03,none,0
T0049404,2026-01-26 05:00:59.426837,user_0564,briannaalvarez@paytm,marciaromero@oksbi,192.8,4,b93b17fb-f76d-45fd-bd16-45a0d253d966,Lucknow,279.56,0,0,351.9,none,0
T0042730,2026-01-20 14:13:05.475771,user_0797,vwilliams@okhdfcbank,benjamin20@paytm,1064.02,13,74bd0c93-8177-4661-b7fe-032c02571851,Delhi,980.88,0,0,506.25,none,0
T0052664,2026-02-04 18:18:48.051823,user_0756,tom73@oksbi,buchananamanda@paytm,909.86,4,548e1f6b-69ce-4e4e-99a6-92c90d700ea4,Hyderabad,718.24,0,0,1154.03,none,0
T0014164,2026-01-06 21:43:16.673824,user_0788,robert83@oksbi,gtucker@ybl,364.88,18,2a9528c3-5ae1-4bad-aa29-60fda85894df,Hyderabad,330.27,0,0,790.23,none,0
T0017969,2026-01-10 21:38:17.445293,user_0684,steven18@okhdfcbank,angela67@okhdfcbank,452.26,12,5a5226e6-9d64-4932-8066-853d6de299a1,Jaipur,429.59,0,0,71.87,none,0
T0005087,2026-01-04 23:51:08.477709,user_0721,lawrencesmith@okhdfcbank,jonathan49@okhdfcbank,573.3,19,34323ec6-b0c4-401c-a9b7-c0fa26c432f6,Jaipur,569.44,0,0,826.21,none,0
T0036193,2026-01-20 01:53:42.879809,user_0080,pmarsh@oksbi,sjones@okhdfcbank,400.04,2,3e2b6091-a092-452a-94a0-57a7b0cc1b3b,Bengaluru,345.67,0,1,532.68,none,0
T0058186,2026-02-03 07:52:36.369499,user_0605,crawfordjohn@ibl,jonesrobert@ybl,926.88,15,cc1b4157-ec9f-4c54-9e0a-72ab7f5db163,Chennai,703.56,0,0,373.97,none,0
T0017161,2026-01-16 09:18:53.612750,user_0695,mitchellchristopher@ibl,megan55@paytm,873.01,16,9b792afa-2a3d-418d-a754-a29ff143e545,Kolkata,468.23,0,0,1424.97,none,0
T0023544,2026-01-12 09:58:59.391411,user_0547,cgallegos@paytm,proctortamara@oksbi,1596.07,11,eb6c1016-cee6-44d0-9dac-6e8345241ea6,Mumbai,1106.69,0,0,170.21,none,0
T0030292,2026-01-17 02:02:29.403700,user_0617,meyerdonna@okhdfcbank,johnsonmichael@ibl,447.46,10,0ab54bde-20a0-4502-ae06-809725e97977,Jaipur,519.13,0,0,9.71,none,0
T0044499,2026-01-18 02:29:51.447952,user_0685,sanchezcrystal@paytm,aguilarcharlene@ybl,163.96,11,31a3ac4d-828c-47e7-87d5-b7be1d30d990,Ahmedabad,258.55,0,0,218.35,none,0
T0011202,2026-01-05 20:03:53.614721,user_0470,markwolfe@okhdfcbank,diazwilliam@paytm,763.38,9,ec6a37ad-81b1-4db9-88cc-4d49669b29b8,Lucknow,512.06,0,0,1292.9,none,0
T0055481,2026-02-03 15:29:08.602716,user_0211,wilkinsonmichele@ibl,diana35@oksbi,245.35,17,5780be17-12fe-4c2b-9acf-42c5f3a02120,Hyderabad,374.23,0,0,9.15,none,0
T0001737,2026-01-01 02:17:06.275219,user_0514,shane23@ibl,nicoleturner@okhdfcbank,812.83,18,8cc36f3b-c3af-4cfe-b34a-6ca38116e3fc,Kolkata,795.34,0,0,35.3,none,0
T0035757,2026-01-22 23:14:57.868373,user_0146,james73@oksbi,tammydavis@oksbi,1406.49,23,668409e3-f1f8-443e-a99f-131849c8a43f,Delhi,1271.12,0,0,201.78,none,0
T0013547,2026-01-08 07:37:28.933383,user_0079,ynelson@ibl,duanehopkins@ibl,638.43,20,5e717fca-020a-4497-b4ed-51458d9765c7,Lucknow,752.7,0,0,1149.29,none,0
T0039992,2026-01-24 15:34:08.520276,user_0588,ann30@ibl,jruiz@ibl,1262.5,9,47c1c017-6045-4909-936d-47d73e0f84ce,Chennai,968.32,0,0,198.57,none,0
T0031193,2026-01-19 12:22:09.486267,user_0636,efreeman@oksbi,jeremymurphy@ibl,2302.77,22,d0725b5c-a281-4044-af96-288295d82980,Chennai,1274.46,0,0,367.27,none,0
T0027005,2026-01-07 13:49:02.569379,user_0126,shawn22@ybl,wblair@ybl,764.86,17,5d71a898-6497-4593-892e-8c93d105c8d6,Jaipur,1019.57,0,1,1958.02,none,0
T0001578,2026-01-01 16:29:45.544723,user_0777,xjackson@paytm,kimwebb@ibl,1621.11,9,e1fdc6d1-6978-4221-bfb7-5c574b8c031f,Mumbai,1131.6,0,0,62.88,none,0
T0048392,2026-01-14 12:26:09.321463,user_0226,aprilmoody@okhdfcbank,pbarnes@ybl,409.89,14,0b531932-bd94-49aa-bea6-e5b20c760d28,Chennai,352.03,0,0,635.05,none,0
T0048886,2026-02-07 14:55:57.154444,user_0380,twright@ibl,emily05@paytm,657.32,9,61ee411a-1bac-47a7-b386-f7a4c991603f,Delhi,699.9,0,0,571.68,none,0
T0057336,2026-02-01 17:17:26.265183,user_0327,nguyenchloe@ibl,mfrank@okhdfcbank,915.98,11,c1b5b5ca-bc35-46df-94f7-9dbac5811d2d,Bengaluru,562.08,0,0,989.09,none,0
T0051690,2026-01-28 00:38:07.636615,user_0364,davidroberson@paytm,maria61@ybl,965.43,0,282787f5-e4b2-4235-8d6a-1ef9ad938586,Mumbai,638.36,1,1,14.55,geo_jump,1
T0045850,2026-02-01 09:19:56.166200,user_0598,annette58@ybl,stephenyoung@ibl,555.0,13,b0e6a969-e213-42b0-b1ee-dba313432e61,Lucknow,696.98,0,0,36.34,none,0
T0046503,2026-01-29 18:37:44.064543,user_0725,austinharvey@ybl,alejandra97@ibl,231.23,8,43bfd931-3605-4f54-a021-c0ca3531968d,Pune,238.44,0,0,534.63,none,0
T0013003,2026-01-05 15:42:05.810434,user_0276,tking@oksbi,derek63@ybl,2350.14,18,0b6c03c8-721e-4419-afc3-e6495e911b91,Ahmedabad,1700.94,0,0,2106.73,none,0
T0030547,2026-01-22 16:14:37.629675,user_0652,pmurphy@paytm,zgomez@oksbi,308.49,10,4c6a70f4-8ede-444d-876c-f68c3f1be0d0,Mumbai,631.23,0,0,496.93,none,0
T0055529,2026-01-27 14:37:58.804741,user_0498,pricejoseph@ibl,webbstephanie@ybl,538.21,15,cfd7f3b9-c68f-4ba5-9e0d-02b5fe7402cd,Delhi,383.56,0,0,45.31,none,0
T0019485,2026-01-09 06:54:42.789566,user_0429,marcus51@paytm,nicholas41@oksbi,176.46,12,fa207403-4ab4-47e3-a360-76812bbba89d,Pune,222.16,0,0,1659.68,none,0
T0031558,2026-01-19 02:13:39.537524,user_0235,shawdon@oksbi,nathannguyen@paytm,712.67,19,9a1de644-815e-46d1-bb8f-aa1837f8a88b,Pune,719.38,0,0,240.08,none,0
T0059561,2026-01-29 04:41:22.279702,user_0228,williamsdeborah@paytm,floydvicki@ybl,224.57,4,dcb9075e-cdd7-4460-a140-77d39ec4ea48,Chennai,240.9,0,0,278.39,none,0
T0017718,2026-01-14 22:39:57.529526,user_0213,lunapatricia@oksbi,david14@paytm,1224.79,11,66d71d97-b193-48b8-ae49-c0799bd0d4c7,Lucknow,946.37,0,0,1012.12,none,0
T0003785,2026-01-04 02:02:42.910765,user_0063,chelseastrickland@oksbi,ashleysolis@ybl,1307.55,12,1d0bc9bd-e9b5-45cf-9766-5cdafe049059,Kolkata,947.84,0,0,837.35,none,0
T0022093,2026-01-16 05:51:24.342835,user_0502,lopezvincent@oksbi,whitepaula@paytm,505.78,2,b1d81887-4739-4c7b-bff3-0c8d83ff3e96,Delhi,839.04,0,0,775.15,none,0
T0013412,2026-01-09 01:20:39.831733,user_0184,kristin49@ybl,aaronsmith@paytm,1693.76,8,3c20592f-c04a-46c4-b3b6-3fe1d1843324,Jaipur,1643.58,0,0,134.09,none,0
T0007351,2026-01-06 21:20:22.109326,user_0076,markkline@oksbi,michaelreyes@paytm,256.97,18,edcb8cb6-0692-4c63-9424-aed51bac5c15,Bengaluru,324.82,0,0,1662.98,none,0
T0012300,2026-01-10 00:51:25.965457,user_0338,oporter@okhdfcbank,sheltonpatrick@okhdfcbank,296.09,12,6b790d01-3cf8-4d20-bbad-793f87a1ec02,Lucknow,506.48,0,1,114.66,none,0
T0019278,2026-01-10 17:47:00.848427,user_0153,riverajenna@paytm,earlramirez@ybl,1462.66,8,78660765-14f7-4e8d-95bc-b8d04094dded,Delhi,1608.24,0,0,115.68,none,0
T0026100,2026-01-17 01:50:43.714160,user_0462,jessicacummings@ybl,jimmy30@ibl,1611.04,10,dbb54645-7dda-41b6-97c4-caed47c4cc51,Lucknow,1777.82,0,0,13.14,none,0
T0030315,2026-01-18 17:30:52.893160,user_0450,megan66@paytm,lcarson@paytm,747.77,10,ebd34616-91b7-4d8e-9301-6989bfbbb17f,Mumbai,964.04,0,0,110.68,none,0
T0033859,2026-01-16 06:47:33.874812,user_0324,stephenmartinez@oksbi,martinezeugene@oksbi,1289.83,6,3f5e3b8c-c058-4da5-a757-075bd47f83b1,Hyderabad,941.81,0,0,6.16,none,0
T0054456,2026-01-28 20:17:49.076103,user_0638,ssingleton@ybl,troy93@ibl,3436.89,22,76c5a0dc-7e7e-4419-a0c1-4035c5d95f51,Kolkata,2887.29,0,0,523.07,none,0
T0055061,2026-01-28 23:44:35.913139,user_0779,andersonkylie@ibl,wayneallen@paytm,1618.9,12,9c678393-2ced-4c0d-b173-04b5c1dd484a,Kolkata,2566.44,0,0,1252.12,none,0
T0026694,2026-01-15 04:07:33.747516,user_0503,tcastro@oksbi,michael76@paytm,2149.95,18,f7d7465d-37c3-43c9-a5d0-b51788d00abd,Delhi,3058.12,0,0,449.47,none,0
T0041064,2026-01-23 05:45:33.178589,user_0574,miguel61@ybl,amber08@okhdfcbank,1250.9,10,d5f25073-f414-42b1-a442-9ebbda7b9095,Delhi,1317.21,0,0,1677.77,none,0
T0001286,2026-01-02 11:26:53.336875,user_0157,charles58@ibl,gomezjason@oksbi,483.83,18,0d67d38e-990f-4c5b-adcc-3daf569f3ab3,Lucknow,315.26,0,0,426.43,none,0
T0045941,2026-01-25 23:15:28.239114,user_0488,rodriguezbrian@okhdfcbank,daniel91@okhdfcbank,479.58,19,03c72ba8-d605-4770-8a63-f881ffd0f9d5,Bengaluru,463.23,0,0,8.99,none,0
T0050371,2026-02-04 07:12:08.696933,user_0776,bryan42@ibl,davisstephanie@ybl,1052.08,12,2bd3cdcd-2779-4685-94a5-3fdef10d27c8,Delhi,1410.76,0,0,695.82,none,0
T0035698,2026-01-15 23:05:38.499511,user_0372,robert24@okhdfcbank,michele05@okhdfcbank,511.96,22,5a104129-54ae-4d1b-8ce6-424dbef59fe6,Pune,689.02,0,1,122.09,none,0
T0055615,2026-02-03 18:21:21.229586,user_0378,laurakelley@oksbi,latoya57@okhdfcbank,1015.46,12,aaf91531-0200-41f0-8768-a84fa76afde6,Hyderabad,824.28,0,0,7.45,none,0
T0024633,2026-01-15 02:34:29.213093,user_0443,hlopez@okhdfcbank,lwallace@okhdfcbank,94.91,10,a6fd0cb1-16e6-45c0-84cb-294fe86e8e63,Pune,190.13,0,0,150.43,none,0
T0054629,2026-01-23 04:17:46.822174,user_0479,mpearson@oksbi,mdean@paytm,511.71,11,5e6fea07-c453-4f1d-8199-2fdfb31022f0,Pune,612.16,0,0,205.41,none,0
T0051715,2026-01-26 20:08:28.421120,user_0062,daniel17@oksbi,hweber@ibl,856.74,6,4140752c-aa44-4259-9001-8b7b6d4067f4,Hyderabad,636.8,0,0,661.3,none,0
T0028036,2026-01-15 21:22:56.938484,user_0428,jcannon@okhdfcbank,richardmichael@okhdfcbank,507.79,23,6dda4f8d-cea6-4f4c-b9e5-8ff092f837d4,Hyderabad,448.12,0,0,457.07,none,0
T0010306,2026-01-06 19:57:48.927433,user_0664,jennifer66@paytm,sandersrachel@ybl,1766.72,12,8412a335-d88c-456d-b61e-5fdb1a435206,Hyderabad,1717.44,0,0,1136.16,none,0
T0000762,2026-01-01 08:22:45.149958,user_0273,cheryl63@paytm,lisa43@ibl,572.84,18,3be79df4-72ec-416e-88a7-23e9bfa016c2,Mumbai,478.53,0,0,502.75,none,0
T0035365,2026-01-19 05:02:20.613791,user_0136,gonzalezkaren@ibl,ginawarren@oksbi,1986.34,7,1b84edc3-d8e0-49de-8217-ea0e896490ab,Mumbai,1451.93,0,0,3886.13,none,0
T0044058,2026-01-24 11:30:55.004654,user_0042,katherine83@ybl,xbryant@ibl,1356.56,11,614c721d-a921-4b4c-95fb-e976ae007b7e,Lucknow,921.39,0,0,893.77,none,0
T0034427,2026-01-19 14:41:29.810393,user_0675,carnold@paytm,ysmith@ybl,916.72,16,4cc9f5f2-e42e-4037-8a55-2ea08acbbe09,Delhi,607.26,0,1,882.52,none,0
T0026324,2026-01-14 19:25:13.728192,user_0118,bartonshannon@ibl,jroman@okhdfcbank,484.37,5,86e52753-7c93-46cc-97d7-a560adb14670,Delhi,833.45,0,0,478.5,none,0
T0007678,2026-01-06 15:58:15.098274,user_0049,mhoward@paytm,patrick11@okhdfcbank,898.77,18,604e46cb-3712-42d1-87cd-b6a1bf012e32,Mumbai,918.61,0,0,554.19,none,0
T0043309,2026-02-02 00:02:23.068113,user_0150,jillwilson@ybl,vscott@ibl,1294.83,6,1a89b71e-a0d5-42c8-a837-fe68bba205ca,Hyderabad,1311.85,0,1,493.19,none,0
T0011539,2026-01-04 02:37:18.167969,user_0196,james29@oksbi,hillashley@okhdfcbank,770.41,10,a689b424-7a3a-40e1-b9c7-73a0e0decc3d,Bengaluru,953.45,0,0,699.64,none,0
T0041828,2026-01-21 12:59:11.063997,user_0397,lisa01@paytm,tfranklin@ibl,1772.75,11,b253d218-6c4a-47ea-8906-17f2747b6dba,Delhi,1512.43,0,0,496.94,none,0
T0027573,2026-01-17 00:16:13.432647,user_0261,xboyd@oksbi,kroberts@oksbi,958.46,9,286ed390-edd9-4a1a-ba58-5b278ce3e7c3,Delhi,684.82,0,0,216.37,none,0
T0008097,2026-01-04 13:33:03.308449,user_0766,sanchezdeborah@paytm,hamptonjohn@paytm,634.47,10,965befdf-6b4b-4411-8a4a-0e2df22b5b98,Lucknow,940.15,0,1,6.27,none,0
T0038833,2026-01-25 18:04:43.824285,user_0673,senglish@paytm,alexfox@oksbi,165.69,16,0d18ab95-668c-4477-8b95-017c5dae1201,Chennai,190.08,0,0,1292.4,none,0
T0038452,2026-01-14 06:04:09.767198,user_0580,ronald54@ybl,michael66@oksbi,672.26,15,b24cc64f-be3e-4e57-b30a-9e32aba4fc03,Lucknow,824.0,0,0,344.15,none,0
T0028817,2026-01-19 21:52:44.385602,user_0382,christian38@ibl,johnsonwhitney@oksbi,524.87,16,fdb1429e-7010-4d13-b526-b22d3f6c21f7,Delhi,593.48,0,0,650.12,none,0
T0020199,2026-01-19 06:19:46.833699,user_0676,lkelly@ibl,mannwilliam@paytm,1026.64,15,ccac2fb5-1a0c-4c04-93cd-129110042d82,Lucknow,772.58,0,0,320.28,none,0
T0043447,2026-01-20 03:54:12.478242,user_0742,kimberly07@ybl,eburns@okhdfcbank,162.5,18,53cd6268-610c-4373-8299-9aa40cdf742b,Ahmedabad,448.85,0,1,301.93,none,0
T0057527,2026-01-24 12:06:04.415639,user_0126,shawn22@ybl,rachelday@oksbi,1035.91,15,5d71a898-6497-4593-892e-8c93d105c8d6,Ahmedabad,1019.57,0,0,215.19,none,0
T0035387,2026-01-21 10:23:29.413368,user_0440,navarromary@ybl,mmitchell@ibl,1232.72,17,e3c43657-1d8c-4bac-83b4-09ef2260e70f,Hyderabad,1153.0,0,0,192.25,none,0
T0046672,2026-01-19 08:47:47.611311,user_0309,charles27@okhdfcbank,julienavarro@okhdfcbank,141.06,20,f7e9101d-3f8b-4433-b60e-695c1759ba96,Ahmedabad,174.11,0,0,617.71,none,0
T0022335,2026-01-18 03:25:04.321922,user_0621,ericwilson@okhdfcbank,cowanjohn@paytm,380.4,10,ac93281a-92eb-4ab0-a4ee-c67c1a57f9e4,Lucknow,2466.93,0,0,1532.21,none,0
T0058460,2026-02-01 01:16:09.902829,user_0508,garrettnatasha@ibl,cheryl05@paytm,1215.14,1,4140752c-aa44-4259-9001-8b7b6d4067f4,Lucknow,1468.73,0,0,485.75,none,0
T0057918,2026-02-04 09:57:17.575662,user_0592,randy99@oksbi,michaeldrake@paytm,158.41,10,965befdf-6b4b-4411-8a4a-0e2df22b5b98,Delhi,172.93,0,0,182.54,none,0
T0006110,2026-01-04 23:55:49.796819,user_0099,christianwallace@ybl,bethmiller@oksbi,1390.64,6,bda3c162-3a78-464a-9d86-80cbb90800f3,Bengaluru,1211.31,0,0,528.99,none,0
T0015849,2026-01-09 03:24:29.444613,user_0672,taylorlinda@paytm,iflowers@ibl,737.86,21,b4323070-a23d-4c2f-82a7-96891933918c,Hyderabad,1312.21,0,0,132.15,none,0
T0048091,2026-01-14 01:51:06.100652,user_0226,aprilmoody@okhdfcbank,hernandezbrenda@paytm,379.98,23,0b531932-bd94-49aa-bea6-e5b20c760d28,Chennai,352.03,0,0,136.07,none,0
T0000277,2026-01-01 02:20:48.905097,user_0754,tguerrero@ybl,ryanclark@okhdfcbank,498.65,16,68d0a2a8-c4e7-47dd-a929-de738693fd9d,Chennai,572.35,0,0,140.82,none,0
T0000544,2026-01-02 05:44:45.680619,user_0493,ana92@ibl,rangelnicholas@ybl,292.58,15,b7b8c1a5-9a45-493d-b227-890e4e76833a,Hyderabad,447.65,0,0,1583.93,none,0
T0012213,2026-01-09 09:48:29.079257,user_0719,jessicachapman@ibl,timothyreed@oksbi,848.97,9,0f5ae9d3-8e6e-4003-a14f-3f12cfd01cbd,Lucknow,792.56,0,1,91.56,none,0
T0032113,2026-01-20 16:04:40.273416,user_0502,lopezvincent@oksbi,gbrown@oksbi,1137.65,11,b1d81887-4739-4c7b-bff3-0c8d83ff3e96,Delhi,839.04,0,0,197.21,none,0
T0048109,2026-01-24 06:37:30.683403,user_0421,caseymoore@okhdfcbank,davidjackson@okhdfcbank,1037.37,6,f1043785-658b-4523-a014-1de9f54ad0a2,Mumbai,991.71,0,0,1614.27,none,0
T0055013,2026-01-28 06:01:22.795290,user_0303,susan77@paytm,gdecker@paytm,1091.41,9,0d557b61-8a17-4dfe-bfc0-0dc804f64d86,Chennai,1184.83,0,0,500.51,none,0
T0032960,2026-01-14 05:40:46.640655,user_0301,heather69@oksbi,kevinharrison@oksbi,1663.91,18,b02b61c4-a3d7-4628-ace6-6fa2fd5166e6,Hyderabad,1187.78,0,0,20.26,none,0
T0005427,2026-01-05 21:32:35.143266,user_0768,lori17@paytm,renee05@paytm,1030.94,19,4fa03f26-f6f7-40cc-a9ec-8e49d1bdb8c0,Pune,1062.79,0,1,239.97,none,0
T0015165,2026-01-03 17:28:21.614074,user_0088,alexander89@okhdfcbank,carneyglenda@okhdfcbank,488.83,5,709b7d97-464c-44af-bd3f-3799a07295e9,Jaipur,860.08,0,0,822.42,none,0
T0032482,2026-01-23 13:06:49.118000,user_0621,ericwilson@okhdfcbank,lbrooks@paytm,3748.56,23,ac93281a-92eb-4ab0-a4ee-c67c1a57f9e4,Lucknow,2466.93,0,0,459.64,none,0
T0009476,2026-01-08 18:31:02.201400,user_0140,lisa19@ibl,kellereric@okhdfcbank,468.46,16,8d93e14a-5b16-4158-ba67-470c7d98302f,Kolkata,433.62,0,0,1853.35,none,0
T0053506,2026-02-09 07:05:40.498686,user_0098,andreagray@ybl,allendavid@okhdfcbank,230.81,11,1a89b71e-a0d5-42c8-a837-fe68bba205ca,Bengaluru,329.38,0,0,57.65,none,0
T0009807,2026-01-05 09:57:40.570957,user_0045,david68@ibl,michaelklein@oksbi,2019.9,23,7e570ddf-8270-40a8-a369-b584ff5e9ff0,Mumbai,1895.02,0,0,144.72,none,0
T0059830,2026-02-06 17:53:10.680870,user_0503,tcastro@oksbi,williamsashlee@paytm,2516.35,4,f7d7465d-37c3-43c9-a5d0-b51788d00abd,Delhi,3058.12,0,0,13.78,none,0
T0034539,2026-01-17 07:32:33.105837,user_0206,edwardskristen@okhdfcbank,lowebryce@paytm,352.72,17,4767d76c-162f-4a24-af43-613cd4aac9a3,Delhi,1264.88,0,0,433.2,none,0
T0027830,2026-01-15 08:27:00.497503,user_0679,robert89@ibl,guerrerochristian@paytm,1364.58,19,15669e36-4708-403b-a716-10c19db54283,Pune,839.11,0,0,28.42,none,0
T0058881,2026-01-30 05:09:12.526456,user_0119,tamarasmith@ybl,williamskenneth@ybl,278.93,23,5380b904-688c-4015-aab9-7e494f2d4796,Lucknow,258.1,0,0,538.11,none,0
T0015145,2026-01-08 09:23:19.402309,user_0706,kbarber@ybl,dillon67@ybl,249.33,23,9ca3fbb3-ff11-48ba-b6ee-1640723ef466,Mumbai,192.76,0,0,718.29,none,0
T0039622,2026-01-24 23:00:12.804762,user_0269,brooksjamie@ybl,ajohnson@oksbi,544.08,17,61a11729-3cb9-4350-9b4d-a0fe7bb38605,Jaipur,416.68,0,1,232.51,none,0
T0007383,2026-01-05 09:51:09.221616,user_0110,aaronkelly@oksbi,rogersmartin@ibl,175.39,21,0426fcc9-255b-40e2-bdc2-b74b38a56b49,Mumbai,302.48,0,0,1822.38,none,0
T0044594,2026-01-29 21:05:55.025047,user_0582,ostone@okhdfcbank,kellyjoseph@okhdfcbank,512.11,19,a5135ea0-fa53-434d-a6d5-901d8b621d41,Ahmedabad,824.18,0,0,421.48,none,0
T0023784,2026-01-15 13:55:31.673251,user_0154,billmcfarland@oksbi,ktrevino@ybl,239.23,13,5c9deee0-b42a-4456-8736-5a84725e134d,Mumbai,413.93,0,0,9.19,none,0
T0027589,2026-01-15 05:47:15.595150,user_0517,russellstout@paytm,dlee@oksbi,757.76,14,f6e39356-a814-4562-9a00-3f16b9469bcf,Ahmedabad,820.3,0,0,1206.31,none,0
T0021385,2026-01-14 07:28:44.890272,user_0366,michelle78@ibl,gnelson@ibl,386.51,16,af475b49-c775-4395-9494-05f02cd2a404,Chennai,318.7,0,0,366.62,none,0
T0052903,2026-01-26 05:47:39.570030,user_0131,jennifer58@oksbi,sanchezjulie@oksbi,412.11,16,1dba1267-7e1c-45a1-bef5-18a64dead645,Chennai,391.92,0,0,925.53,none,0
T0032303,2026-01-21 04:48:34.673879,user_0387,blopez@okhdfcbank,kjones@ibl,454.36,10,31a3ac4d-828c-47e7-87d5-b7be1d30d990,Delhi,390.27,0,0,351.73,none,0
T0045302,2026-01-26 09:35:33.608247,user_0587,vgutierrez@oksbi,jamesnelson@paytm,1965.44,15,66c14dca-8255-4a61-9a3b-031932f57510,Jaipur,2065.85,0,0,148.75,none,0
T0002168,2026-01-01 01:04:09.867541,user_0096,waltonmalik@ybl,rhonda99@ibl,1479.57,13,6e8f75a1-17dd-4d81-95da-705cd4ef00aa,Kolkata,2218.83,0,0,11.93,none,0
T0037857,2026-01-19 05:25:41.613631,user_0073,phelpsmichael@oksbi,hodgeslauren@okhdfcbank,1545.74,13,92a81713-b90e-444b-951c-25d54d4c5280,Delhi,1185.23,0,0,292.87,none,0
T0019409,2026-01-09 17:51:46.119664,user_0524,edwin31@ybl,ffoster@okhdfcbank,495.47,16,c7cfeca8-22b9-424c-a744-3fb881bd55d5,Kolkata,817.75,0,0,3.01,none,0
T0003274,2026-01-03 02:30:12.057024,user_0700,lwood@paytm,elizabeth52@paytm,2078.14,15,268b84b6-3ec0-4285-8bc4-ec0ec2aef674,Mumbai,1960.67,0,0,843.73,none,0
T0033969,2026-01-14 13:46:36.585320,user_0531,frankperez@oksbi,ichavez@okhdfcbank,2763.4,13,66c14dca-8255-4a61-9a3b-031932f57510,Hyderabad,1895.91,0,0,352.65,none,0
T0009747,2026-01-08 05:14:48.672386,user_0358,clarkrandy@ibl,john52@ibl,2095.98,20,d9b59f84-edc3-41c3-adea-2d2d086c405f,Mumbai,1924.22,0,0,1496.96,none,0
T0056607,2026-01-21 11:20:13.396912,user_0796,ryancook@okhdfcbank,zsmith@ybl,642.55,12,b42a2d93-9aba-4f15-b214-90623e1a963e,Pune,595.34,0,0,88.38,none,0
T0050536,2026-01-22 01:57:51.797449,user_0683,jessicafox@ibl,llewis@oksbi,289.97,17,ca9f1d59-83e8-4700-8e63-813ed22e3226,Kolkata,415.9,0,0,612.89,none,0
T0018528,2026-01-07 15:47:38.675093,user_0508,garrettnatasha@ibl,john28@ybl,1063.38,12,1e38f711-e2ec-43f4-bba1-aed944cdbfdd,Lucknow,1468.73,0,0,526.8,none,0
T0003680,2026-01-01 09:40:38.788730,user_0234,tommy79@paytm,kristen95@oksbi,1474.35,18,ebe9e207-4f19-4ec0-832d-4526b3e4110a,Delhi,1581.93,0,0,104.98,none,0
T0002748,2026-01-02 18:12:09.308369,user_0142,williamrobles@paytm,aallen@ybl,1311.58,13,c6ac1b04-dd1d-4cd1-811f-6bf5379ef467,Chennai,817.66,0,0,1183.67,none,0
T0054963,2026-01-30 19:16:53.503024,user_0065,benjamincrawford@okhdfcbank,jwilson@paytm,631.09,14,f10c718b-1eb0-438a-a75d-d5af3c365296,Hyderabad,678.96,0,0,1031.97,none,0
T0052751,2026-01-28 05:31:05.939202,user_0586,mclaughlinjared@ybl,mitchell33@paytm,419.87,13,a1a27485-7134-4c2a-b80b-3657117b355b,Pune,462.13,0,0,147.7,none,0
T0018850,2026-01-14 03:26:06.703072,user_0585,wilsonsteven@ibl,kayla85@okhdfcbank,607.84,18,84182d35-3e71-4433-bd90-b81afbe0e6b8,Bengaluru,1024.75,0,0,1639.99,none,0
T0031951,2026-01-23 04:07:39.074386,user_0143,heather06@paytm,janicecraig@okhdfcbank,253.38,23,c342bd2b-f295-456e-9967-5f06bd767e35,Pune,385.44,0,0,176.7,none,0
T0038879,2026-01-26 15:30:18.455584,user_0635,philip55@okhdfcbank,thomas47@okhdfcbank,3656.32,14,766ecb15-474e-4c19-aef9-12766c006f61,Ahmedabad,2274.0,0,0,105.59,none,0
T0046416,2026-01-21 15:40:49.369006,user_0580,ronald54@ybl,sross@ybl,817.75,9,b24cc64f-be3e-4e57-b30a-9e32aba4fc03,Lucknow,824.0,0,0,739.66,none,0
T0022033,2026-01-11 02:31:07.291162,user_0459,devonrichardson@oksbi,allensarah@okhdfcbank,701.6,13,473bd358-610e-4a64-a130-1617c2dff335,Lucknow,569.42,0,0,2205.31,none,0
T0017829,2026-01-12 23:42:35.711023,user_0335,angelachase@oksbi,ksmith@paytm,1214.11,16,1a432f0a-7daa-49f0-80b6-fce2de53790a,Ahmedabad,1498.89,0,0,431.11,none,0
T0009163,2026-01-06 12:22:41.531346,user_0387,blopez@okhdfcbank,westlaura@paytm,421.61,20,31a3ac4d-828c-47e7-87d5-b7be1d30d990,Delhi,390.27,0,0,46.08,none,0
T0021025,2026-01-19 08:42:50.627552,user_0695,mitchellchristopher@ibl,scotthunter@ibl,606.63,15,9b792afa-2a3d-418d-a754-a29ff143e545,Kolkata,468.23,0,0,1221.49,none,0
T0028866,2026-01-20 18:18:16.952144,user_0646,vbradley@ibl,smacias@paytm,262.63,6,ca9f1d59-83e8-4700-8e63-813ed22e3226,Kolkata,1945.41,0,0,1537.3,none,0
T0002018,2026-01-01 22:23:57.662673,user_0255,harrismichele@paytm,thomasaustin@ibl,88.38,9,3508507a-f622-4842-8402-2b3c508211a5,Delhi,167.2,0,0,1343.96,none,0
T0012540,2026-01-11 06:59:00.275348,user_0652,pmurphy@paytm,christy47@okhdfcbank,517.71,15,4c6a70f4-8ede-444d-876c-f68c3f1be0d0,Mumbai,631.23,0,0,225.34,none,0
T0056358,2026-02-03 03:56:34.299031,user_0649,gnguyen@okhdfcbank,anthony40@ibl,310.66,19,8f158449-4f40-422f-95b0-2530f020e992,Delhi,262.44,0,0,17.29,none,0
T0043401,2026-01-21 21:57:52.445703,user_0751,diazmelissa@paytm,don83@okhdfcbank,1177.85,14,1f5df912-54e0-4431-8f13-3b65d450afa2,Mumbai,796.42,0,0,83.74,none,0
T0008516,2026-01-05 23:22:09.156940,user_0476,zbaker@paytm,murphyryan@oksbi,83.42,10,3b9b2d45-a350-45e4-b9c5-9df987f255d6,Hyderabad,698.92,0,1,1191.49,none,0
T0047023,2026-01-27 03:52:53.398142,user_0425,kimberly35@oksbi,anthonysutton@ybl,370.92,7,93829b43-922f-415a-a1e3-db63ef7ddc76,Hyderabad,250.16,0,0,750.72,none,0
T0020820,2026-01-14 22:19:33.564154,user_0534,carlho@oksbi,cameronrussell@paytm,306.48,10,d2938e6e-ff4d-4930-b3b0-fb536f75ee8a,Ahmedabad,316.14,0,0,133.92,none,0
T0029453,2026-01-16 16:01:30.911861,user_0791,stevensims@ybl,jesse14@oksbi,1807.77,7,ab9099a4-35a2-40ae-9af3-05535ec42e08,Hyderabad,1535.54,0,0,1144.04,none,0
T0005012,2026-01-02 06:09:46.515023,user_0304,olsonjonathan@okhdfcbank,xcline@okhdfcbank,351.44,9,61a66444-e2af-4629-9efb-336e2f546033,Jaipur,429.69,0,0,123.55,none,0
T0014118,2026-01-04 23:40:09.603524,user_0286,jennifer90@ybl,johngeorge@paytm,2002.33,3,7118e364-7709-4749-927e-ecfaa79ac9aa,Chennai,1283.45,0,0,952.18,none,0
T0051079,2026-01-23 14:05:56.099904,user_0240,olsontimothy@paytm,hillantonio@ibl,917.46,12,43d75413-a939-4bd1-a516-b0d47d3572cc,Hyderabad,1019.17,0,0,1456.53,none,0
T0057922,2026-01-21 02:42:47.183579,user_0713,zsmith@paytm,uwilson@ybl,427.79,15,0d18ab95-668c-4477-8b95-017c5dae1201,Jaipur,808.0,0,0,709.35,none,0
T0005493,2026-01-07 20:33:52.952478,user_0307,zachary04@ibl,mary92@paytm,544.56,12,f68c62e6-e2a4-4909-a2dd-22d52afaab7b,Bengaluru,741.81,0,0,855.22,none,0
T0036697,2026-01-24 11:19:39.185523,user_0362,penanicole@paytm,csimmons@ybl,477.82,11,b5a6571c-4fa5-435e-90cc-460428b26b1b,Mumbai,745.86,0,0,60.9,none,0
T0034101,2026-01-17 03:12:04.220906,user_0535,fcamacho@okhdfcbank,johnlopez@okhdfcbank,1144.06,19,c4615234-8044-4eb2-b66e-dbf4a0ea0251,Pune,1153.44,0,0,431.48,none,0
T0009484,2026-01-06 15:54:10.877295,user_0080,pmarsh@oksbi,ernest98@oksbi,366.59,7,3e2b6091-a092-452a-94a0-57a7b0cc1b3b,Chennai,345.67,0,0,532.66,none,0
T0011800,2026-01-08 19:38:20.503080,user_0143,heather06@paytm,sandersdonald@okhdfcbank,336.52,13,2e9ce8ff-084a-4c4b-9146-8cdcf7164b73,Pune,385.44,0,0,222.44,none,0
T0011594,2026-01-05 22:49:00.097229,user_0442,garciajerry@paytm,yturner@paytm,1364.99,9,4aab47b2-3c9d-428a-a176-1930f6d70248,Hyderabad,1092.08,0,0,348.86,none,0
T0045874,2026-01-22 02:54:40.612643,user_0332,melissa47@ybl,adelgado@ibl,1682.15,7,1a2a73ed-562b-4f79-8374-59eef50bea63,Pune,1243.24,0,0,127.04,none,0
T0009700,2026-01-08 10:50:17.417352,user_0483,michael55@ybl,joshuahull@oksbi,497.49,15,b28187c4-aa05-4442-a284-e8fd755cee2a,Chennai,438.59,0,0,7.6,none,0
T0025650,2026-01-14 18:04:33.854422,user_0501,mckeetodd@ibl,william77@ybl,500.43,21,4aea1b8f-b43c-4e0a-ba9f-c10e52daf681,Ahmedabad,483.5,0,0,438.99,none,0
T0029929,2026-01-15 12:45:09.413002,user_0458,clintonstevens@paytm,reginaldhill@paytm,774.5,5,9f8cc29f-fd35-4c5f-9347-9a3b479bc637,Kolkata,516.52,0,0,239.41,none,0
T0037828,2026-01-23 14:31:48.607264,user_0438,angela65@ybl,nicholas54@ybl,791.5,11,f50d7a37-a44d-4fec-bd85-d7fa8ac97b01,Mumbai,698.76,0,0,94.16,none,0
T0012904,2026-01-11 23:19:00.258541,user_0358,clarkrandy@ibl,kathleengreen@okhdfcbank,1802.22,12,d9b59f84-edc3-41c3-adea-2d2d086c405f,Mumbai,1924.22,0,0,1402.9,none,0
T0042538,2026-01-26 13:19:13.729669,user_0075,smithdevon@ibl,bowerskaren@ibl,311.53,10,093923de-8bab-4e3b-a628-6bfbe767dcea,Lucknow,223.16,0,0,10.48,none,0
T0041660,2026-01-22 21:39:52.428075,user_0299,hansenwesley@ybl,ozimmerman@oksbi,522.99,23,a847bce7-90fa-4b57-a4ac-2130deaf528d,Lucknow,349.25,0,0,398.3,none,0
T0014465,2026-01-06 20:12:51.021317,user_0597,steven60@paytm,prodriguez@ibl,1852.27,12,8fca7b6a-8fc4-4092-b4e5-59e596229348,Bengaluru,1443.24,0,0,69.52,none,0
T0037897,2026-01-23 02:30:37.541340,user_0155,ayalacolleen@ibl,heidi57@ibl,1235.3,12,2b1ac76c-89ec-4c51-98cb-aa5247f53019,Pune,973.12,0,0,457.61,none,0
T0042284,2026-01-20 15:01:51.530798,user_0153,riverajenna@paytm,anthony80@ibl,1926.74,13,78660765-14f7-4e8d-95bc-b8d04094dded,Delhi,1608.24,0,0,365.73,none,0
T0050089,2026-01-24 03:55:25.779427,user_0766,sanchezdeborah@paytm,hesterjohn@paytm,498.09,19,965befdf-6b4b-4411-8a4a-0e2df22b5b98,Kolkata,940.15,0,0,115.05,none,0
T0045058,2026-01-26 03:02:54.677383,user_0515,biancasutton@okhdfcbank,kingkaren@ybl,809.34,13,f68c62e6-e2a4-4909-a2dd-22d52afaab7b,Lucknow,925.75,0,0,466.15,none,0
T0033650,2026-01-18 16:02:48.359098,user_0375,wattstravis@ibl,mortega@oksbi,6971.02,2,06287960-71fe-437a-9770-5a44d34cd1e6,Mumbai,587.23,1,1,819.91,takeover,1
T0020585,2026-01-13 02:26:50.301263,user_0118,bartonshannon@ibl,annetteharris@okhdfcbank,828.0,4,86e52753-7c93-46cc-97d7-a560adb14670,Delhi,833.45,0,0,1102.48,none,0
T0018526,2026-01-06 16:32:07.888160,user_0724,jeffrey44@ibl,andreguerrero@ybl,494.96,22,b4323070-a23d-4c2f-82a7-96891933918c,Mumbai,387.58,0,0,259.29,none,0
T0055690,2026-01-31 03:20:43.201412,user_0648,mwilson@paytm,lisadennis@ybl,1160.54,13,98c7472a-864e-4a13-829c-fc0cfa02eaec,Mumbai,1538.86,0,0,22.75,none,0
T0023724,2026-01-12 17:49:38.851250,user_0169,pwilliams@paytm,jonblackwell@oksbi,1421.74,9,81f631d4-a392-41a7-9777-a4774c66e0a8,Lucknow,1068.96,0,0,73.65,none,0
T0042317,2026-01-22 18:28:37.472923,user_0618,andrew43@ybl,connie64@ibl,513.43,12,033d2bce-575a-4d2c-a5c5-650c8186a576,Hyderabad,552.34,0,0,1051.09,none,0
T0028323,2026-01-21 22:37:52.289279,user_0614,hreeves@oksbi,wigginslinda@okhdfcbank,854.37,15,c21c3fb3-a6a5-40ff-93fb-71d0dd326d9c,Ahmedabad,757.13,0,0,580.1,none,0
T0044892,2026-01-25 12:37:42.074002,user_0270,robert12@ybl,christinebailey@okhdfcbank,1055.38,14,97867b12-1328-4726-a4f4-34d6d1e91691,Mumbai,833.38,0,1,204.33,none,0
T0019170,2026-01-09 00:10:56.063676,user_0446,emily61@ybl,gina53@paytm,899.67,21,287d06ca-6f4c-469a-8b22-d3081c8eaee9,Bengaluru,932.9,0,1,1061.09,none,0
T0002550,2026-01-01 19:16:59.474227,user_0735,scottlisa@ibl,james58@okhdfcbank,528.27,13,f7315749-4f39-49a8-bd3a-258288b4f474,Pune,397.6,0,0,1156.99,none,0
T0022506,2026-01-12 14:58:09.279010,user_0456,adam33@ibl,christinehenry@okhdfcbank,1575.39,15,ae27d432-1dc1-47eb-b11c-767385351a69,Lucknow,1328.06,0,0,401.59,none,0
T0005516,2026-01-03 18:42:07.162349,user_0054,brooksdanielle@oksbi,jonesjohn@ybl,843.31,15,ef0a573d-53d2-456d-9040-158728e213bc,Mumbai,768.06,0,0,1073.38,none,0
T0048946,2026-01-24 22:17:43.866332,user_0674,dhanson@oksbi,carla10@okhdfcbank,294.32,7,d56ce8ea-1959-4b5a-a7a8-f6366a35df59,Delhi,327.13,0,0,101.44,none,0
T0006320,2026-01-02 03:43:51.121937,user_0620,kendra14@ibl,jennifer33@oksbi,545.85,16,21813d25-6552-48a6-83ff-50113d1a85dd,Jaipur,563.99,0,0,517.78,none,0
T0031272,2026-01-14 14:18:35.624202,user_0495,scottbrian@ibl,rhonda94@paytm,351.4,15,1519830c-4019-4303-9c45-7e4da79313b8,Ahmedabad,875.45,0,0,995.46,none,0
T0012126,2026-01-09 07:24:40.966488,user_0267,ascott@okhdfcbank,bobbyallen@paytm,2009.86,12,3f8c1097-c4da-4c2e-9bff-a27915c1604f,Chennai,2332.96,0,0,487.96,none,0
T0058959,2026-01-31 20:41:29.192174,user_0370,regina78@ibl,josephhall@oksbi,444.99,21,e9ad0e9b-8c9a-41e9-b3b2-63376a74dbb7,Jaipur,591.4,0,0,742.9,none,0
T0014617,2026-01-08 08:29:16.397843,user_0117,owilliams@paytm,waltervargas@ibl,187.94,19,75f8e3a8-7d97-4c0f-bd56-09c4a4461663,Ahmedabad,200.48,0,0,308.1,none,0
T0000945,2026-01-01 15:51:20.409892,user_0701,kimberly37@paytm,vshaw@okhdfcbank,444.77,15,7eccdaf4-c413-4dc2-85c5-ae8abe15ad12,Jaipur,459.14,0,0,433.84,none,0
T0020987,2026-01-17 19:48:40.350338,user_0152,eugenesingleton@ibl,kevinatkins@ibl,1445.03,15,956269f0-e5d7-4875-adad-d6c795a76d79,Bengaluru,1404.59,0,0,426.08,none,0
T0012013,2026-01-06 19:40:11.988703,user_0401,thomasmaldonado@oksbi,wagnerlori@paytm,331.48,19,cf0e6d2b-315c-467a-85d8-a6ad77d0359e,Mumbai,256.83,0,0,103.08,none,0
T0059722,2026-01-28 07:30:26.769359,user_0456,adam33@ibl,agalvan@ybl,565.95,12,ae27d432-1dc1-47eb-b11c-767385351a69,Lucknow,1328.06,0,0,832.19,none,0
T0049682,2026-01-28 12:13:19.732952,user_0318,charlesnathan@ybl,romandennis@ibl,946.14,23,22bf18f5-1f65-4a87-b33e-e3447dbf4bc1,Pune,927.28,0,0,2042.94,none,0
T0017787,2026-01-09 01:29:42.608346,user_0563,franklintrevor@ybl,katie76@oksbi,768.35,17,05000bc6-b20d-4b6e-b231-1f1795863a76,Jaipur,714.81,0,0,603.04,none,0
T0033005,2026-01-22 16:19:43.875543,user_0152,eugenesingleton@ibl,veronica34@ybl,1409.55,11,956269f0-e5d7-4875-adad-d6c795a76d79,Bengaluru,1404.59,0,0,25.93,none,0
T0001691,2026-01-01 16:26:08.799095,user_0146,james73@oksbi,brownmandy@oksbi,1062.38,8,668409e3-f1f8-443e-a99f-131849c8a43f,Delhi,1271.12,0,0,420.57,none,0
T0033277,2026-01-10 16:50:59.977260,user_0238,carolyn13@ybl,ericamoore@oksbi,939.21,3,8a2e6a93-c558-4bb2-81f7-f3fb19e45c6a,Jaipur,1092.8,0,0,962.74,none,0
T0022552,2026-01-14 10:33:13.797715,user_0592,randy99@oksbi,deborahmiller@oksbi,179.6,3,965befdf-6b4b-4411-8a4a-0e2df22b5b98,Mumbai,172.93,0,1,2380.54,none,0
T0048492,2026-01-21 13:11:39.033181,user_0442,garciajerry@paytm,nichole31@oksbi,1359.18,5,4aab47b2-3c9d-428a-a176-1930f6d70248,Hyderabad,1092.08,0,0,1520.45,none,0
T0018498,2026-01-14 23:23:57.847292,user_0392,matthewcollins@paytm,harold28@ibl,514.89,6,64880945-ad1d-4537-97f3-4368c2efeecb,Bengaluru,480.83,0,0,412.48,none,0
T0041996,2026-01-20 02:41:35.850692,user_0121,xglass@paytm,ylarson@okhdfcbank,954.31,18,a5135ea0-fa53-434d-a6d5-901d8b621d41,Hyderabad,799.24,0,0,505.86,none,0
T0017106,2026-01-09 20:40:06.624282,user_0379,robertcastro@ibl,petermartinez@ybl,922.17,12,21bddb41-0699-4731-9dcf-8766a93b12cd,Mumbai,644.86,0,0,464.07,none,0
T0036190,2026-01-18 11:32:56.317167,user_0165,susanfleming@ibl,evanparks@paytm,431.53,13,cbb18c79-1036-408d-99a0-90075bb47c18,Jaipur,536.83,0,0,647.18,none,0
T0022520,2026-01-12 05:13:17.733320,user_0324,stephenmartinez@oksbi,garciavictoria@ibl,982.41,13,3f5e3b8c-c058-4da5-a757-075bd47f83b1,Hyderabad,941.81,0,0,1062.78,none,0
T0017018,2026-01-09 21:13:14.246589,user_0549,phillipmorris@oksbi,baxtercory@okhdfcbank,877.76,13,d61169a1-ff46-46bf-894d-916deb6d2fed,Kolkata,823.39,0,0,48.79,none,0
T0002806,2026-01-03 21:12:08.514616,user_0549,phillipmorris@oksbi,rodriguezthomas@ybl,863.46,9,d61169a1-ff46-46bf-894d-916deb6d2fed,Kolkata,823.39,0,0,711.04,none,0
T0008158,2026-01-05 03:26:33.733943,user_0325,astewart@ibl,christine72@ibl,615.0,15,54bbbcf8-28fe-4761-8d49-fe3f2ca8f783,Pune,522.05,0,0,79.39,none,0
T0005720,2026-01-03 00:00:15.447901,user_0309,charles27@okhdfcbank,michele20@ibl,170.93,14,f7e9101d-3f8b-4433-b60e-695c1759ba96,Delhi,174.11,0,1,1063.68,none,0
T0001017,2026-01-02 14:44:44.931168,user_0770,wilsonbrooke@ibl,chadjones@ybl,669.56,23,10f1bc81-448a-4a9e-a6b2-bc5b50c187fc,Ahmedabad,638.11,0,0,421.32,none,0
T0032741,2026-01-17 11:42:30.325694,user_0134,natalie60@ybl,shortkristen@ibl,186.96,10,5cb85aed-f5f6-4c97-aefb-63b11b049863,Jaipur,142.59,0,0,599.18,none,0
T0002428,2026-01-03 01:15:58.680024,user_0143,heather06@paytm,turnerpatrick@okhdfcbank,330.74,10,c342bd2b-f295-456e-9967-5f06bd767e35,Pune,385.44,0,0,2166.65,none,0
T0044549,2026-01-23 17:02:51.863827,user_0196,james29@oksbi,hlloyd@ybl,1079.81,12,a689b424-7a3a-40e1-b9c7-73a0e0decc3d,Bengaluru,953.45,0,0,719.5,none,0
T0056881,2026-01-24 08:55:21.609203,user_0050,stacyhull@ibl,yavila@oksbi,330.98,8,92a54d04-f2dd-41f5-b3b6-d344f2e3c6f0,Bengaluru,380.25,0,0,59.71,none,0
T0054216,2026-02-05 00:25:05.858624,user_0675,carnold@paytm,rcarson@okhdfcbank,767.71,8,8d7248e2-951f-48d0-9e84-f058d5a804eb,Delhi,607.26,0,0,712.75,none,0
T0015506,2026-01-09 17:46:32.187584,user_0376,xevans@oksbi,wfranklin@ibl,4196.55,17,b43bd27f-42a2-49a6-8664-12854303cbc1,Delhi,3124.06,0,0,61.77,none,0
T0012736,2026-01-10 11:40:36.817441,user_0129,jamesweber@ybl,brettjones@paytm,1129.26,13,44d7df9a-238b-45b7-ab64-777c6177a771,Lucknow,1340.62,0,0,1131.61,none,0
T0050206,2026-01-23 17:58:13.858729,user_0052,jasonjohnson@paytm,suzanne68@oksbi,1155.61,19,9b4e2c24-9479-41e6-8927-7d9b6e0d2648,Bengaluru,1309.91,0,0,912.37,none,0
T0046465,2026-01-20 08:42:53.247198,user_0683,jessicafox@ibl,brian43@okhdfcbank,576.64,23,ed1115d7-50a4-4c85-99d5-7b0242d04d55,Kolkata,415.9,0,0,273.02,none,0
T0020215,2026-01-11 04:52:43.323043,user_0003,carolynsmith@ybl,catherineadams@ibl,730.66,23,5380b904-688c-4015-aab9-7e494f2d4796,Hyderabad,602.92,0,0,1275.57,none,0
T0015663,2026-01-16 15:55:23.562045,user_0264,brianna91@paytm,jdavidson@ibl,406.0,15,a2a9d4d8-102e-4de5-a5cc-8bf738ab854c,Ahmedabad,385.33,0,0,641.7,none,0
T0030800,2026-01-17 15:43:17.452577,user_0002,wellsdavid@paytm,atkinserik@oksbi,485.31,17,2ab7b2ef-8e0e-4033-ac59-1da8fff96acf,Jaipur,602.91,0,0,1501.24,none,0
T0015853,2026-01-05 18:02:15.262392,user_0623,joseph49@ibl,turnerkayla@oksbi,1020.12,18,9132b63e-f162-47e4-a9c3-49e03602f8ac,Chennai,847.74,0,0,41.72,none,0
T0059044,2026-01-30 17:52:51.335028,user_0699,reneestevenson@paytm,alexandralarson@paytm,795.86,17,551ac8ea-585a-4afa-bbfd-cc1289e06ab3,Pune,1055.77,0,0,280.62,none,0
T0009646,2026-01-02 15:45:35.814504,user_0010,kenneth17@paytm,kennethhughes@okhdfcbank,284.95,9,5ab33edf-6e59-4ed3-a8b3-17fa18d0752b,Lucknow,318.5,0,0,588.79,none,0
T0030505,2026-01-16 07:57:42.344939,user_0707,beckywilkinson@ybl,sarahnguyen@oksbi,72.15,17,044251db-d0d4-4a67-b992-8faa4cbf131d,Jaipur,126.16,0,0,3093.35,none,0
T0028674,2026-01-14 22:52:26.198618,user_0323,shawphillip@paytm,tracy59@ibl,172.17,11,3922a7e4-2de9-42f8-8d7b-ec04e6e59b32,Kolkata,525.79,0,1,2.73,none,0
T0035482,2026-01-23 09:32:31.869624,user_0315,eric11@paytm,vramsey@paytm,1235.58,21,43ad3d62-b17c-4b21-8dbc-2c1ca4afe7bd,Jaipur,1772.55,0,0,142.67,none,0
T0046111,2026-01-26 21:27:54.410444,user_0788,robert83@oksbi,cunninghamrobert@ibl,413.31,23,2812859a-1337-439e-8d4f-5d272c7f0b79,Hyderabad,330.27,0,0,234.55,none,0
T0036512,2026-01-25 21:34:36.699401,user_0208,erinrivera@okhdfcbank,reneevega@ybl,687.53,15,e7ba26ac-ab7a-4d1c-8cfe-f6833e11bafe,Lucknow,707.15,0,0,1879.36,none,0
T0045860,2026-01-22 08:03:37.130563,user_0390,jenniferacosta@ibl,rivassteven@ibl,412.43,6,292bd156-db94-4570-9ac7-0ec0ab8ddeb4,Delhi,1163.09,0,0,491.21,none,0
T0025760,2026-01-11 17:38:04.913033,user_0787,burtonkimberly@oksbi,dmiller@ybl,180.29,15,75f8e3a8-7d97-4c0f-bd56-09c4a4461663,Mumbai,234.93,0,0,49.32,none,0
T0009686,2026-01-08 19:26:59.661635,user_0392,matthewcollins@paytm,qwallace@okhdfcbank,304.87,13,64880945-ad1d-4537-97f3-4368c2efeecb,Bengaluru,480.83,0,0,220.75,none,0
T0037262,2026-01-18 04:26:06.312606,user_0181,nicholsdarlene@okhdfcbank,sarah74@ibl,485.93,17,a981b098-b2cf-452d-a7f3-33b3f7baf55e,Mumbai,617.61,0,0,235.57,none,0
T0056683,2026-02-01 08:17:10.788916,user_0536,michelle36@okhdfcbank,pittsdylan@okhdfcbank,256.67,9,bed63da0-8033-45c2-9413-d64db962c8a7,Mumbai,249.99,0,0,1482.32,none,0
T0041821,2026-01-16 03:04:27.551855,user_0715,davisamanda@ybl,kathryncruz@ybl,465.87,8,f6ff3521-c225-4530-952a-53459682d9ff,Mumbai,404.41,0,1,157.64,none,0
T0029097,2026-01-12 14:11:13.672905,user_0532,aduran@ybl,klinecheyenne@oksbi,802.93,11,c5285425-c7a9-433c-a2d8-39d333e4f986,Ahmedabad,683.29,0,0,1209.49,none,0
T0003511,2026-01-01 22:26:18.417847,user_0153,riverajenna@paytm,wesleyjohns@ibl,1445.87,11,78660765-14f7-4e8d-95bc-b8d04094dded,Delhi,1608.24,0,0,94.6,none,0
T0039755,2026-01-22 00:58:03.834790,user_0542,oblack@oksbi,chelsea27@ibl,983.03,8,3c07c574-4925-4af1-b6aa-e05b13d5f2f7,Chennai,915.49,0,0,767.12,none,0
T0000755,2026-01-01 08:06:38.265889,user_0056,valdezandrew@ybl,lsanders@ibl,295.4,22,86341718-2ba6-4db3-bafe-b1149561c813,Jaipur,415.87,0,0,87.17,none,0
T0053209,2026-02-05 17:31:54.040317,user_0436,fhebert@okhdfcbank,gwade@ybl,775.86,9,2fb21e66-7ed1-4aab-89b7-c9bc65a16fa9,Delhi,1503.68,0,0,6.64,none,0
T0010277,2026-01-11 23:38:46.439544,user_0454,csmith@ybl,markpeterson@okhdfcbank,730.31,21,75b17a55-d426-4982-a43e-4288a2b5b498,Mumbai,696.45,0,0,780.98,none,0
T0025579,2026-01-12 19:41:13.589620,user_0230,mary49@oksbi,chelsea94@ybl,1477.41,14,12a1fe7d-dfa5-4722-8a1f-c9df9a591974,Mumbai,1530.03,0,0,780.74,none,0
T0052799,2026-01-22 14:05:15.771774,user_0045,david68@ibl,katherinesmith@okhdfcbank,1720.7,20,7e570ddf-8270-40a8-a369-b584ff5e9ff0,Mumbai,1895.02,0,0,246.42,none,0
T0020526,2026-01-09 17:04:01.804517,user_0119,tamarasmith@ybl,lauren60@okhdfcbank,43.11,16,5380b904-688c-4015-aab9-7e494f2d4796,Lucknow,258.1,0,0,549.32,none,0
T0056326,2026-01-23 14:57:12.424702,user_0797,vwilliams@okhdfcbank,lewiskelsey@ybl,982.13,16,74bd0c93-8177-4661-b7fe-032c02571851,Delhi,980.88,0,0,112.06,none,0
T0053270,2026-01-19 06:26:39.311031,user_0173,michellecoleman@ybl,charlesmeyers@paytm,1419.79,20,54c63cd8-8945-4f27-97fa-2d8dfb2ca025,Jaipur,1258.68,0,0,328.64,none,0
T0034524,2026-01-17 16:17:14.071396,user_0355,julie87@ibl,clifford33@ibl,1606.85,5,24108e9a-3f77-4cae-b318-b96d44790612,Bengaluru,1166.07,0,0,1615.44,none,0
T0039353,2026-01-22 08:42:30.073822,user_0692,jessica94@ybl,youngsamantha@ybl,901.73,23,d773f98d-550c-4fe9-a54c-11d9f2e61828,Jaipur,954.0,0,1,602.65,none,0
T0029951,2026-01-16 09:09:13.992765,user_0208,erinrivera@okhdfcbank,mmarshall@oksbi,871.57,5,e7ba26ac-ab7a-4d1c-8cfe-f6833e11bafe,Lucknow,707.15,0,0,175.6,none,0
T0027293,2026-01-18 22:38:02.541265,user_0502,lopezvincent@oksbi,robertvelasquez@oksbi,893.8,8,b1d81887-4739-4c7b-bff3-0c8d83ff3e96,Delhi,839.04,0,0,1545.8,none,0
T0036825,2026-01-23 18:24:27.915551,user_0141,juliahoffman@ybl,alicia59@ybl,134.11,22,e0527739-4d40-4f1b-bca5-be2952171bf3,Lucknow,122.4,0,0,354.76,none,0
T0028095,2026-01-13 20:38:05.048705,user_0375,wattstravis@ibl,lindseyclark@paytm,799.79,9,a65f7b8a-dbb4-4021-bdde-64afa75b395a,Ahmedabad,587.23,0,0,1186.05,none,0
T0046170,2026-01-19 05:19:18.703493,user_0011,rogersjoshua@okhdfcbank,gonzalezallison@paytm,794.3,12,3967e60a-823d-4107-9c8a-c066cb2fafa3,Jaipur,892.47,0,0,0.72,mule_burst,1
T0015216,2026-01-10 16:27:01.553517,user_0629,tjensen@okhdfcbank,ginalee@paytm,637.05,20,58c1aad6-f3f8-4ea4-bf14-eafa29f0ef7c,Chennai,912.08,0,0,8.85,none,0
T0018012,2026-01-18 14:43:49.091153,user_0398,paulproctor@ibl,geoffreyjordan@ibl,1326.1,14,f2c84743-9027-4770-a460-d0d2904883c1,Pune,1072.24,0,0,210.71,none,0
T0049166,2026-01-30 11:30:57.357514,user_0684,steven18@okhdfcbank,anthony47@paytm,498.21,14,5a5226e6-9d64-4932-8066-853d6de299a1,Jaipur,429.59,0,0,172.85,none,0
T0024871,2026-01-14 20:55:19.084493,user_0781,amiller@ybl,ofowler@okhdfcbank,1484.16,23,fb8fe8c4-d8b4-4ead-9360-8edf382b5b86,Mumbai,1640.13,0,0,514.95,none,0
T0010384,2026-01-07 20:19:45.029743,user_0515,biancasutton@okhdfcbank,vazquezdavid@okhdfcbank,835.13,14,f68c62e6-e2a4-4909-a2dd-22d52afaab7b,Lucknow,925.75,0,0,54.5,none,0
T0035104,2026-01-12 13:39:59.309103,user_0167,amber40@okhdfcbank,nlamb@ibl,224.99,15,46a02a9b-65ec-4acd-8f80-35f55bd20c98,Chennai,259.99,0,0,182.83,none,0
T0057296,2026-02-07 20:09:43.589874,user_0676,lkelly@ibl,jessicaholland@ibl,670.61,12,24108e9a-3f77-4cae-b318-b96d44790612,Lucknow,772.58,0,0,35.42,none,0
T0051017,2026-01-31 09:52:43.515639,user_0268,lanedavid@ybl,nicoleowen@oksbi,774.77,6,1eb74b56-53ff-43a2-8a19-35014169b9fc,Lucknow,735.04,0,0,322.2,none,0
T0044201,2026-01-17 15:37:52.803086,user_0643,pallen@okhdfcbank,dickersonelizabeth@okhdfcbank,334.48,10,9194821e-e11b-40d4-8637-9f04d9ee7dc9,Lucknow,282.62,0,0,1812.22,none,0
T0010647,2026-01-07 01:08:36.683855,user_0102,garciarobert@okhdfcbank,smolina@ibl,711.47,16,81f76d1c-2dbc-4134-830f-f46e8026695f,Kolkata,597.81,0,0,2494.52,none,0
T0031373,2026-01-16 08:05:59.680422,user_0666,thomaslopez@ibl,ywilliams@okhdfcbank,1526.53,4,31274148-7c7c-404e-8422-d03ef29a6339,Delhi,1190.39,0,0,48.04,none,0
T0041937,2026-01-20 04:14:55.024775,user_0365,johnsonmichael@oksbi,michellerandolph@ibl,455.41,15,e1721c83-ef5e-4376-a723-fb72682b163a,Mumbai,519.63,0,0,813.21,none,0
T0047513,2026-01-21 14:23:27.028068,user_0093,jhernandez@ibl,ryan96@oksbi,873.14,9,0cb5ee5c-62f5-47c2-8706-fec248fa4e98,Mumbai,843.94,0,0,488.03,none,0
T0003877,2026-01-01 13:01:53.452126,user_0316,loweelizabeth@paytm,patriciamorrison@paytm,1266.33,14,9c678393-2ced-4c0d-b173-04b5c1dd484a,Bengaluru,1061.27,0,0,250.5,none,0
T0008239,2026-01-03 12:56:28.097334,user_0196,james29@oksbi,matthew34@ybl,974.24,14,811414f8-d9df-4d0e-a25a-ed6cf0458043,Bengaluru,953.45,0,1,671.48,none,0
T0010038,2026-01-05 15:59:45.954672,user_0612,kimberly21@oksbi,reesedonna@ibl,577.85,23,7eece88d-a002-452a-b88c-ddde3f2086c2,Bengaluru,692.73,0,0,65.77,none,0
T0052053,2026-01-16 06:25:50.016203,user_0525,jackfarmer@okhdfcbank,qellis@okhdfcbank,531.51,14,8f0881ee-8011-416b-bae8-8926b423ccde,Chennai,511.68,0,0,1155.13,none,0
T0036578,2026-01-24 10:18:45.156310,user_0362,penanicole@paytm,martinjamie@okhdfcbank,930.92,9,b5a6571c-4fa5-435e-90cc-460428b26b1b,Mumbai,745.86,0,0,631.92,none,0
T0025657,2026-01-16 04:10:30.453036,user_0684,steven18@okhdfcbank,craigscott@oksbi,388.84,19,5a5226e6-9d64-4932-8066-853d6de299a1,Jaipur,429.59,0,0,445.61,none,0
T0009961,2026-01-07 17:43:23.487327,user_0705,ptownsend@oksbi,cking@paytm,697.57,4,0986bbeb-f23e-423d-8b9b-d93423c86d30,Pune,844.83,0,0,156.83,none,0
T0037995,2026-01-18 02:12:37.788662,user_0368,brittanybryant@oksbi,michele62@ybl,81.58,7,2747b93c-9ae7-4eab-884a-67809136f1f8,Hyderabad,247.77,0,0,222.62,none,0
T0043591,2026-01-24 05:38:09.980003,user_0691,keith09@ybl,cynthiamurphy@paytm,1556.48,11,64953d5f-0cb4-4891-988d-f23b3ccff6eb,Hyderabad,1100.43,0,1,1184.61,none,0
T0056235,2026-02-02 14:36:49.692458,user_0312,victorgonzalez@ibl,clarkcassandra@okhdfcbank,2214.37,15,e25df9a8-9ca8-45c4-a138-afe08d38bbd8,Chennai,1383.02,0,0,33.36,none,0
T0059192,2026-01-31 00:15:21.074655,user_0180,ystewart@ybl,mike67@oksbi,811.69,12,8a4b8f7c-2147-4a15-bcce-96f6250a4578,Chennai,1040.97,0,0,637.2,none,0
T0055884,2026-01-25 17:57:11.487626,user_0742,kimberly07@ybl,middletondarlene@oksbi,414.93,15,53cd6268-610c-4373-8299-9aa40cdf742b,Ahmedabad,448.85,0,0,177.08,none,0
T0058322,2026-01-31 08:08:42.458937,user_0515,biancasutton@okhdfcbank,carlsonteresa@oksbi,934.56,10,f11c0ac5-8c0b-493a-9333-5bc9bb635ff5,Lucknow,925.75,0,0,233.59,none,0
T0054163,2026-02-01 06:07:29.036925,user_0105,xclements@ibl,progers@paytm,969.38,9,ec8be537-58ab-4778-943b-45e3b6d1f6bb,Pune,908.81,0,0,150.82,none,0
T0017597,2026-01-12 18:44:30.137206,user_0777,xjackson@paytm,nkelly@okhdfcbank,1079.99,20,e1fdc6d1-6978-4221-bfb7-5c574b8c031f,Mumbai,1131.6,0,0,593.46,none,0
T0003735,2026-01-04 05:28:07.507275,user_0770,wilsonbrooke@ibl,steven70@paytm,441.3,17,10f1bc81-448a-4a9e-a6b2-bc5b50c187fc,Ahmedabad,638.11,0,0,251.81,none,0
T0017528,2026-01-12 00:34:20.408725,user_0040,ismith@paytm,emilymelton@ibl,1660.45,22,07f194f9-c115-4d6d-8a4e-5b70a6d964a3,Mumbai,1230.44,0,0,324.43,none,0
T0005997,2026-01-05 11:12:45.360971,user_0604,jennifer46@oksbi,alicia87@oksbi,873.11,16,9620bee6-6406-4ace-93a5-e8508950ddd6,Kolkata,860.54,0,0,128.71,none,0
T0000441,2026-01-01 17:21:45.171602,user_0792,joshualee@ybl,drewmartinez@ybl,1483.89,8,9d66e815-5a41-43b3-a95f-176cdebac186,Hyderabad,1161.12,0,0,954.49,none,0
T0000238,2026-01-01 10:19:56.776708,user_0221,katherinetaylor@paytm,lortiz@paytm,364.41,11,b5a6571c-4fa5-435e-90cc-460428b26b1b,Pune,380.32,0,0,619.95,none,0
T0004991,2026-01-04 05:13:55.288752,user_0799,washingtondarren@ibl,aferguson@oksbi,1282.21,11,e08596db-1d87-4966-8710-d430f071d879,Chennai,1319.75,0,0,410.56,none,0
T0006114,2026-01-06 20:47:31.257556,user_0425,kimberly35@oksbi,xhorton@oksbi,192.28,10,93829b43-922f-415a-a1e3-db63ef7ddc76,Chennai,250.16,0,1,1.25,none,0
T0015546,2026-01-07 06:32:09.333353,user_0393,dbolton@paytm,zwiley@ybl,1078.71,11,0a0537f0-2c2c-422b-a568-95c6812a1f9b,Bengaluru,1002.66,0,0,220.79,none,0
T0037961,2026-01-20 07:06:43.936778,user_0556,rhondacunningham@ybl,williamssusan@okhdfcbank,143.87,19,fa8dae42-ba54-4920-a099-d18087623997,Bengaluru,139.54,0,0,510.04,none,0
T0014283,2026-01-14 18:08:06.825680,user_0448,diane89@oksbi,melissa48@paytm,1386.17,7,a34db7c5-760d-4bbb-bb70-b3a124a35cf2,Chennai,1246.68,0,0,780.98,none,0
T0014026,2026-01-07 07:05:28.537239,user_0207,xhill@ibl,susan12@ibl,433.78,4,80599b93-79c2-42e4-9ae1-a991524f93ff,Hyderabad,637.44,0,0,1265.62,none,0
T0025244,2026-01-13 12:34:46.731229,user_0659,sabbott@ybl,peter12@ybl,1805.49,10,5958a499-eeea-463e-a1e8-ac6843e42caf,Chennai,1385.91,0,0,86.92,none,0
T0045072,2026-01-22 16:46:15.664744,user_0029,kennedyjames@paytm,tjenkins@ibl,1671.8,10,96792482-a3c9-48e4-8d22-38e6c7bf4fbc,Kolkata,1425.12,0,0,650.08,none,0
T0059138,2026-02-08 09:00:12.816885,user_0213,lunapatricia@oksbi,morgan50@ybl,873.41,18,66d71d97-b193-48b8-ae49-c0799bd0d4c7,Lucknow,946.37,0,0,1697.55,none,0
T0035803,2026-01-16 07:42:05.772625,user_0316,loweelizabeth@paytm,corey22@ibl,623.96,0,9c678393-2ced-4c0d-b173-04b5c1dd484a,Bengaluru,1061.27,0,0,324.33,none,0
T0028328,2026-01-16 23:45:38.702301,user_0603,hancockkaren@oksbi,sarahfisher@okhdfcbank,1432.54,14,32f8dbab-b462-43e8-9c41-8a83eb04159c,Jaipur,1005.71,0,0,11.68,none,0
T0033347,2026-01-15 10:07:45.355117,user_0790,montgomerymichelle@ibl,jaclyn81@ibl,1234.99,7,5da8d6d2-f8b3-4a8b-a05f-b8bc8a16a06c,Lucknow,1033.97,0,0,566.4,none,0
T0003996,2026-01-02 07:19:32.433639,user_0560,roachsusan@ibl,farellano@okhdfcbank,8050.58,4,37e91ea4-9c07-43c4-92db-a65fec35ed88,Ahmedabad,961.39,1,1,297.13,takeover,1
T0031018,2026-01-23 00:12:02.862412,user_0313,moniqueclark@ibl,wmcdaniel@oksbi,247.77,19,67ce378f-e5a4-483b-a383-889adb2c6ac8,Jaipur,460.93,0,0,294.28,none,0
T0031868,2026-01-20 11:40:48.808280,user_0636,efreeman@oksbi,rogersjohn@ibl,1336.63,11,d0725b5c-a281-4044-af96-288295d82980,Chennai,1274.46,0,0,1398.66,none,0
T0029071,2026-01-19 13:15:05.185372,user_0513,mwaller@ybl,laura16@okhdfcbank,670.1,16,1c0f0bdc-ac7e-437c-94cc-1e2a5e4cb287,Ahmedabad,634.04,0,0,385.95,none,0
T0010822,2026-01-07 06:08:49.032387,user_0362,penanicole@paytm,angelahall@paytm,1309.17,12,b5a6571c-4fa5-435e-90cc-460428b26b1b,Mumbai,745.86,0,0,285.8,none,0
T0056231,2026-02-04 04:28:33.383266,user_0417,johnwilliams@ibl,fhardy@paytm,419.61,9,27cb6f2a-8da0-4097-be0f-051b1b66b5a9,Jaipur,390.11,0,0,4523.73,none,0
T0006975,2026-01-06 06:08:16.986450,user_0143,heather06@paytm,nbaker@ibl,411.9,0,2e9ce8ff-084a-4c4b-9146-8cdcf7164b73,Pune,385.44,0,0,294.73,none,0
T0045088,2026-01-23 13:24:49.185314,user_0607,aliciathompson@oksbi,amymays@okhdfcbank,1416.55,14,4758367b-a649-4cdc-907b-907265e58f34,Pune,1199.85,0,0,295.41,none,0
T0052978,2026-01-26 15:29:43.894204,user_0355,julie87@ibl,ellisyvonne@oksbi,1104.7,6,6c4c450b-623a-40fc-9326-7d25234b4562,Bengaluru,1166.07,0,0,1088.72,none,0
T0025953,2026-01-12 17:34:50.455282,user_0045,david68@ibl,christopher68@okhdfcbank,1781.76,18,7e570ddf-8270-40a8-a369-b584ff5e9ff0,Mumbai,1895.02,0,0,648.87,none,0
T0025412,2026-01-16 19:13:57.989572,user_0743,denisesmith@ybl,joyce73@okhdfcbank,555.42,14,f4e95734-5052-4700-a077-96a38685abaa,Ahmedabad,624.7,0,0,1048.64,none,0
T0028115,2026-01-15 02:04:56.796332,user_0137,tonyavega@paytm,fferguson@ibl,384.08,10,19985f15-ff00-4d4d-9020-59e4ff9ab5c2,Ahmedabad,411.31,0,0,151.32,none,0
T0017092,2026-01-08 23:24:25.123468,user_0003,carolynsmith@ybl,kyle77@paytm,672.68,14,5380b904-688c-4015-aab9-7e494f2d4796,Hyderabad,602.92,0,0,74.72,none,0
T0000475,2026-01-01 00:19:21.306775,user_0316,loweelizabeth@paytm,moorestephanie@ibl,804.2,13,781799ff-b49e-44cc-8243-69e72387eaf6,Bengaluru,1061.27,0,0,19.36,none,0
T0058014,2026-01-27 16:58:21.097147,user_0499,michelle04@okhdfcbank,randallking@ybl,1008.3,16,ccf3a171-56dc-4907-ba6c-34ab6712303a,Kolkata,699.71,0,0,1303.1,none,0
T0041206,2026-01-27 00:03:07.360355,user_0649,gnguyen@okhdfcbank,ramirezmelissa@okhdfcbank,309.26,10,6e3c4532-1434-4f62-acac-028cba220065,Delhi,262.44,0,0,106.08,none,0
T0032788,2026-01-20 10:43:38.306157,user_0018,ldoyle@ybl,ewalsh@okhdfcbank,1144.27,22,bd5ff093-c16f-4bcc-a243-bed754ec3f33,Mumbai,709.72,0,0,40.39,none,0
T0018073,2026-01-11 06:06:04.755571,user_0389,teresacampbell@paytm,bruce74@ibl,1827.43,14,929d6377-1cfb-455f-82c4-2e488cbadae5,Lucknow,1612.47,0,0,337.15,none,0
T0058115,2026-01-31 21:13:25.159266,user_0641,nguyendebra@okhdfcbank,jamie02@oksbi,1086.19,13,37bb3eec-4bf5-4b52-b09d-258c27a0c3d7,Mumbai,1536.71,0,0,226.61,none,0
T0048162,2026-01-27 20:07:21.639068,user_0547,cgallegos@paytm,amywhite@oksbi,1043.51,23,eb6c1016-cee6-44d0-9dac-6e8345241ea6,Mumbai,1106.69,0,0,279.09,none,0
T0052006,2026-01-27 05:57:12.274788,user_0783,robert72@oksbi,emcclain@paytm,1357.97,14,2812859a-1337-439e-8d4f-5d272c7f0b79,Jaipur,983.52,0,0,412.68,none,0
T0010674,2026-01-06 12:36:15.521306,user_0045,david68@ibl,thomasarmstrong@oksbi,1498.36,6,7e570ddf-8270-40a8-a369-b584ff5e9ff0,Mumbai,1895.02,0,0,1355.44,none,0
T0049958,2026-01-19 06:40:08.271979,user_0025,julieparker@ibl,jasongibbs@ybl,767.35,8,436e3c49-770e-49db-b092-d40143675d58,Bengaluru,809.13,0,0,30.77,none,0
T0038691,2026-01-20 16:21:55.209793,user_0750,chensusan@oksbi,parkerdavid@ybl,509.88,8,ec1b8ca1-f91e-4d4c-9ff4-9b7889463e85,Jaipur,612.41,0,0,3541.84,none,0
T0028101,2026-01-16 14:08:44.114805,user_0300,stacey84@okhdfcbank,julian07@oksbi,519.0,17,9918ee46-1497-4658-b010-f7197e695d0d,Delhi,460.98,0,0,261.41,none,0
T0002756,2026-01-02 07:50:39.555671,user_0589,hannahking@okhdfcbank,amygonzalez@ybl,863.65,16,a205e54f-b1e8-409d-bc20-b9f24a9c589e,Delhi,736.48,0,0,69.23,none,0
T0024336,2026-01-10 13:19:11.242038,user_0607,aliciathompson@oksbi,stephanie29@oksbi,704.88,7,4758367b-a649-4cdc-907b-907265e58f34,Pune,1199.85,0,1,280.27,none,0
T0042631,2026-01-29 03:28:10.959716,user_0315,eric11@paytm,rodriguezkeith@ibl,1590.03,8,43ad3d62-b17c-4b21-8dbc-2c1ca4afe7bd,Jaipur,1772.55,0,0,124.75,none,0
T0046215,2026-01-22 00:10:42.527748,user_0791,stevensims@ybl,bthompson@paytm,1362.36,10,ab9099a4-35a2-40ae-9af3-05535ec42e08,Hyderabad,1535.54,0,1,494.22,none,0
T0048234,2026-01-22 07:24:42.732155,user_0301,heather69@oksbi,rchapman@oksbi,708.4,14,b02b61c4-a3d7-4628-ace6-6fa2fd5166e6,Hyderabad,1187.78,0,1,248.42,none,0
T0024971,2026-01-15 21:38:06.220746,user_0177,millerbrian@ibl,garrisontimothy@oksbi,462.53,15,497ec6d1-081f-46dc-b8d9-a88aef0bea4f,Chennai,467.21,0,0,79.57,none,0
T0003882,2026-01-02 21:40:49.051368,user_0076,markkline@oksbi,teresa76@oksbi,290.87,23,edcb8cb6-0692-4c63-9424-aed51bac5c15,Bengaluru,324.82,0,0,221.65,none,0
T0038908,2026-01-19 18:19:30.634767,user_0577,alison83@ybl,cathyhendricks@okhdfcbank,1492.75,16,cac4d0eb-3373-430e-bc31-a5971f119c0f,Lucknow,1294.02,0,1,523.82,none,0
T0001216,2026-01-02 09:59:34.027664,user_0691,keith09@ybl,michellewilson@okhdfcbank,1622.87,12,64953d5f-0cb4-4891-988d-f23b3ccff6eb,Mumbai,1100.43,0,0,167.41,none,0
T0013453,2026-01-03 02:47:38.546137,user_0326,craignicolas@paytm,efowler@ibl,1973.83,23,861b4f5b-45a0-4539-ade8-370ace9e9ebd,Bengaluru,1275.28,0,0,223.22,none,0
T0034336,2026-01-25 14:39:04.875383,user_0020,qknox@okhdfcbank,christinaholmes@ibl,1390.64,7,f8f58a26-1924-4644-af52-7666b23909f4,Bengaluru,1238.02,0,0,533.22,none,0
T0001239,2026-01-01 18:06:20.656001,user_0203,nhayes@paytm,jennifer19@ybl,426.9,20,453b45fe-636c-4499-9254-aad3809cd839,Chennai,221.99,0,0,1086.34,none,0
T0015010,2026-01-06 05:28:59.324297,user_0186,qfoster@ibl,charlesmiller@paytm,845.8,11,ef69a980-5ad4-49ef-a36f-a890cc21cbdb,Chennai,898.47,0,0,1761.18,none,0
T0054369,2026-01-23 10:47:03.932954,user_0045,david68@ibl,twalls@paytm,2164.32,14,7e570ddf-8270-40a8-a369-b584ff5e9ff0,Mumbai,1895.02,0,0,443.15,none,0
T0012032,2026-01-14 21:15:39.891085,user_0084,ywhite@okhdfcbank,derek48@ibl,1114.31,20,8a4b8f7c-2147-4a15-bcce-96f6250a4578,Jaipur,1231.18,0,0,616.4,none,0
T0038242,2026-01-25 15:27:39.930486,user_0534,carlho@oksbi,manningrobert@ibl,261.38,7,d2938e6e-ff4d-4930-b3b0-fb536f75ee8a,Ahmedabad,316.14,0,0,1020.19,none,0
T0023855,2026-01-06 18:50:32.077965,user_0326,craignicolas@paytm,lisa81@ibl,1315.63,16,861b4f5b-45a0-4539-ade8-370ace9e9ebd,Bengaluru,1275.28,0,0,304.52,none,0
T0024472,2026-01-13 04:12:48.849257,user_0211,wilkinsonmichele@ibl,sarah18@paytm,388.56,7,5780be17-12fe-4c2b-9acf-42c5f3a02120,Hyderabad,374.23,0,0,1472.75,none,0
T0023411,2026-01-16 06:00:17.584157,user_0067,aaronpowers@okhdfcbank,turnerphillip@oksbi,648.56,21,71299889-a01a-4992-bf9d-3e64c1a6423b,Hyderabad,703.07,0,0,175.67,none,0
T0001686,2026-01-03 00:59:42.749661,user_0513,mwaller@ybl,browndana@ibl,1201.48,0,db9eb2e6-18f4-46dd-9071-ce940ff48fe8,Delhi,634.04,1,1,31.19,geo_jump,1
T0051641,2026-01-26 10:58:09.746531,user_0779,andersonkylie@ibl,acox@ybl,2835.66,14,9c678393-2ced-4c0d-b173-04b5c1dd484a,Kolkata,2566.44,0,0,362.06,none,0
T0019775,2026-01-14 06:57:59.760858,user_0585,wilsonsteven@ibl,lancecarr@okhdfcbank,753.89,19,84182d35-3e71-4433-bd90-b81afbe0e6b8,Bengaluru,1024.75,0,0,211.88,none,0
T0011495,2026-01-05 10:04:45.865158,user_0081,danielhorton@ibl,brittany66@ibl,938.99,19,7af6cd41-99a7-499b-a005-f5e1a97a2846,Mumbai,1880.08,0,0,303.59,none,0
T0030685,2026-01-23 05:43:26.231918,user_0677,kjacobs@oksbi,james68@oksbi,251.22,9,8e969227-72e7-4b51-ae54-ac6d2ff8e87e,Jaipur,237.82,0,0,172.03,none,0
T0035250,2026-01-19 21:25:52.035117,user_0270,robert12@ybl,nicholasking@ybl,869.69,18,97867b12-1328-4726-a4f4-34d6d1e91691,Lucknow,833.38,0,0,906.42,none,0
T0044537,2026-01-24 04:56:03.279006,user_0661,smithann@oksbi,emily07@ibl,657.7,13,2e326567-d284-454e-bebe-c0db9a3a6103,Ahmedabad,562.6,0,0,1016.52,none,0
T0037998,2026-01-22 12:45:47.670418,user_0595,brewertimothy@okhdfcbank,brenda40@paytm,779.24,12,331f63fb-d11f-48c0-a97c-a4fff75d599f,Chennai,839.42,0,0,44.67,none,0
T0035027,2026-01-20 11:02:43.475440,user_0543,leescott@ybl,aschultz@oksbi,258.48,12,a4b1f991-7542-4646-8d37-a539857dd3b3,Delhi,256.73,0,0,600.07,none,0
T0019344,2026-01-11 15:58:01.683070,user_0188,julierobles@ybl,andrealee@okhdfcbank,244.84,11,9d3616a1-08de-4921-a60c-b547e2280fe3,Jaipur,377.12,0,0,192.94,none,0
T0044278,2026-01-23 08:00:45.658284,user_0004,charlene44@ybl,diane90@okhdfcbank,1829.61,13,23a13e20-7fd2-45ee-ac48-436668bd80d7,Bengaluru,1909.89,0,0,284.7,none,0
T0022397,2026-01-10 17:56:13.970638,user_0778,samuelfrost@okhdfcbank,hollowaydonna@paytm,557.01,13,5e09a9ee-af88-4dec-bb1e-143b196f4dfa,Bengaluru,495.12,0,0,232.16,none,0
T0009424,2026-01-05 09:53:53.250797,user_0718,destiny67@okhdfcbank,robinsonbrenda@ibl,1050.79,14,75f8e3a8-7d97-4c0f-bd56-09c4a4461663,Lucknow,1559.81,0,0,1203.52,none,0
T0055012,2026-02-02 22:14:17.737719,user_0734,reyesmarvin@oksbi,alan16@paytm,541.32,9,6319629b-d73e-4bb9-8f9c-a17b8db8dadf,Mumbai,630.34,0,0,800.01,none,0
T0050494,2026-01-23 01:14:41.275341,user_0413,deanna81@ibl,dmeyer@paytm,202.55,22,59e7703a-70aa-4b0d-aa03-8ad4a667b982,Lucknow,166.1,0,1,379.59,none,0
T0015894,2026-01-08 21:32:27.602145,user_0734,reyesmarvin@oksbi,grosscandace@okhdfcbank,800.95,6,6319629b-d73e-4bb9-8f9c-a17b8db8dadf,Mumbai,630.34,0,0,33.26,none,0
T0053189,2026-01-23 07:22:32.645030,user_0761,sullivanjason@ibl,njones@paytm,799.49,15,34885a46-9088-4eaf-8977-6598203c8c25,Chennai,1037.19,0,0,961.85,none,0
T0009902,2026-01-07 01:48:45.586961,user_0170,lukemiller@ybl,carol26@ybl,538.52,15,d18183d1-ac2b-4cfc-85c5-1060991121e7,Pune,872.55,0,0,471.96,none,0
T0050286,2026-01-22 12:23:04.257426,user_0231,nicholasgray@paytm,njohnson@oksbi,513.34,23,23c8afdb-83f8-4f16-a4a4-474c9b33e3a4,Jaipur,502.55,0,0,633.61,none,0
T0037228,2026-01-17 15:33:02.658713,user_0430,millscarl@paytm,anna59@paytm,446.79,17,49bc473f-ed7b-4656-a18a-15368c99a894,Kolkata,329.04,0,0,250.47,none,0
T0045598,2026-01-24 18:10:03.051547,user_0565,mramos@paytm,jeffreyparker@okhdfcbank,712.09,21,d6cd3155-08a8-4c7f-8621-38ad0f09105c,Hyderabad,608.95,0,0,25.06,none,0
T0000880,2026-01-01 00:56:25.671454,user_0267,ascott@okhdfcbank,qjones@ibl,1590.18,13,3f8c1097-c4da-4c2e-9bff-a27915c1604f,Chennai,2332.96,0,0,56.43,none,0
T0000421,2026-01-01 04:42:27.151070,user_0309,charles27@okhdfcbank,adrienne20@okhdfcbank,158.71,20,f7e9101d-3f8b-4433-b60e-695c1759ba96,Ahmedabad,174.11,0,0,282.45,none,0
T0041551,2026-01-23 04:38:43.106485,user_0763,joycehall@ibl,kristin98@okhdfcbank,351.62,13,694d7b00-8d38-4327-883f-13c601b158e9,Chennai,461.07,0,0,1059.23,none,0
T0027972,2026-01-13 12:05:45.392827,user_0169,pwilliams@paytm,michellelopez@ibl,640.35,21,81f631d4-a392-41a7-9777-a4774c66e0a8,Lucknow,1068.96,0,0,264.31,none,0
T0048404,2026-01-24 05:18:44.071369,user_0498,pricejoseph@ibl,holly90@okhdfcbank,412.62,11,cfd7f3b9-c68f-4ba5-9e0d-02b5fe7402cd,Delhi,383.56,0,0,30.47,none,0
T0014262,2026-01-11 18:20:17.133822,user_0339,kristen44@paytm,meganschmidt@paytm,352.94,21,30d73df7-1c22-4cea-b355-56a5f2bd92f2,Chennai,367.06,0,1,446.04,none,0
T0026286,2026-01-12 14:57:16.187668,user_0207,xhill@ibl,ghuffman@oksbi,298.67,14,80599b93-79c2-42e4-9ae1-a991524f93ff,Hyderabad,637.44,0,0,62.88,none,0
T0059559,2026-01-26 16:00:30.648920,user_0162,wbarajas@paytm,nicholasmurphy@okhdfcbank,372.85,11,ab9099a4-35a2-40ae-9af3-05535ec42e08,Jaipur,327.42,0,0,961.93,none,0
T0050328,2026-02-04 06:30:41.786820,user_0436,fhebert@okhdfcbank,adamcampbell@ybl,932.01,10,a48e40f1-d042-4dfa-96ab-087a8bc78e81,Delhi,1503.68,0,0,375.26,none,0
T0056967,2026-01-23 06:06:23.883251,user_0570,butlergregory@paytm,lclark@ibl,529.32,12,81627cf1-4394-42e6-9a58-7e8aa25d6b29,Jaipur,581.79,0,0,638.65,none,0
T0038431,2026-01-22 03:35:58.051759,user_0170,lukemiller@ybl,hpatrick@ybl,1256.46,15,d18183d1-ac2b-4cfc-85c5-1060991121e7,Pune,872.55,0,0,1476.88,none,0
T0001096,2026-01-02 08:53:46.892259,user_0321,raymond92@ibl,matthewspatrick@oksbi,419.54,16,97154633-9d4e-4b71-ab2e-c80e4c255823,Delhi,639.46,0,0,1973.78,none,0
T0008606,2026-01-05 22:00:47.650917,user_0703,tracey29@oksbi,eatonmorgan@ibl,558.51,17,ebd34616-91b7-4d8e-9301-6989bfbbb17f,Pune,734.42,0,0,552.43,none,0
T0026953,2026-01-13 00:27:40.075420,user_0645,jared96@ibl,mlee@paytm,754.88,17,71299889-a01a-4992-bf9d-3e64c1a6423b,Ahmedabad,901.26,0,1,573.47,none,0
T0028772,2026-01-19 09:43:38.703297,user_0018,ldoyle@ybl,calebbowman@ybl,867.65,16,bd5ff093-c16f-4bcc-a243-bed754ec3f33,Mumbai,709.72,0,0,938.72,none,0
T0023189,2026-01-14 09:39:53.079200,user_0267,ascott@okhdfcbank,patriciahunter@oksbi,1123.48,12,3f8c1097-c4da-4c2e-9bff-a27915c1604f,Ahmedabad,2332.96,0,1,244.97,none,0
T0054726,2026-01-22 19:45:14.580318,user_0186,qfoster@ibl,juanwhite@ibl,811.21,15,ef69a980-5ad4-49ef-a36f-a890cc21cbdb,Chennai,898.47,0,0,106.94,none,0
T0003762,2026-01-06 01:24:38.571020,user_0523,oreese@ibl,jonesterri@okhdfcbank,611.57,13,57d337d3-4fd8-4bbb-992c-11072444d301,Chennai,1082.43,0,0,2322.33,none,0
T0001408,2026-01-02 18:54:14.295828,user_0534,carlho@oksbi,harrislisa@okhdfcbank,348.06,18,d2938e6e-ff4d-4930-b3b0-fb536f75ee8a,Ahmedabad,316.14,0,0,71.84,none,0
T0014895,2026-01-10 16:47:42.392409,user_0498,pricejoseph@ibl,jasminegriffin@paytm,433.71,11,cfd7f3b9-c68f-4ba5-9e0d-02b5fe7402cd,Chennai,383.56,0,1,2355.63,none,0
T0052714,2026-01-30 13:29:43.998154,user_0253,ecarlson@okhdfcbank,bullockbrian@okhdfcbank,2403.01,18,9feefdff-c566-4a81-b15e-54f6d4d30795,Hyderabad,1960.9,0,0,1930.69,none,0
T0020964,2026-01-14 10:35:59.999631,user_0112,princetravis@paytm,daniel50@okhdfcbank,461.13,19,7b85179a-d5b0-47e0-aa5d-932b45ff2c83,Jaipur,607.8,0,0,41.68,none,0
T0033694,2026-01-15 16:43:21.926469,user_0492,jodylewis@paytm,taylorjerry@ybl,2403.82,13,ccf3a171-56dc-4907-ba6c-34ab6712303a,Kolkata,2140.54,0,0,108.17,none,0
T0007187,2026-01-03 22:00:55.662977,user_0483,michael55@ybl,donna22@ibl,497.34,15,044251db-d0d4-4a67-b992-8faa4cbf131d,Chennai,438.59,0,0,54.86,none,0
T0040271,2026-01-24 20:51:33.192720,user_0146,james73@oksbi,ryanmitchell@ybl,996.94,11,dd59ba71-36b8-4481-bb3a-4e3e7c52fa17,Delhi,1271.12,0,0,1117.79,none,0
T0052042,2026-01-26 22:16:38.509275,user_0488,rodriguezbrian@okhdfcbank,davisyvette@paytm,457.38,14,03c72ba8-d605-4770-8a63-f881ffd0f9d5,Bengaluru,463.23,0,0,109.34,none,0
T0039095,2026-01-21 23:07:00.794623,user_0730,pauladominguez@ybl,kimberlysuarez@paytm,490.4,9,a847bce7-90fa-4b57-a4ac-2130deaf528d,Delhi,759.82,0,0,928.18,none,0
T0036080,2026-01-16 12:08:11.083536,user_0230,mary49@oksbi,ogordon@ibl,1440.85,11,12a1fe7d-dfa5-4722-8a1f-c9df9a591974,Mumbai,1530.03,0,0,135.34,none,0
T0021196,2026-01-10 15:56:42.515471,user_0310,michael94@oksbi,mdixon@ybl,235.92,4,093923de-8bab-4e3b-a628-6bfbe767dcea,Ahmedabad,433.53,0,0,496.79,none,0
T0019467,2026-01-14 06:33:12.599622,user_0529,xjoseph@okhdfcbank,kristinstone@paytm,395.08,12,f065c817-687a-4850-9d9b-62317d45d8ef,Lucknow,467.69,0,0,75.45,none,0
T0002740,2026-01-02 17:23:52.602161,user_0460,jesseshepherd@ibl,marvin69@okhdfcbank,1799.74,14,d4f76322-b362-40d2-a498-8bdecd0254db,Mumbai,1598.12,0,0,70.31,none,0
T0036752,2026-01-14 13:53:44.182187,user_0295,calhounandrea@oksbi,natashahunt@ybl,507.37,20,2a25a888-0f02-4ad0-a706-7ef466aa9385,Lucknow,495.43,0,0,793.27,none,0
T0046689,2026-01-15 08:28:43.185956,user_0525,jackfarmer@okhdfcbank,tayers@paytm,529.67,15,8f0881ee-8011-416b-bae8-8926b423ccde,Chennai,511.68,0,0,117.99,none,0
T0018948,2026-01-05 14:04:16.010060,user_0426,barrettamber@oksbi,znguyen@paytm,823.19,19,497ec6d1-081f-46dc-b8d9-a88aef0bea4f,Chennai,1021.31,0,0,706.1,none,0
T0004946,2026-01-04 21:47:56.009277,user_0599,clarkgina@ybl,mary88@paytm,793.13,20,76876c62-4c61-445e-ba7e-5d9405d1fb63,Lucknow,1113.45,0,0,3299.03,none,0
T0017218,2026-01-06 10:41:17.550096,user_0771,bryanharris@ybl,richard21@ibl,538.35,11,cb08587d-1963-426d-ae21-8b099afd4015,Mumbai,512.96,0,0,62.08,none,0
T0007328,2026-01-07 06:23:19.410315,user_0431,gregoryjohnson@oksbi,galvandavid@oksbi,1591.29,18,b2a6e468-d02b-4243-8091-3ac10463750e,Ahmedabad,1422.21,0,0,1038.45,none,0
T0017096,2026-01-06 09:39:12.862728,user_0771,bryanharris@ybl,tammymiller@okhdfcbank,544.94,22,cb08587d-1963-426d-ae21-8b099afd4015,Mumbai,512.96,0,0,469.75,none,0
T0010025,2026-01-05 07:32:39.464795,user_0794,kjimenez@paytm,olsonjoseph@oksbi,422.76,15,34885a46-9088-4eaf-8977-6598203c8c25,Bengaluru,397.25,0,0,538.97,none,0
T0050187,2026-01-22 22:39:49.316532,user_0656,rgonzalez@ibl,fergusonbrittany@oksbi,330.03,12,cf0df860-ebc9-4914-9176-a9d19a3624d6,Kolkata,438.15,0,0,640.81,none,0
T0023209,2026-01-07 15:34:15.822148,user_0116,jenniferrodriguez@paytm,nhall@ibl,465.39,13,5c9deee0-b42a-4456-8736-5a84725e134d,Lucknow,368.02,0,0,9.53,none,0
T0041109,2026-01-26 04:00:06.657473,user_0212,patriciagonzalez@ybl,joshuahernandez@okhdfcbank,390.01,12,f2e9702d-11e9-4daa-ae69-81a35d3d9e56,Chennai,662.07,0,0,248.93,none,0
T0018871,2026-01-10 01:43:00.496883,user_0348,jamesjustin@ybl,stephenmorgan@ybl,1153.11,8,cf89569d-e550-4736-8780-6e713811b519,Delhi,953.76,0,0,25.32,none,0
T0057080,2026-02-01 13:08:33.547679,user_0799,washingtondarren@ibl,denniswarren@paytm,1658.4,11,e08596db-1d87-4966-8710-d430f071d879,Chennai,1319.75,0,0,852.2,none,0
T0055053,2026-01-30 19:44:17.561481,user_0595,brewertimothy@okhdfcbank,blake42@ibl,846.57,12,331f63fb-d11f-48c0-a97c-a4fff75d599f,Chennai,839.42,0,0,707.02,none,0
T0049077,2026-01-23 15:44:24.106364,user_0696,yorkjoshua@paytm,garrettedwards@ybl,340.5,17,f3abea0d-5be9-4db3-9d92-dd7c0db977a9,Bengaluru,229.99,0,0,1793.52,none,0
T0007927,2026-01-03 16:48:03.561526,user_0514,shane23@ibl,fosternicholas@oksbi,918.04,16,8cc36f3b-c3af-4cfe-b34a-6ca38116e3fc,Kolkata,795.34,0,0,685.54,none,0
T0032317,2026-01-16 08:41:05.107380,user_0630,lisa81@ibl,yhall@paytm,2115.54,20,cac4d0eb-3373-430e-bc31-a5971f119c0f,Mumbai,2481.13,0,0,66.41,none,0
T0011529,2026-01-13 22:28:43.804524,user_0448,diane89@oksbi,acollins@paytm,1115.86,13,cb6ad0c7-a235-4dd4-9355-08d073b5bad5,Chennai,1246.68,0,0,1161.66,none,0
T0028160,2026-01-16 05:03:18.247186,user_0113,nrodriguez@ibl,stewartmichael@ybl,1303.32,14,b28187c4-aa05-4442-a284-e8fd755cee2a,Kolkata,1157.52,0,0,1285.84,none,0
T0029987,2026-01-20 06:22:45.856285,user_0328,jacob43@oksbi,brandonguzman@ybl,140.02,9,e1509425-891f-4683-9e12-dbf1493d6196,Pune,120.89,0,0,196.3,none,0
T0043423,2026-01-26 04:16:20.809850,user_0009,anna99@oksbi,steven30@ybl,136.54,13,b12b6680-7f07-4cb9-afd3-40c0f945f2fd,Kolkata,136.37,0,0,448.69,none,0
T0003420,2026-01-05 02:24:13.567571,user_0291,john02@oksbi,edward70@okhdfcbank,747.83,14,f1738856-e25d-46eb-9e9a-9f83066803ee,Bengaluru,1318.43,0,0,1993.77,none,0
T0050673,2026-01-31 21:12:41.156817,user_0003,carolynsmith@ybl,ncordova@okhdfcbank,483.1,15,5380b904-688c-4015-aab9-7e494f2d4796,Hyderabad,602.92,0,0,1023.52,none,0
T0005370,2026-01-02 06:26:03.305998,user_0162,wbarajas@paytm,afritz@ybl,303.82,18,ab9099a4-35a2-40ae-9af3-05535ec42e08,Jaipur,327.42,0,0,131.12,none,0
T0051510,2026-01-25 20:20:28.940967,user_0441,blackburnsusan@ibl,nguyenmichael@ibl,302.99,16,20156a72-12e1-43a6-932c-ae01d2c65ee4,Pune,466.35,0,1,62.93,none,0
T0002040,2026-01-02 21:43:58.498158,user_0045,david68@ibl,meganpotter@oksbi,3443.03,9,7e570ddf-8270-40a8-a369-b584ff5e9ff0,Mumbai,1895.02,0,0,519.84,none,0
T0005724,2026-01-02 06:41:26.969589,user_0498,pricejoseph@ibl,jacqueline97@okhdfcbank,604.24,13,cfd7f3b9-c68f-4ba5-9e0d-02b5fe7402cd,Hyderabad,383.56,0,1,509.76,none,0
T0035020,2026-01-17 17:30:19.711066,user_0181,nicholsdarlene@okhdfcbank,dianaross@ybl,255.53,15,a981b098-b2cf-452d-a7f3-33b3f7baf55e,Mumbai,617.61,0,0,2164.07,none,0
T0008417,2026-01-06 11:33:09.354376,user_0074,ronald11@ibl,alisoncooper@oksbi,1964.14,15,aaf407f7-0fe7-4149-bc7e-5368b1594847,Mumbai,1735.12,0,0,223.59,none,0
T0012390,2026-01-11 11:50:49.190724,user_0588,ann30@ibl,john04@ybl,637.67,13,47c1c017-6045-4909-936d-47d73e0f84ce,Chennai,968.32,0,0,312.92,none,0
T0044277,2026-01-22 09:00:35.382547,user_0245,jonathanwhite@paytm,lopezkathleen@oksbi,2982.47,14,eededb07-e623-4689-9d59-cd2a4eea04e7,Kolkata,2447.48,0,0,611.49,none,0
T0018903,2026-01-11 10:13:16.415601,user_0071,dawn74@ybl,joshua14@okhdfcbank,598.65,23,98eeac2b-fe9f-4caa-a182-f347533f5a72,Kolkata,884.82,0,1,565.94,none,0
T0018105,2026-01-10 21:19:13.532192,user_0214,hessbeth@ybl,simpsonyolanda@ibl,1212.49,18,439e754c-6930-46ea-a0bd-a1ee5807cf74,Lucknow,839.21,0,0,1209.78,none,0
T0054390,2026-01-27 21:45:39.101704,user_0441,blackburnsusan@ibl,murphydavid@ibl,521.55,21,20156a72-12e1-43a6-932c-ae01d2c65ee4,Pune,466.35,0,1,996.24,none,0
T0030977,2026-01-19 16:27:35.869473,user_0491,shannon05@oksbi,caseyromero@paytm,1104.33,14,f68c62e6-e2a4-4909-a2dd-22d52afaab7b,Delhi,1877.63,0,0,1250.05,none,0
T0059571,2026-02-04 15:49:46.151195,user_0743,denisesmith@ybl,alexanderdaniel@oksbi,243.94,19,f4e95734-5052-4700-a077-96a38685abaa,Ahmedabad,624.7,0,0,331.02,none,0
T0048233,2026-01-30 01:12:47.218512,user_0104,pamela83@paytm,maureen12@okhdfcbank,648.02,8,90ce77e9-7513-43b9-87de-96ea2b0fbe44,Hyderabad,677.64,0,0,478.45,none,0
T0000904,2026-01-01 16:40:27.783430,user_0783,robert72@oksbi,lmann@oksbi,1123.36,10,2812859a-1337-439e-8d4f-5d272c7f0b79,Jaipur,983.52,0,0,479.99,none,0
T0049137,2026-01-28 12:28:21.066205,user_0300,stacey84@okhdfcbank,travisbond@paytm,608.67,15,9918ee46-1497-4658-b010-f7197e695d0d,Delhi,460.98,0,0,237.02,none,0
T0013737,2026-01-07 06:32:02.625662,user_0732,kayla54@ibl,shall@ibl,576.04,15,97777f10-f2d2-493f-8e85-140d0f9aeb70,Bengaluru,864.5,0,0,90.84,none,0
T0058103,2026-01-29 13:47:33.426544,user_0132,qaguilar@oksbi,pfoley@ibl,604.15,9,7a5d7c82-86c5-447c-851a-00393803dcee,Ahmedabad,601.7,0,0,175.21,none,0
T0037733,2026-01-23 15:34:29.952355,user_0100,fmiller@okhdfcbank,spatrick@ibl,780.09,10,604e46cb-3712-42d1-87cd-b6a1bf012e32,Kolkata,1348.16,0,0,28.27,none,0
T0011556,2026-01-11 14:37:24.582172,user_0482,rodriguezrobert@okhdfcbank,leahanderson@okhdfcbank,1309.85,17,9b4e2c24-9479-41e6-8927-7d9b6e0d2648,Bengaluru,1004.67,0,0,167.08,none,0
T0005081,2026-01-02 05:31:45.878414,user_0083,perrybrittany@oksbi,matthew37@ybl,793.07,19,03edd1f8-74f9-4d17-a912-b4bf86a4bae4,Bengaluru,563.8,0,0,473.5,none,0
T0048017,2026-01-27 02:30:12.871964,user_0010,kenneth17@paytm,brewerdiane@ibl,439.25,18,5ab33edf-6e59-4ed3-a8b3-17fa18d0752b,Lucknow,318.5,0,0,731.61,none,0
T0037320,2026-01-23 20:20:16.258370,user_0780,bstrickland@ybl,coxrobert@okhdfcbank,488.58,6,0a0537f0-2c2c-422b-a568-95c6812a1f9b,Lucknow,450.25,0,0,876.83,none,0
T0030697,2026-01-20 10:03:14.836889,user_0018,ldoyle@ybl,sanchezanthony@ibl,1006.03,14,bd5ff093-c16f-4bcc-a243-bed754ec3f33,Mumbai,709.72,0,0,1019.55,none,0
T0058016,2026-02-01 11:55:53.960756,user_0483,michael55@ybl,omcmahon@paytm,355.47,13,044251db-d0d4-4a67-b992-8faa4cbf131d,Chennai,438.59,0,0,812.75,none,0
T0055534,2026-01-26 21:48:50.772329,user_0121,xglass@paytm,trogers@okhdfcbank,985.48,14,a5135ea0-fa53-434d-a6d5-901d8b621d41,Hyderabad,799.24,0,0,208.57,none,0
T0033151,2026-01-23 23:33:33.125676,user_0582,ostone@okhdfcbank,olsonjames@okhdfcbank,864.27,17,a5135ea0-fa53-434d-a6d5-901d8b621d41,Ahmedabad,824.18,0,0,11.68,none,0
T0007097,2026-01-06 14:23:18.070925,user_0111,amy51@oksbi,carolynhoward@paytm,597.16,20,ef0a573d-53d2-456d-9040-158728e213bc,Kolkata,998.14,0,0,721.97,none,0
T0010302,2026-01-08 18:24:23.958689,user_0687,chloe58@paytm,qortiz@ybl,675.75,10,d6312a80-1c61-4ec2-9014-2131750565f5,Pune,575.66,0,0,159.74,none,0
T0021229,2026-01-12 18:14:57.063171,user_0647,gilbertcaldwell@okhdfcbank,alicia15@okhdfcbank,462.01,6,9a069295-3b8d-4447-8e61-065f171b1b80,Chennai,979.37,0,0,1365.71,none,0
T0024077,2026-01-18 00:51:07.176752,user_0444,ashleymeza@oksbi,tina34@paytm,417.11,17,47c68688-ecf3-4053-af36-b8cc13087974,Lucknow,678.96,0,0,2377.5,none,0
T0026909,2026-01-15 22:16:00.097038,user_0376,xevans@oksbi,tamara05@okhdfcbank,4118.69,18,b43bd27f-42a2-49a6-8664-12854303cbc1,Delhi,3124.06,0,0,778.45,none,0
T0056634,2026-01-28 17:28:08.377346,user_0354,cnelson@okhdfcbank,dsteele@oksbi,1105.54,14,bf519362-41a6-4fed-a7ed-c8d8713f8f8c,Pune,774.77,0,0,409.85,none,0
T0012822,2026-01-04 17:27:31.495671,user_0306,laurengutierrez@ibl,bellcynthia@ybl,217.49,0,b7f60cdf-41dc-4c60-a5f6-0735757b6b29,Lucknow,179.92,0,0,1.44,none,0
T0009752,2026-01-05 05:51:09.185221,user_0766,sanchezdeborah@paytm,thouston@ibl,1520.12,23,965befdf-6b4b-4411-8a4a-0e2df22b5b98,Jaipur,940.15,0,1,758.94,none,0
T0021036,2026-01-16 13:56:25.823752,user_0291,john02@oksbi,rhernandez@ibl,1916.45,9,f1738856-e25d-46eb-9e9a-9f83066803ee,Bengaluru,1318.43,0,0,899.61,none,0
T0027395,2026-01-17 04:25:08.990323,user_0503,tcastro@oksbi,george69@ibl,2770.91,12,8a45a905-badf-4397-acf2-6429b8d77d2f,Delhi,3058.12,0,0,1200.38,none,0
T0002706,2026-01-03 13:35:50.532614,user_0479,mpearson@oksbi,lrodriguez@ybl,373.72,9,5e6fea07-c453-4f1d-8199-2fdfb31022f0,Pune,612.16,0,0,423.11,none,0
T0051963,2026-01-31 02:32:41.306121,user_0457,andrew48@oksbi,michael89@paytm,578.56,7,aaf91531-0200-41f0-8768-a84fa76afde6,Delhi,484.11,0,1,1053.37,none,0
T0050209,2026-01-21 07:21:22.301436,user_0360,johnsonrandy@oksbi,townsenddiana@ybl,240.67,16,30e912f2-f2b4-4abf-8441-aefd0299436a,Bengaluru,325.09,0,0,2064.36,none,0
T0045715,2026-02-02 07:54:40.764520,user_0150,jillwilson@ybl,jacquelineyoder@paytm,1689.51,17,1a89b71e-a0d5-42c8-a837-fe68bba205ca,Hyderabad,1311.85,0,0,464.83,none,0
T0012372,2026-01-08 00:56:05.228605,user_0684,steven18@okhdfcbank,ymckee@oksbi,535.57,16,5a5226e6-9d64-4932-8066-853d6de299a1,Delhi,429.59,0,1,942.9,none,0
T0014083,2026-01-09 10:15:25.885481,user_0610,jstein@ybl,greenjoshua@oksbi,215.41,11,b0ae8f08-c31e-4bbc-b36c-b62b892e6161,Jaipur,246.69,0,1,54.15,none,0
T0024994,2026-01-15 07:50:48.659720,user_0792,joshualee@ybl,willievaldez@ibl,1028.29,12,20156a72-12e1-43a6-932c-ae01d2c65ee4,Hyderabad,1161.12,0,0,299.1,none,0
T0039810,2026-01-22 17:44:39.527457,user_0748,imartinez@paytm,isanchez@paytm,281.46,5,aee1e86b-9ea5-46aa-a1ee-6c5bdeef580f,Mumbai,266.78,0,0,428.96,none,0
T0012376,2026-01-08 23:08:30.390065,user_0504,williamssandra@ibl,desireewhite@oksbi,334.91,9,0426fcc9-255b-40e2-bdc2-b74b38a56b49,Lucknow,478.39,0,1,909.46,none,0
T0001101,2026-01-01 00:20:23.816646,user_0736,scottvasquez@paytm,victoriamason@ybl,469.25,15,2a9527f6-f817-4ebf-ab6e-64c5bb8aa843,Hyderabad,731.33,0,0,20.4,none,0
T0012145,2026-01-11 19:43:34.047403,user_0130,glenda22@ybl,tbradley@paytm,863.08,15,6511e61a-1436-45f5-8c81-926079ec533c,Ahmedabad,1112.79,0,0,395.6,none,0
T0044884,2026-01-21 18:22:43.806483,user_0408,novakbianca@ybl,sullivanheather@paytm,233.47,14,771ad655-cdfc-4ee0-a61e-de900267deb3,Hyderabad,473.01,0,1,2245.38,none,0
T0038765,2026-01-14 04:10:10.658766,user_0732,kayla54@ibl,jonesamanda@ybl,1229.84,15,4767d76c-162f-4a24-af43-613cd4aac9a3,Bengaluru,864.5,0,0,1066.37,none,0
T0031307,2026-01-14 09:39:25.763819,user_0417,johnwilliams@ibl,morrisadrian@oksbi,336.67,4,27cb6f2a-8da0-4097-be0f-051b1b66b5a9,Jaipur,390.11,0,0,95.05,none,0
T0036000,2026-01-21 00:12:22.508102,user_0616,cookpamela@okhdfcbank,lauren80@oksbi,142.56,14,f165d779-0154-4950-976d-e21f1b46ebdc,Bengaluru,192.63,0,1,237.45,none,0
T0033416,2026-01-10 11:54:21.978127,user_0148,kimberlybrandt@paytm,james39@ybl,311.16,23,f6ff3521-c225-4530-952a-53459682d9ff,Pune,433.0,0,0,106.02,none,0
T0013170,2026-01-05 21:41:10.908515,user_0412,sarah00@ibl,dsmith@oksbi,471.24,6,e8334da5-de95-4695-b579-c1437ab99428,Mumbai,888.58,0,1,361.08,none,0
T0058556,2026-01-27 15:14:01.782166,user_0193,jason53@ybl,ronaldellison@ibl,507.31,23,b8a6171f-1ee3-4dc4-bb04-8a8b405bfdc9,Mumbai,352.38,0,0,66.34,none,0
T0034051,2026-01-14 19:04:14.839223,user_0526,catherine93@paytm,branchkaitlin@ybl,665.45,14,55c34853-0783-443c-a65f-ad87c57c7498,Pune,822.0,0,0,512.0,none,0
T0010168,2026-01-05 17:19:09.304405,user_0191,davidsmith@paytm,hannahhernandez@paytm,1057.74,12,c9d6a63b-ca3c-4f5f-9bb5-c40c03cde2e3,Delhi,1214.74,0,0,479.13,none,0
T0040085,2026-01-24 17:12:56.310089,user_0432,washingtoncorey@ibl,mike71@paytm,1097.23,10,698c206f-e1a4-4e10-ad53-4dd0cf8ebc5a,Mumbai,1005.24,0,0,74.88,none,0
T0001814,2026-01-03 10:21:27.997452,user_0291,john02@oksbi,bforbes@ybl,981.17,14,f1738856-e25d-46eb-9e9a-9f83066803ee,Jaipur,1318.43,0,1,956.57,none,0
T0044001,2026-01-21 17:38:15.001369,user_0059,turnerdorothy@ybl,andersonshari@oksbi,933.12,13,f3025d16-1eca-4ae9-a5bf-213d9eca381b,Hyderabad,860.77,0,1,218.92,none,0
T0048319,2026-01-22 17:02:36.723824,user_0321,raymond92@ibl,matthew19@paytm,692.16,14,97154633-9d4e-4b71-ab2e-c80e4c255823,Delhi,639.46,0,0,169.42,none,0
T0023424,2026-01-16 18:14:38.157801,user_0655,yschmidt@paytm,angelroberson@oksbi,1116.93,16,f296d9f0-cd23-42c2-abff-e17b532401fc,Pune,367.97,0,0,1.6,mule_burst,1
T0055659,2026-01-24 20:39:55.065508,user_0027,eyork@okhdfcbank,lisamiller@paytm,244.29,8,aee14f87-fcff-49e3-940f-f5896c624c2c,Jaipur,572.95,0,0,350.51,none,0
T0036890,2026-01-14 18:26:01.463790,user_0685,sanchezcrystal@paytm,kingbradley@paytm,207.79,12,31a3ac4d-828c-47e7-87d5-b7be1d30d990,Ahmedabad,258.55,0,0,208.04,none,0
T0000230,2026-01-01 01:04:28.753779,user_0121,xglass@paytm,emily16@ybl,476.54,9,a5135ea0-fa53-434d-a6d5-901d8b621d41,Hyderabad,799.24,0,0,64.48,none,0
T0023667,2026-01-14 20:55:10.481954,user_0564,briannaalvarez@paytm,reevesbrittany@okhdfcbank,352.54,10,b93b17fb-f76d-45fd-bd16-45a0d253d966,Lucknow,279.56,0,0,181.63,none,0
T0039907,2026-01-26 05:04:56.538616,user_0391,christophersmith@oksbi,angela34@paytm,155.34,20,9f8cc29f-fd35-4c5f-9347-9a3b479bc637,Delhi,287.08,0,0,1115.68,none,0
T0034998,2026-01-23 05:44:44.867713,user_0764,johnsondonald@paytm,fullerellen@ibl,63.84,22,b24beb96-c092-4b74-a6b0-7ff60fc79913,Jaipur,74.18,0,0,453.42,none,0
T0047717,2026-01-26 10:22:40.427378,user_0282,morrowthomas@ibl,patricia71@ybl,171.98,17,a04d4d14-197d-4ae1-8bc2-ea720c648ca2,Bengaluru,218.91,0,0,402.94,none,0
T0030656,2026-01-19 04:50:33.735680,user_0746,zmendoza@paytm,ddixon@ibl,523.19,3,b253d218-6c4a-47ea-8906-17f2747b6dba,Pune,750.52,0,0,462.18,none,0
T0057315,2026-01-27 05:47:31.879866,user_0666,thomaslopez@ibl,rrobinson@oksbi,1630.55,10,31274148-7c7c-404e-8422-d03ef29a6339,Delhi,1190.39,0,0,1238.48,none,0
T0031289,2026-01-16 01:44:11.981904,user_0187,wellsamanda@okhdfcbank,idecker@oksbi,266.13,13,310c0c00-3fa7-4104-9bf9-0e27dc96925e,Delhi,651.69,0,0,68.7,none,0
T0047690,2026-01-27 21:18:04.202092,user_0605,crawfordjohn@ibl,fperry@ibl,1064.33,23,cc1b4157-ec9f-4c54-9e0a-72ab7f5db163,Chennai,703.56,0,0,725.94,none,0
T0047636,2026-01-23 20:52:58.170482,user_0648,mwilson@paytm,stacy80@ybl,1217.25,15,98c7472a-864e-4a13-829c-fc0cfa02eaec,Mumbai,1538.86,0,0,485.08,none,0
T0024632,2026-01-10 22:56:04.890399,user_0037,barbaramoore@oksbi,rallen@okhdfcbank,351.75,18,709b7d97-464c-44af-bd3f-3799a07295e9,Ahmedabad,569.4,0,0,973.04,none,0
T0001772,2026-01-02 15:04:39.732869,user_0610,jstein@ybl,james97@okhdfcbank,292.89,6,a21b0307-82af-485c-938d-994c2b0abedd,Lucknow,246.69,0,0,1074.83,none,0
T0018218,2026-01-08 18:28:41.666424,user_0060,cindy26@ybl,beckypierce@ybl,241.23,13,c6ac1b04-dd1d-4cd1-811f-6bf5379ef467,Delhi,220.34,0,0,65.84,none,0
T0049903,2026-01-18 21:42:45.688478,user_0489,mistywilkins@paytm,erin98@okhdfcbank,477.41,22,d28fcf68-c871-47b3-8468-b74d85e3ade5,Chennai,470.23,0,0,872.83,none,0
T0053033,2026-01-31 02:35:24.744912,user_0763,joycehall@ibl,scottryan@oksbi,463.24,20,694d7b00-8d38-4327-883f-13c601b158e9,Chennai,461.07,0,0,482.24,none,0
T0012340,2026-01-05 20:11:48.280386,user_0320,wwhite@oksbi,kelseynguyen@oksbi,580.3,15,788fd0cd-65c0-4b93-88ed-abdd4ef03f80,Mumbai,762.39,0,0,619.6,none,0
T0058935,2026-01-26 20:27:28.692865,user_0694,douglaskelly@paytm,idorsey@paytm,545.36,15,a3595d1f-7fe4-442e-bdb7-88a61cdcc4c2,Delhi,643.6,0,0,277.61,none,0
T0022926,2026-01-15 03:08:54.711241,user_0334,lisale@paytm,millerjulie@oksbi,261.28,6,aaf78c67-51d0-4109-bc90-2838d8741408,Mumbai,207.53,0,0,250.48,none,0
T0034001,2026-01-26 23:42:52.539532,user_0776,bryan42@ibl,riggsjaime@oksbi,1362.43,13,2bd3cdcd-2779-4685-94a5-3fdef10d27c8,Delhi,1410.76,0,0,707.13,none,0
T0017408,2026-01-09 18:32:01.330815,user_0532,aduran@ybl,andrew44@paytm,796.52,16,c5285425-c7a9-433c-a2d8-39d333e4f986,Ahmedabad,683.29,0,0,687.58,none,0
T0056330,2026-02-02 01:42:37.902717,user_0265,eanderson@oksbi,aerickson@ibl,581.56,7,73d39457-b25f-43df-b8d4-9848702ba49f,Lucknow,662.91,0,0,186.77,none,0
T0034143,2026-01-21 20:03:28.644984,user_0521,jessicacannon@paytm,garciakyle@oksbi,516.73,20,38e7e019-fb89-46c8-87ec-fe71d49347fc,Chennai,853.92,0,0,23.07,none,0
T0029318,2026-01-15 14:42:27.280727,user_0324,stephenmartinez@oksbi,barbaracoleman@oksbi,1080.38,22,3f5e3b8c-c058-4da5-a757-075bd47f83b1,Hyderabad,941.81,0,0,669.12,none,0
T0057460,2026-01-30 23:57:01.510012,user_0528,wattsthomas@okhdfcbank,andersonallison@okhdfcbank,616.81,11,033d2bce-575a-4d2c-a5c5-650c8186a576,Delhi,416.54,0,1,526.84,none,0
T0057288,2026-01-27 22:28:41.746301,user_0337,thomassmith@ybl,triciasolis@oksbi,4614.15,13,c88a618e-fed4-457d-bb02-6576f512c4c3,Lucknow,2711.07,0,0,155.75,none,0
T0055427,2026-01-30 16:07:38.379068,user_0152,eugenesingleton@ibl,lyonsrebecca@ybl,14932.93,2,410e10f6-4d33-452b-a7d1-895b423ff3f0,Chennai,1404.59,1,1,153.57,takeover,1
T0056363,2026-01-26 20:48:10.352774,user_0072,steven12@paytm,andrewparsons@oksbi,1365.35,17,4140752c-aa44-4259-9001-8b7b6d4067f4,Chennai,1498.09,0,1,335.49,none,0
T0042847,2026-01-25 13:51:05.343474,user_0174,harrismaria@ybl,brownmary@ybl,1382.39,11,8d536c75-65b9-4e94-8e6d-e263635a775d,Kolkata,1297.48,0,0,157.91,none,0
T0046789,2026-01-26 18:47:21.737862,user_0627,reyeschristopher@paytm,wwilliams@oksbi,970.07,22,9ca3fbb3-ff11-48ba-b6ee-1640723ef466,Kolkata,675.85,0,0,1519.77,none,0
T0043221,2026-01-21 16:37:53.089854,user_0495,scottbrian@ibl,barbaracarter@ibl,693.18,6,1519830c-4019-4303-9c45-7e4da79313b8,Ahmedabad,875.45,0,0,53.11,none,0
T0027537,2026-01-13 22:03:02.877832,user_0536,michelle36@okhdfcbank,lesterbernard@okhdfcbank,148.87,8,bed63da0-8033-45c2-9413-d64db962c8a7,Mumbai,249.99,0,0,886.69,none,0
T0059101,2026-02-07 18:56:44.206370,user_0391,christophersmith@oksbi,kingthomas@paytm,475.43,9,9f8cc29f-fd35-4c5f-9347-9a3b479bc637,Pune,287.08,0,1,1316.05,none,0
T0036634,2026-01-20 00:49:24.483711,user_0700,lwood@paytm,mullenkathryn@okhdfcbank,1694.18,10,268b84b6-3ec0-4285-8bc4-ec0ec2aef674,Mumbai,1960.67,0,0,215.92,none,0
T0001131,2026-01-02 10:56:39.502112,user_0386,rwilliamson@ybl,gardnerstacy@paytm,274.71,11,74eff545-3e65-4603-b8e3-654bfaf14ff0,Pune,221.98,0,0,68.2,none,0
T0012568,2026-01-04 02:19:23.868575,user_0609,zhunter@ibl,hornrobert@paytm,324.29,11,98eeac2b-fe9f-4caa-a182-f347533f5a72,Delhi,289.52,0,0,718.87,none,0
T0004177,2026-01-03 22:11:29.167104,user_0257,thompsonrachel@ybl,jwashington@ibl,126.44,19,042b03ca-75a7-4686-9632-1d31c8acffcf,Mumbai,117.55,0,0,760.28,none,0
T0008910,2026-01-05 13:14:57.604916,user_0716,stephanie69@ybl,emclean@okhdfcbank,1600.19,8,9be71737-06b8-4231-8e86-7f3ca487eeab,Chennai,1580.38,0,0,24.69,none,0
T0034121,2026-01-21 04:49:03.247271,user_0048,ryan25@oksbi,larryballard@okhdfcbank,494.99,12,ce88cb2d-d4e8-4839-bc3e-058be0f3eab0,Bengaluru,609.54,0,0,3.97,none,0
T0027853,2026-01-16 08:51:28.978795,user_0179,rickey76@paytm,marshgina@ybl,988.6,5,453b45fe-636c-4499-9254-aad3809cd839,Pune,779.11,0,0,113.08,none,0
T0057215,2026-01-28 22:18:03.118558,user_0354,cnelson@okhdfcbank,qjohnson@ibl,1131.19,16,bf519362-41a6-4fed-a7ed-c8d8713f8f8c,Hyderabad,774.77,0,1,165.58,none,0
T0005253,2026-01-02 05:56:51.559336,user_0006,dking@ybl,eortega@okhdfcbank,464.26,20,032a461a-df9b-4c1f-aacb-1f6d7549c9f9,Chennai,502.43,0,0,32.06,none,0
T0030864,2026-01-21 08:45:23.329641,user_0572,tammycurry@paytm,fowlerkathryn@paytm,517.67,22,22bf18f5-1f65-4a87-b33e-e3447dbf4bc1,Delhi,1058.21,0,0,615.49,none,0
T0028472,2026-01-14 10:49:32.093191,user_0441,blackburnsusan@ibl,johncombs@ibl,723.54,14,20156a72-12e1-43a6-932c-ae01d2c65ee4,Pune,466.35,0,0,875.51,none,0
T0020759,2026-01-07 08:50:50.513548,user_0632,tdavis@paytm,ijohnson@oksbi,1087.6,14,e8334da5-de95-4695-b579-c1437ab99428,Delhi,1468.29,0,0,185.57,none,0
T0038309,2026-01-24 11:11:25.978526,user_0284,nathanlynch@paytm,eholmes@oksbi,452.08,10,a65be22b-d5a3-46d9-8362-a810a2611b8d,Ahmedabad,299.61,0,0,36.53,none,0
T0031907,2026-01-15 06:36:58.327451,user_0272,melissa69@ybl,iking@okhdfcbank,651.9,9,c9ea356a-7abf-4ebf-942c-b1ae19f738cb,Hyderabad,608.94,0,0,14.78,none,0
T0019584,2026-01-08 17:12:42.175222,user_0089,tiffanysantiago@ibl,riversjeffrey@paytm,1988.28,12,5ef787b8-f2e6-495f-b32e-2016add702c9,Delhi,1207.38,0,0,0.66,mule_burst,1
T0019141,2026-01-07 16:15:35.344183,user_0403,kingdanielle@okhdfcbank,wmontgomery@paytm,2613.16,12,de431e06-e924-4069-80bb-ae526ec01269,Pune,1418.34,0,0,779.33,none,0
T0044511,2026-01-21 11:21:50.536648,user_0617,meyerdonna@okhdfcbank,harrisnicole@oksbi,399.74,1,0ab54bde-20a0-4502-ae06-809725e97977,Jaipur,519.13,0,0,66.77,none,0
T0045864,2026-01-21 18:04:16.885721,user_0051,osmith@paytm,deniseholmes@ybl,411.49,14,fc737d92-11ab-4d11-a4eb-8000ef40d162,Lucknow,489.68,0,0,131.01,none,0
T0022466,2026-01-11 21:43:05.869442,user_0157,charles58@ibl,hoganwilliam@okhdfcbank,342.12,15,0d67d38e-990f-4c5b-adcc-3daf569f3ab3,Lucknow,315.26,0,0,209.24,none,0
T0050954,2026-01-28 14:56:56.058762,user_0645,jared96@ibl,brianrosales@oksbi,216.83,17,b4746349-49fc-4cd8-856b-ad4c4c3077c4,Jaipur,901.26,0,0,1097.28,none,0
T0015832,2026-01-11 07:10:50.812568,user_0385,derrickrodriguez@ybl,kurtbentley@ibl,86.62,10,5230dfbd-5553-42fe-a889-803e5913f9d3,Pune,116.88,0,0,928.29,none,0
T0014517,2026-01-07 12:26:31.907315,user_0682,fnixon@oksbi,kmercado@ybl,1302.44,11,6afa828c-2cd1-4b9f-abe5-841fe9c96c52,Bengaluru,1038.42,0,0,77.68,none,0
T0028593,2026-01-14 15:41:46.199665,user_0312,victorgonzalez@ibl,edwardslaura@oksbi,1626.84,22,e25df9a8-9ca8-45c4-a138-afe08d38bbd8,Chennai,1383.02,0,0,96.02,none,0
T0049821,2026-01-29 14:13:13.544367,user_0521,jessicacannon@paytm,michelle65@okhdfcbank,1044.55,17,38e7e019-fb89-46c8-87ec-fe71d49347fc,Chennai,853.92,0,0,360.98,none,0
T0008499,2026-01-04 17:16:33.481117,user_0637,erodriguez@ybl,adam17@ybl,1218.32,12,502cf0ee-224a-46a6-ac0f-680115b24e1d,Hyderabad,1006.79,0,0,620.28,none,0
T0007790,2026-01-08 13:45:33.751952,user_0041,jessicadodson@ibl,anthonyhernandez@paytm,1244.37,13,50032b35-1857-4baf-bac7-e2b96a7e4c36,Jaipur,1690.9,0,0,36.83,none,0
T0000347,2026-01-02 15:18:22.756798,user_0452,nicholaspierce@ybl,christianhendrix@oksbi,302.69,10,e1cde87f-ec95-4f87-ae5e-c36572eb7474,Mumbai,299.74,0,0,2358.38,none,0
T0006769,2026-01-05 11:43:54.852021,user_0499,michelle04@okhdfcbank,mmiller@okhdfcbank,1148.51,9,ccf3a171-56dc-4907-ba6c-34ab6712303a,Kolkata,699.71,0,0,149.3,none,0
T0025934,2026-01-14 00:05:46.829778,user_0192,fmedina@paytm,rosejennifer@oksbi,837.12,17,24108e9a-3f77-4cae-b318-b96d44790612,Mumbai,710.36,0,0,350.23,none,0
T0023705,2026-01-11 20:00:56.198363,user_0368,brittanybryant@oksbi,olsonjustin@okhdfcbank,267.52,13,2747b93c-9ae7-4eab-884a-67809136f1f8,Pune,247.77,0,1,850.87,none,0
T0045896,2026-02-04 15:54:59.836475,user_0287,daniellegonzales@paytm,banksjames@oksbi,504.2,10,143029a9-d88f-4c94-88b7-63d5e519dd7e,Jaipur,757.42,0,0,1151.62,none,0
T0044468,2026-01-26 01:04:04.268265,user_0701,kimberly37@paytm,anna88@ybl,742.45,11,7eccdaf4-c413-4dc2-85c5-ae8abe15ad12,Jaipur,459.14,0,0,283.87,none,0
T0007130,2026-01-03 04:28:29.059810,user_0749,mathew46@ybl,robertferrell@okhdfcbank,738.39,18,68bd075b-7eb6-481e-a72f-947d816462cb,Mumbai,1076.93,0,0,352.46,none,0
T0021309,2026-01-14 13:30:51.274502,user_0288,melissagalvan@ybl,vanessathomas@paytm,540.77,13,502cf0ee-224a-46a6-ac0f-680115b24e1d,Pune,363.48,0,0,332.38,none,0
T0029823,2026-01-16 18:02:53.878666,user_0441,blackburnsusan@ibl,danielgarrett@paytm,882.36,3,20156a72-12e1-43a6-932c-ae01d2c65ee4,Pune,466.35,0,0,817.08,none,0
T0057248,2026-01-29 21:16:25.537417,user_0773,daughertybarbara@paytm,fwilson@ybl,196.72,17,9293f705-0815-4147-be00-980eae441e21,Chennai,229.54,0,1,1086.02,none,0
T0042054,2026-01-24 20:35:09.361044,user_0606,tgallegos@paytm,lori65@ibl,1305.03,23,4b657bcc-b041-4f19-bbe7-18354e8bf78a,Ahmedabad,1524.14,0,0,376.61,none,0
T0002970,2026-01-04 03:09:59.597798,user_0313,moniqueclark@ibl,james84@ybl,746.07,16,67ce378f-e5a4-483b-a383-889adb2c6ac8,Jaipur,460.93,0,0,1002.89,none,0
T0032242,2026-01-21 05:32:52.796851,user_0502,lopezvincent@oksbi,gregory55@paytm,865.74,9,b1d81887-4739-4c7b-bff3-0c8d83ff3e96,Delhi,839.04,0,0,808.21,none,0
T0050285,2026-01-26 23:49:59.853852,user_0016,jenniferrios@ybl,fosterrobert@ibl,329.61,10,3f6eed9d-23cb-4943-8a84-000350834fef,Ahmedabad,452.11,0,1,106.44,none,0
T0024799,2026-01-19 18:34:06.208779,user_0248,stacey37@paytm,wandaadams@okhdfcbank,1360.78,10,71efe72a-ae13-491e-84fa-4c7239e7a4f1,Kolkata,1702.6,0,0,682.18,none,0
T0030596,2026-01-09 13:19:08.091056,user_0265,eanderson@oksbi,mjones@ibl,800.29,18,73d39457-b25f-43df-b8d4-9848702ba49f,Lucknow,662.91,0,0,190.29,none,0
T0036749,2026-01-23 12:29:42.517324,user_0141,juliahoffman@ybl,qstevens@ybl,89.86,21,e0527739-4d40-4f1b-bca5-be2952171bf3,Lucknow,122.4,0,0,659.56,none,0
T0007272,2026-01-04 15:53:15.935439,user_0104,pamela83@paytm,ujohnson@paytm,783.25,5,90ce77e9-7513-43b9-87de-96ea2b0fbe44,Hyderabad,677.64,0,0,713.51,none,0
T0029421,2026-01-14 15:07:46.770777,user_0645,jared96@ibl,jacob49@oksbi,929.54,14,b4746349-49fc-4cd8-856b-ad4c4c3077c4,Jaipur,901.26,0,0,1164.73,none,0
T0040540,2026-01-17 11:28:15.318287,user_0343,michael84@ybl,adamwilliams@ybl,724.5,10,310c0c00-3fa7-4104-9bf9-0e27dc96925e,Ahmedabad,486.46,0,0,1229.55,none,0
T0034052,2026-01-18 02:25:47.425951,user_0147,kari89@paytm,mitchellaaron@paytm,461.85,18,6e417d47-5ff5-45ea-9bc4-40f14b1a269b,Kolkata,500.25,0,0,579.84,none,0
T0044308,2026-01-30 09:44:27.142541,user_0213,lunapatricia@oksbi,cjackson@ibl,1017.53,14,66d71d97-b193-48b8-ae49-c0799bd0d4c7,Lucknow,946.37,0,0,321.05,none,0
T0052512,2026-01-24 17:57:50.613258,user_0472,wmaddox@ibl,dbray@ibl,602.96,12,567e642e-052d-4b9a-9f58-4603e5a3d8e9,Chennai,522.37,0,0,224.59,none,0
T0044918,2026-01-20 15:57:23.746872,user_0526,catherine93@paytm,bradleyboyd@paytm,931.87,20,a8addf36-ddf2-45eb-a8a3-f341c8819065,Pune,822.0,0,0,85.57,none,0
T0035957,2026-01-20 20:14:55.762812,user_0616,cookpamela@okhdfcbank,ichristensen@okhdfcbank,198.5,10,f165d779-0154-4950-976d-e21f1b46ebdc,Ahmedabad,192.63,0,0,54.6,none,0
T0007258,2026-01-07 07:44:53.345591,user_0241,brittanyholland@ybl,brent63@oksbi,214.56,1,51e744e4-b864-4a08-aa75-752d6a8fcacb,Kolkata,196.82,0,0,784.82,none,0
T0003832,2026-01-02 05:35:32.397487,user_0629,tjensen@okhdfcbank,chaveztina@paytm,763.55,11,58c1aad6-f3f8-4ea4-bf14-eafa29f0ef7c,Chennai,912.08,0,0,378.46,none,0
T0026927,2026-01-20 06:33:48.306672,user_0572,tammycurry@paytm,jbender@oksbi,1069.72,13,68d0a2a8-c4e7-47dd-a929-de738693fd9d,Delhi,1058.21,0,0,40.59,none,0
T0030096,2026-01-14 02:01:33.337881,user_0590,parkerwilliam@paytm,vargasvanessa@ybl,940.34,14,67c0518b-17ef-4621-881c-79d4c27437eb,Pune,780.59,0,0,102.55,none,0
T0033987,2026-01-24 10:25:02.007073,user_0503,tcastro@oksbi,schneidercarla@ibl,2703.11,11,8a45a905-badf-4397-acf2-6429b8d77d2f,Delhi,3058.12,0,0,1108.03,none,0
T0028923,2026-01-17 15:06:39.415793,user_0384,elopez@okhdfcbank,vmorrow@ybl,1794.99,20,4baf0f5e-a932-4094-93f2-8f11147f6570,Mumbai,1589.38,0,0,4456.85,none,0
T0051489,2026-01-24 22:03:41.192887,user_0337,thomassmith@ybl,heather90@ibl,3878.57,21,c88a618e-fed4-457d-bb02-6576f512c4c3,Lucknow,2711.07,0,0,836.44,none,0
T0011672,2026-01-10 18:59:52.475494,user_0752,christopher74@okhdfcbank,hinestimothy@okhdfcbank,464.09,14,20156a72-12e1-43a6-932c-ae01d2c65ee4,Hyderabad,557.31,0,1,1503.62,none,0
T0035065,2026-01-19 09:16:39.176150,user_0080,pmarsh@oksbi,crawfordeugene@paytm,418.52,23,3e2b6091-a092-452a-94a0-57a7b0cc1b3b,Chennai,345.67,0,0,1443.38,none,0
T0005216,2026-01-06 09:34:38.835079,user_0114,jacobconrad@oksbi,istokes@ibl,964.07,4,44d7df9a-238b-45b7-ab64-777c6177a771,Chennai,992.12,0,1,1239.76,none,0
T0057022,2026-01-28 05:43:16.279643,user_0059,turnerdorothy@ybl,qelliott@ybl,1014.17,14,f3025d16-1eca-4ae9-a5bf-213d9eca381b,Hyderabad,860.77,0,0,216.85,none,0
T0043568,2026-01-21 15:03:40.184184,user_0074,ronald11@ibl,colliermichele@paytm,1393.8,14,aaf407f7-0fe7-4149-bc7e-5368b1594847,Mumbai,1735.12,0,0,447.37,none,0
T0057798,2026-02-01 07:35:02.228617,user_0080,pmarsh@oksbi,williamortiz@ibl,387.31,9,3e2b6091-a092-452a-94a0-57a7b0cc1b3b,Chennai,345.67,0,0,1043.46,none,0
T0019557,2026-01-10 03:49:05.884572,user_0669,dennisjones@paytm,marymcconnell@paytm,568.23,6,f836f571-3cce-476c-b836-c448ad261ec5,Lucknow,581.98,0,0,565.92,none,0
T0028144,2026-01-18 08:59:21.567427,user_0793,ginaschmitt@paytm,amywall@ybl,1767.08,16,6e3cdd4f-55b1-45e4-b0b2-7304545cd88d,Delhi,1374.64,0,0,552.0,none,0
T0024786,2026-01-12 10:41:54.377476,user_0039,epowell@paytm,tylerrichardson@ybl,549.17,13,54c63cd8-8945-4f27-97fa-2d8dfb2ca025,Lucknow,625.32,0,0,243.89,none,0
T0013492,2026-01-06 20:20:37.684470,user_0749,mathew46@ybl,jacobsalinas@paytm,1001.73,9,68bd075b-7eb6-481e-a72f-947d816462cb,Mumbai,1076.93,0,0,595.81,none,0
T0006485,2026-01-05 00:36:47.877041,user_0344,andrew15@ybl,tara38@paytm,279.2,8,759cde66-bacf-43d0-8b1f-9163ce9ff57f,Kolkata,586.79,0,1,387.14,none,0
T0040341,2026-01-29 02:19:17.819952,user_0512,robertberry@okhdfcbank,amandaweiss@okhdfcbank,1135.51,14,eec259dc-7f95-497c-a76a-a6ced50755d9,Hyderabad,1110.9,0,0,722.53,none,0
T0020874,2026-01-11 07:13:35.862586,user_0612,kimberly21@oksbi,banksallison@paytm,875.09,11,7eece88d-a002-452a-b88c-ddde3f2086c2,Bengaluru,692.73,0,0,711.92,none,0
T0056885,2026-02-04 02:56:00.843073,user_0730,pauladominguez@ybl,susan36@okhdfcbank,628.53,16,a847bce7-90fa-4b57-a4ac-2130deaf528d,Delhi,759.82,0,1,322.17,none,0
T0024651,2026-01-17 11:19:38.265563,user_0041,jessicadodson@ibl,reginald39@ibl,2132.68,8,50032b35-1857-4baf-bac7-e2b96a7e4c36,Jaipur,1690.9,0,0,89.13,none,0
T0023567,2026-01-19 02:43:51.540881,user_0076,markkline@oksbi,vdixon@okhdfcbank,417.46,13,edcb8cb6-0692-4c63-9424-aed51bac5c15,Bengaluru,324.82,0,0,1495.53,none,0
T0043795,2026-01-22 09:50:20.841641,user_0026,nathan94@ybl,leejasmine@oksbi,637.84,6,4baf0f5e-a932-4094-93f2-8f11147f6570,Kolkata,658.71,0,0,1229.9,none,0
T0027252,2026-01-13 12:26:01.755641,user_0699,reneestevenson@paytm,dkane@okhdfcbank,385.84,13,551ac8ea-585a-4afa-bbfd-cc1289e06ab3,Pune,1055.77,0,0,156.36,none,0
T0027370,2026-01-17 13:30:16.453200,user_0720,aprilbyrd@paytm,sarah62@ibl,893.69,23,1cce08e9-6b6a-4061-881c-8d3185c69fbf,Pune,820.84,0,0,37.49,none,0
T0042338,2026-01-19 20:33:23.458515,user_0790,montgomerymichelle@ibl,katherinewhite@ibl,869.63,17,5da8d6d2-f8b3-4a8b-a05f-b8bc8a16a06c,Lucknow,1033.97,0,0,314.99,none,0
T0010072,2026-01-05 16:57:59.990590,user_0336,dustinhaley@ibl,steelejudy@ybl,1580.58,18,ec4e8cbb-a2aa-478c-a59e-0258814ff657,Chennai,1099.73,0,0,272.81,none,0
T0036081,2026-01-23 14:41:06.446234,user_0519,lonniegrant@oksbi,kshea@paytm,1145.36,22,1777e8cb-7468-4b98-92fe-2fded918b3e5,Chennai,1108.63,0,0,424.31,none,0
T0054411,2026-01-28 17:09:27.458320,user_0080,pmarsh@oksbi,juan09@ibl,500.7,8,3e2b6091-a092-452a-94a0-57a7b0cc1b3b,Ahmedabad,345.67,0,1,7.54,none,0
T0030709,2026-01-16 19:22:07.832241,user_0441,blackburnsusan@ibl,michaelreynolds@okhdfcbank,482.69,21,20156a72-12e1-43a6-932c-ae01d2c65ee4,Pune,466.35,0,0,79.23,none,0
T0034416,2026-01-17 03:13:31.916966,user_0243,ashleymartin@paytm,hbell@oksbi,2740.94,15,3c20592f-c04a-46c4-b3b6-3fe1d1843324,Lucknow,1881.32,0,0,1.55,none,0
T0001841,2026-01-01 22:20:47.969426,user_0192,fmedina@paytm,gabrielawallace@okhdfcbank,669.17,21,24108e9a-3f77-4cae-b318-b96d44790612,Mumbai,710.36,0,0,339.17,none,0
T0026906,2026-01-16 19:28:39.192165,user_0315,eric11@paytm,shannonpaula@oksbi,1662.46,11,43ad3d62-b17c-4b21-8dbc-2c1ca4afe7bd,Jaipur,1772.55,0,0,888.83,none,0
T0003828,2026-01-02 18:14:22.984552,user_0260,princekimberly@ibl,briggsjacob@oksbi,356.94,18,a3209116-222d-46a4-8163-b6ce1877bc06,Ahmedabad,339.57,0,0,1199.17,none,0
T0043364,2026-01-19 13:55:35.483176,user_0484,carrillogary@oksbi,mezajason@okhdfcbank,863.15,11,54bbbcf8-28fe-4761-8d49-fe3f2ca8f783,Delhi,478.34,0,0,99.44,none,0
T0020970,2026-01-10 01:54:10.776947,user_0325,astewart@ibl,olivia76@oksbi,350.56,11,54bbbcf8-28fe-4761-8d49-fe3f2ca8f783,Pune,522.05,0,0,834.52,none,0
T0035936,2026-01-21 22:33:20.484146,user_0057,butleromar@paytm,pattonjordan@oksbi,674.32,12,c63d04ee-541c-4a86-bba5-cd2fdea45c19,Jaipur,561.37,0,1,36.95,none,0
T0031703,2026-01-14 06:27:43.761692,user_0716,stephanie69@ybl,dpowell@oksbi,1798.38,12,9be71737-06b8-4231-8e86-7f3ca487eeab,Chennai,1580.38,0,0,154.44,none,0
T0013996,2026-01-08 20:57:55.634420,user_0128,megan85@paytm,amandacarlson@okhdfcbank,596.42,13,0aeccec7-204d-49da-b156-7f2acef74829,Jaipur,1019.57,0,0,575.0,none,0
T0046883,2026-01-26 11:30:27.857649,user_0218,stevendixon@paytm,courtneyhaas@ibl,2065.92,13,5f89ed12-64d6-4fbf-98c0-1e2bf99f0704,Delhi,2561.28,0,0,845.0,none,0
T0043597,2026-01-22 03:30:30.729218,user_0061,huntchristine@paytm,joneseric@okhdfcbank,807.31,7,f5c9b047-9c10-4572-8f6b-40d09efba58b,Kolkata,522.18,0,0,526.49,none,0
T0057543,2026-01-30 07:52:50.389019,user_0581,sara99@okhdfcbank,brittney28@ibl,1582.91,15,b5cbe3f5-6a66-4184-bde1-bf5daf4847f0,Mumbai,2074.96,0,0,47.12,none,0
T0046032,2026-01-21 21:10:35.956528,user_0758,tracybrown@okhdfcbank,keithjuarez@oksbi,110.55,23,94a1875d-2db6-4edb-82de-ffccf86c2ca2,Ahmedabad,206.29,0,0,151.51,none,0
T0055038,2026-02-06 12:55:36.134869,user_0719,jessicachapman@ibl,pacealan@okhdfcbank,329.02,13,0f5ae9d3-8e6e-4003-a14f-3f12cfd01cbd,Lucknow,792.56,0,1,154.54,none,0
T0021467,2026-01-17 16:14:26.804683,user_0076,markkline@oksbi,wilsongeorge@ybl,339.71,13,edcb8cb6-0692-4c63-9424-aed51bac5c15,Bengaluru,324.82,0,0,117.21,none,0
T0013658,2026-01-10 04:57:17.425110,user_0202,christine35@ybl,bruce30@oksbi,246.13,13,f758dce2-0556-4aea-a7b0-32831d7c0098,Ahmedabad,213.63,0,0,736.96,none,0
T0034876,2026-01-16 05:26:15.396223,user_0181,nicholsdarlene@okhdfcbank,robertboone@ybl,639.21,16,a981b098-b2cf-452d-a7f3-33b3f7baf55e,Mumbai,617.61,0,0,731.84,none,0
T0020717,2026-01-12 21:05:57.458469,user_0735,scottlisa@ibl,andrea90@oksbi,147.21,15,f7315749-4f39-49a8-bd3a-258288b4f474,Pune,397.6,0,0,1588.26,none,0
T0003823,2026-01-05 17:32:14.242174,user_0545,robertoaustin@paytm,erivers@okhdfcbank,950.29,19,a1e518a2-93d2-48d4-a465-5c397d4d2add,Bengaluru,909.77,0,0,220.36,none,0
T0012722,2026-01-07 04:29:01.871764,user_0278,adkinssean@paytm,alvarezscott@okhdfcbank,1218.4,12,ce777f00-ecf2-4e76-8519-7ff4006ed6e3,Kolkata,890.66,0,0,688.53,none,0
T0010571,2026-01-11 07:04:30.704250,user_0280,lauren90@oksbi,bruce65@oksbi,301.69,6,c2492e5e-005f-40e6-95c3-b2dbf374190d,Ahmedabad,334.96,0,0,90.06,none,0
T0033453,2026-01-18 06:54:54.779908,user_0752,christopher74@okhdfcbank,hooperdennis@okhdfcbank,550.16,15,20156a72-12e1-43a6-932c-ae01d2c65ee4,Mumbai,557.31,0,0,87.46,none,0
T0029564,2026-01-20 05:03:45.264139,user_0311,staceyvega@ybl,julie40@oksbi,705.05,13,aaf91531-0200-41f0-8768-a84fa76afde6,Lucknow,741.44,0,0,1425.89,none,0
T0035195,2026-01-17 04:57:02.341109,user_0256,mserrano@ybl,medinataylor@ibl,476.34,9,32a447b2-ef04-457d-8dcc-c33aa9434aa0,Lucknow,688.39,0,0,957.41,none,0
T0038805,2026-01-24 06:15:12.497890,user_0200,jessicafreeman@ibl,maddenhaley@oksbi,538.38,6,670acc5c-b321-4f21-8dd8-eb85b04d3376,Delhi,501.81,0,0,357.03,none,0
T0026444,2026-01-19 19:22:58.899085,user_0756,tom73@oksbi,cameronmarilyn@okhdfcbank,740.48,13,548e1f6b-69ce-4e4e-99a6-92c90d700ea4,Ahmedabad,718.24,0,1,630.42,none,0
T0025537,2026-01-07 23:52:23.656785,user_0739,probinson@ibl,mcbridediane@okhdfcbank,1481.04,7,25637cc3-ca97-4bf5-95d5-96afa663d2cd,Pune,1234.4,0,0,36.2,none,0
T0016082,2026-01-08 14:15:56.680410,user_0384,elopez@okhdfcbank,melindakelly@paytm,1454.07,18,3ae28023-5472-4d2d-b239-9ffb27046f25,Mumbai,1589.38,0,0,559.36,none,0
T0001925,2026-01-01 21:25:52.410329,user_0697,christinahill@oksbi,kenneth50@paytm,207.23,17,541cdfcd-da0d-4a5f-948f-8b74a65bb1f2,Hyderabad,381.81,0,0,12.37,none,0
T0056209,2026-02-04 03:18:25.048216,user_0130,glenda22@ybl,alexanderharrison@okhdfcbank,1864.06,18,6511e61a-1436-45f5-8c81-926079ec533c,Ahmedabad,1112.79,0,0,234.87,none,0
T0003550,2026-01-04 07:49:10.870485,user_0124,william66@okhdfcbank,jonhall@ibl,1230.46,18,b63b4dc3-a559-4463-b9e1-3ceab0cbc61f,Ahmedabad,1446.93,0,0,72.84,none,0
T0034046,2026-01-16 01:50:05.929392,user_0548,sharpdaniel@oksbi,jessica71@oksbi,860.79,21,5be6128e-18c2-4797-a142-ea7d17be3111,Pune,1665.54,0,0,97.98,none,0
T0005117,2026-01-03 23:01:46.433248,user_0613,jamiejohnson@paytm,melanie69@okhdfcbank,1024.65,17,92a54d04-f2dd-41f5-b3b6-d344f2e3c6f0,Chennai,994.6,0,0,162.02,none,0
T0048535,2026-01-24 18:58:03.778410,user_0365,johnsonmichael@oksbi,natasha82@okhdfcbank,758.13,15,e1721c83-ef5e-4376-a723-fb72682b163a,Mumbai,519.63,0,0,59.04,none,0
T0051486,2026-01-28 00:17:28.754127,user_0209,wford@paytm,evansstephanie@okhdfcbank,904.53,8,cc152a1b-e278-4642-a484-e035330faaa3,Ahmedabad,578.44,0,0,123.56,none,0
T0054925,2026-02-02 08:51:21.232789,user_0274,jarnold@ibl,dawsonbradley@okhdfcbank,363.94,22,4fa03f26-f6f7-40cc-a9ec-8e49d1bdb8c0,Delhi,461.33,0,0,66.47,none,0
T0025097,2026-01-15 23:38:34.680270,user_0069,stacychan@ybl,francochristopher@paytm,3402.77,18,8ed8a80d-84cf-4e39-bf31-c29f82bbad84,Kolkata,2969.2,0,0,658.77,none,0
T0034703,2026-01-18 22:25:29.497670,user_0066,haleycastillo@ybl,pramirez@oksbi,103.9,16,3508507a-f622-4842-8402-2b3c508211a5,Lucknow,135.64,0,0,333.67,none,0
T0026117,2026-01-21 17:02:17.158032,user_0107,ann99@paytm,timothy12@ybl,1934.54,15,a748dbcf-ac61-4e63-8dde-29a6baa4b71a,Bengaluru,1784.21,0,0,69.47,none,0
T0046451,2026-01-21 22:24:27.625431,user_0790,montgomerymichelle@ibl,ann83@ibl,1500.09,12,5da8d6d2-f8b3-4a8b-a05f-b8bc8a16a06c,Lucknow,1033.97,0,0,138.55,none,0
T0058524,2026-02-02 02:36:35.828431,user_0292,sheakimberly@oksbi,tracie83@ibl,92.4,11,8de1596c-5a9a-406a-96f1-42a206b919aa,Mumbai,223.86,0,0,184.28,none,0
T0024856,2026-01-11 09:27:27.275106,user_0526,catherine93@paytm,michael99@oksbi,1484.96,11,a8addf36-ddf2-45eb-a8a3-f341c8819065,Pune,822.0,0,0,284.64,none,0
T0052360,2026-02-02 05:35:36.657090,user_0352,martinjeremy@okhdfcbank,christhomas@okhdfcbank,787.86,20,750d112e-8164-4eec-a4ab-851bf1fac6e7,Chennai,871.94,0,1,29.48,none,0
T0000780,2026-01-01 10:52:39.110704,user_0466,michael66@ybl,bennettabigail@ybl,869.44,14,fbe94499-dbc0-40fd-86fb-7bf300b9d4a3,Chennai,760.07,0,0,652.65,none,0
T0019514,2026-01-17 21:45:22.417650,user_0264,brianna91@paytm,lynchmark@okhdfcbank,353.29,16,a2a9d4d8-102e-4de5-a5cc-8bf738ab854c,Ahmedabad,385.33,0,0,338.73,none,0
T0012467,2026-01-05 23:53:44.810881,user_0461,duncanashley@ibl,holly88@okhdfcbank,317.63,22,0cb5ee5c-62f5-47c2-8706-fec248fa4e98,Pune,353.19,0,0,174.81,none,0
T0056448,2026-02-01 20:15:19.828320,user_0572,tammycurry@paytm,maria28@okhdfcbank,927.55,20,22bf18f5-1f65-4a87-b33e-e3447dbf4bc1,Delhi,1058.21,0,0,318.1,none,0
T0009816,2026-01-05 12:18:35.599543,user_0394,riveramegan@ibl,jmarshall@okhdfcbank,838.95,17,a995ecc3-6f5b-49a6-8ff1-c51f915cb31b,Bengaluru,600.1,0,0,37.82,none,0
T0039013,2026-01-23 17:22:24.948604,user_0212,patriciagonzalez@ybl,nanderson@okhdfcbank,671.89,23,f2e9702d-11e9-4daa-ae69-81a35d3d9e56,Chennai,662.07,0,0,912.9,none,0
T0053078,2026-01-27 06:31:08.586667,user_0113,nrodriguez@ibl,pjohnson@paytm,719.16,16,b28187c4-aa05-4442-a284-e8fd755cee2a,Kolkata,1157.52,0,0,385.36,none,0
T0002932,2026-01-04 07:13:03.049995,user_0455,caitlin82@ibl,richardhart@okhdfcbank,1520.79,15,2e326567-d284-454e-bebe-c0db9a3a6103,Ahmedabad,1134.15,0,0,943.58,none,0
T0055518,2026-01-27 08:01:28.026562,user_0390,jenniferacosta@ibl,jenkinstina@okhdfcbank,1259.32,11,292bd156-db94-4570-9ac7-0ec0ab8ddeb4,Delhi,1163.09,0,0,149.5,none,0
T0003353,2026-01-02 07:12:21.009750,user_0126,shawn22@ybl,cookyvonne@ibl,851.6,11,5d71a898-6497-4593-892e-8c93d105c8d6,Ahmedabad,1019.57,0,0,149.02,none,0
T0040146,2026-01-20 18:21:54.981557,user_0026,nathan94@ybl,shermanrobert@paytm,655.07,15,4bbe4aff-9326-4ffd-9be4-bf5192698698,Kolkata,658.71,0,0,583.32,none,0
T0022157,2026-01-07 11:18:45.315650,user_0132,qaguilar@oksbi,aunderwood@paytm,224.78,12,7a5d7c82-86c5-447c-851a-00393803dcee,Ahmedabad,601.7,0,0,5.46,none,0
T0028539,2026-01-12 04:10:46.751288,user_0181,nicholsdarlene@okhdfcbank,kathyrodriguez@paytm,414.14,21,a981b098-b2cf-452d-a7f3-33b3f7baf55e,Mumbai,617.61,0,0,323.14,none,0
T0030480,2026-01-12 18:59:07.033217,user_0351,esweeney@paytm,kayla11@paytm,1805.25,9,170d7507-05ee-41d4-bf53-a88e4efc8248,Pune,1826.06,0,0,516.96,none,0
T0036943,2026-01-19 16:00:46.801020,user_0299,hansenwesley@ybl,simmonsjames@okhdfcbank,263.72,7,a847bce7-90fa-4b57-a4ac-2130deaf528d,Lucknow,349.25,0,0,275.25,none,0
T0054482,2026-01-26 02:48:58.090047,user_0028,delacruzbrandy@ybl,jill48@ibl,625.88,19,dc3f42e0-fcf7-4842-9edf-3bfad12e0eb5,Mumbai,505.96,0,0,477.36,none,0
T0041859,2026-01-30 13:09:47.641609,user_0168,willie87@paytm,jamesbarnes@oksbi,564.32,15,5cd8fe1a-dafe-48a9-bc71-e0bef3579560,Chennai,641.32,0,1,24.31,none,0
T0018694,2026-01-09 09:25:27.687860,user_0669,dennisjones@paytm,russelldavid@ybl,436.24,17,f836f571-3cce-476c-b836-c448ad261ec5,Lucknow,581.98,0,0,428.45,none,0
T0000624,2026-01-01 01:45:35.370758,user_0581,sara99@okhdfcbank,thomasblack@paytm,599.51,20,b5cbe3f5-6a66-4184-bde1-bf5daf4847f0,Mumbai,2074.96,0,0,105.59,none,0
T0007022,2026-01-07 06:34:58.391954,user_0705,ptownsend@oksbi,yhopkins@ibl,650.26,0,0986bbeb-f23e-423d-8b9b-d93423c86d30,Pune,844.83,0,0,91.04,none,0
T0006430,2026-01-02 15:01:42.143755,user_0739,probinson@ibl,jsmith@okhdfcbank,1181.53,7,25637cc3-ca97-4bf5-95d5-96afa663d2cd,Pune,1234.4,0,0,413.51,none,0
T0002483,2026-01-05 08:48:14.136432,user_0425,kimberly35@oksbi,sheltontiffany@ibl,269.45,16,93829b43-922f-415a-a1e3-db63ef7ddc76,Hyderabad,250.16,0,0,310.26,none,0
T0016042,2026-01-09 07:35:19.749144,user_0023,jessica82@paytm,archerbridget@ibl,430.33,5,1e38f711-e2ec-43f4-bba1-aed944cdbfdd,Pune,823.58,0,0,290.03,none,0
T0019160,2026-01-07 16:40:10.812881,user_0540,richjohn@oksbi,tylergreen@okhdfcbank,491.04,10,6a36af18-06d3-4b93-ae33-688d597e6845,Lucknow,419.4,0,0,254.72,none,0
T0000452,2026-01-01 08:35:48.472746,user_0294,aprilmclaughlin@ybl,kelleycarlos@okhdfcbank,532.49,17,a7dc2bc0-bd9c-4693-b6ca-1127e9f87970,Ahmedabad,433.96,0,0,515.81,none,0
T0015782,2026-01-10 16:32:11.968300,user_0254,nicholasanderson@paytm,bryantstephanie@paytm,263.96,22,2c33350c-73b9-41d8-92f5-131ada52d2ee,Chennai,227.78,0,0,114.7,none,0
T0016100,2026-01-09 10:47:41.807173,user_0546,vaughnrebecca@paytm,loweryashley@ibl,1042.87,13,94a1875d-2db6-4edb-82de-ffccf86c2ca2,Kolkata,981.44,0,0,231.96,none,0
T0045730,2026-01-26 08:34:17.455104,user_0493,ana92@ibl,martineric@paytm,584.95,13,b7b8c1a5-9a45-493d-b227-890e4e76833a,Hyderabad,447.65,0,0,2849.11,none,0
T0042030,2026-01-24 04:13:36.296485,user_0703,tracey29@oksbi,mpacheco@okhdfcbank,754.94,12,ebd34616-91b7-4d8e-9301-6989bfbbb17f,Pune,734.42,0,0,1647.24,none,0
T0041347,2026-01-23 02:15:28.061096,user_0227,dharrison@ybl,xedwards@oksbi,929.62,14,5bd93609-b297-4782-bcf4-74aace63cb1a,Pune,1004.32,0,1,75.81,none,0
T0015865,2026-01-11 13:39:49.189659,user_0783,robert72@oksbi,hunterdawn@okhdfcbank,830.46,19,2812859a-1337-439e-8d4f-5d272c7f0b79,Jaipur,983.52,0,0,333.41,none,0
T0047843,2026-01-24 14:57:06.475911,user_0065,benjamincrawford@okhdfcbank,michaelking@okhdfcbank,704.33,13,f10c718b-1eb0-438a-a75d-d5af3c365296,Hyderabad,678.96,0,0,297.41,none,0
T0010843,2026-01-06 12:16:46.529832,user_0606,tgallegos@paytm,david76@ybl,1502.54,12,f5b78cc7-e6b3-4944-8b32-3e357922bac2,Ahmedabad,1524.14,0,0,530.75,none,0
T0045900,2026-01-23 16:20:44.635267,user_0137,tonyavega@paytm,garciadana@oksbi,375.06,13,19985f15-ff00-4d4d-9020-59e4ff9ab5c2,Ahmedabad,411.31,0,0,419.18,none,0
T0055775,2026-01-25 11:14:34.824425,user_0142,williamrobles@paytm,eriddle@paytm,1054.17,19,c6ac1b04-dd1d-4cd1-811f-6bf5379ef467,Chennai,817.66,0,0,79.46,none,0
T0017513,2026-01-10 18:17:58.024405,user_0235,shawdon@oksbi,brownamanda@ibl,882.94,13,9a1de644-815e-46d1-bb8f-aa1837f8a88b,Pune,719.38,0,0,59.73,none,0
T0027504,2026-01-15 00:19:06.721508,user_0103,petersenlatoya@oksbi,richard21@okhdfcbank,242.63,19,0123a348-638a-4df6-adf7-2cd3979aa051,Chennai,398.27,0,0,219.83,none,0
T0003357,2026-01-02 05:55:04.940850,user_0035,lawrencebrown@oksbi,gomezcaleb@okhdfcbank,1171.23,12,bd1531c8-3764-4bda-b108-d4482f65fafa,Chennai,1322.48,0,0,1229.56,none,0
T0004666,2026-01-04 23:36:57.812733,user_0759,victor70@paytm,timothyrodriguez@ibl,151.35,7,8991b01a-a2b0-4c4b-bc96-6b552f8d8ded,Delhi,230.62,0,0,233.91,none,0
T0005708,2026-01-05 04:45:02.374247,user_0227,dharrison@ybl,monicawood@okhdfcbank,1122.22,10,5bd93609-b297-4782-bcf4-74aace63cb1a,Hyderabad,1004.32,0,0,225.31,none,0
T0002393,2026-01-01 02:18:32.352035,user_0180,ystewart@ybl,matthew65@oksbi,1029.01,18,8a4b8f7c-2147-4a15-bcce-96f6250a4578,Chennai,1040.97,0,0,55.69,none,0
T0055833,2026-01-28 19:08:46.570279,user_0439,colonjoseph@paytm,rosemaureen@ybl,222.09,12,22b5f457-1860-4d28-90af-b235ade68f51,Hyderabad,2112.92,0,0,770.52,none,0
T0051863,2026-01-26 14:46:08.354662,user_0304,olsonjonathan@okhdfcbank,whitechristine@ybl,466.27,21,61a66444-e2af-4629-9efb-336e2f546033,Jaipur,429.69,0,0,2.99,none,0
T0047319,2026-01-21 19:58:58.177376,user_0420,mario74@ybl,sheri18@ibl,1322.99,16,5a5226e6-9d64-4932-8066-853d6de299a1,Pune,1401.85,0,0,0.53,mule_burst,1
T0055909,2026-01-22 20:48:56.252720,user_0409,jbarker@oksbi,kellycooper@oksbi,1004.02,21,46fde062-a33d-47af-9701-410d3f4b1a70,Jaipur,944.75,0,0,717.85,none,0
T0058732,2026-02-06 16:07:35.937917,user_0391,christophersmith@oksbi,uwheeler@ybl,286.11,23,9f8cc29f-fd35-4c5f-9347-9a3b479bc637,Delhi,287.08,0,0,1123.98,none,0
T0054918,2026-02-04 02:19:19.283418,user_0328,jacob43@oksbi,othomas@okhdfcbank,102.45,17,e1509425-891f-4683-9e12-dbf1493d6196,Pune,120.89,0,0,475.79,none,0
T0009253,2026-01-04 07:35:52.825744,user_0051,osmith@paytm,melissacastillo@ibl,824.77,16,b0b63bcf-0860-4833-879d-0cdaf396ea37,Lucknow,489.68,0,0,1110.47,none,0
T0031339,2026-01-13 08:04:59.501788,user_0351,esweeney@paytm,richard57@oksbi,1858.82,17,170d7507-05ee-41d4-bf53-a88e4efc8248,Pune,1826.06,0,0,619.84,none,0
T0045132,2026-01-26 11:38:11.256205,user_0706,kbarber@ybl,robin57@okhdfcbank,177.49,16,9ca3fbb3-ff11-48ba-b6ee-1640723ef466,Mumbai,192.76,0,0,289.14,none,0
T0031937,2026-01-14 18:56:04.753113,user_0119,tamarasmith@ybl,plong@oksbi,177.57,16,5380b904-688c-4015-aab9-7e494f2d4796,Lucknow,258.1,0,0,231.61,none,0
T0031626,2026-01-21 14:25:46.682291,user_0334,lisale@paytm,ryanaustin@ybl,280.35,19,aaf78c67-51d0-4109-bc90-2838d8741408,Mumbai,207.53,0,0,546.83,none,0
T0053901,2026-02-03 03:06:48.312501,user_0703,tracey29@oksbi,jgilbert@ybl,932.73,10,ebd34616-91b7-4d8e-9301-6989bfbbb17f,Lucknow,734.42,0,1,605.11,none,0
T0057917,2026-01-26 01:52:33.566518,user_0360,johnsonrandy@oksbi,westjoshua@ibl,249.38,12,30e912f2-f2b4-4abf-8441-aefd0299436a,Bengaluru,325.09,0,0,451.09,none,0
T0020258,2026-01-14 22:03:33.286742,user_0107,ann99@paytm,ecook@ibl,1762.86,12,a748dbcf-ac61-4e63-8dde-29a6baa4b71a,Bengaluru,1784.21,0,0,491.79,none,0
T0008793,2026-01-02 21:40:02.319346,user_0012,michelle44@ibl,nmeyer@okhdfcbank,1731.57,14,16de66c9-6210-4ef6-ba9c-43081221cddf,Jaipur,1796.07,0,0,367.91,none,0
T0051775,2026-01-16 12:03:42.296937,user_0037,barbaramoore@oksbi,katherinedaniel@oksbi,284.09,9,709b7d97-464c-44af-bd3f-3799a07295e9,Ahmedabad,569.4,0,0,505.04,none,0
T0040473,2026-01-16 05:40:21.775451,user_0217,philip94@okhdfcbank,carterkristin@ibl,1297.34,13,27aa7cbc-2337-4bbc-bffe-77c839feb99c,Kolkata,1008.32,0,0,1636.04,none,0
T0021335,2026-01-19 00:08:33.300226,user_0221,katherinetaylor@paytm,rogertodd@oksbi,592.82,11,b5a6571c-4fa5-435e-90cc-460428b26b1b,Pune,380.32,0,0,296.29,none,0
T0029742,2026-01-18 15:49:29.038215,user_0747,fernandezaaron@okhdfcbank,kevinburke@okhdfcbank,144.95,9,ae455cc6-b88e-430f-9e1e-994ac5a11f5c,Chennai,128.4,0,1,242.14,none,0
T0024596,2026-01-14 21:24:38.251204,user_0299,hansenwesley@ybl,clarkdavid@okhdfcbank,409.45,0,a847bce7-90fa-4b57-a4ac-2130deaf528d,Lucknow,349.25,0,0,315.31,none,0
T0012660,2026-01-04 16:59:18.319996,user_0220,melaniedrake@oksbi,jackson43@ybl,3236.13,20,a9e27ba9-952e-4abb-94dd-5061555736f8,Ahmedabad,2607.34,0,0,285.89,none,0
T0019155,2026-01-11 06:31:52.705089,user_0034,kimberlyfreeman@okhdfcbank,woodcrystal@okhdfcbank,1820.42,9,95831d58-ef4c-4119-8da5-d39b42c21797,Chennai,1403.38,0,0,410.23,none,0
T0013784,2026-01-06 12:50:36.068067,user_0505,matthew62@oksbi,thomas26@paytm,1003.76,13,72f60958-12ef-4101-a082-786fca00ef58,Jaipur,1134.43,0,0,11.71,none,0
T0017755,2026-01-04 03:46:12.599223,user_0205,lindsey62@ybl,bcrawford@paytm,633.48,15,8de1596c-5a9a-406a-96f1-42a206b919aa,Bengaluru,612.41,0,0,607.17,none,0
T0003696,2026-01-02 07:42:14.239482,user_0038,andersonryan@ybl,caleb84@okhdfcbank,664.84,16,94340a03-3f07-4814-91d6-3f78e3e9de99,Chennai,498.57,0,0,536.93,none,0
T0033792,2026-01-15 21:10:12.373611,user_0659,sabbott@ybl,donaldhill@okhdfcbank,771.7,14,5958a499-eeea-463e-a1e8-ac6843e42caf,Chennai,1385.91,0,0,592.49,none,0
T0021532,2026-01-15 05:37:56.406259,user_0521,jessicacannon@paytm,annaoconnor@ybl,571.17,11,38e7e019-fb89-46c8-87ec-fe71d49347fc,Chennai,853.92,0,0,150.08,none,0
T0034151,2026-01-19 04:39:20.525130,user_0514,shane23@ibl,debrarichards@oksbi,768.94,12,8cc36f3b-c3af-4cfe-b34a-6ca38116e3fc,Kolkata,795.34,0,0,279.52,none,0
T0049045,2026-02-02 13:53:36.359143,user_0512,robertberry@okhdfcbank,samantha63@oksbi,751.63,8,eec259dc-7f95-497c-a76a-a6ced50755d9,Hyderabad,1110.9,0,0,222.17,none,0
T0029300,2026-01-18 15:50:41.958735,user_0184,kristin49@ybl,dylan46@oksbi,1446.56,9,3c20592f-c04a-46c4-b3b6-3fe1d1843324,Jaipur,1643.58,0,0,137.52,none,0
T0041462,2026-01-25 16:39:56.305452,user_0181,nicholsdarlene@okhdfcbank,hunter61@okhdfcbank,852.74,15,a981b098-b2cf-452d-a7f3-33b3f7baf55e,Mumbai,617.61,0,0,259.37,none,0
T0055462,2026-02-02 01:24:48.111207,user_0746,zmendoza@paytm,danielewing@oksbi,319.21,12,b253d218-6c4a-47ea-8906-17f2747b6dba,Pune,750.52,0,0,1037.57,none,0
T0053680,2026-01-27 11:47:20.747223,user_0622,clarkmichael@ibl,mendezbenjamin@ybl,1705.25,1,29a3b2e9-5d65-4441-9588-42dea2bc372f,Hyderabad,1402.78,0,0,165.35,none,0
T0013318,2026-01-07 06:22:10.054667,user_0794,kjimenez@paytm,enelson@oksbi,506.18,15,34885a46-9088-4eaf-8977-6598203c8c25,Bengaluru,397.25,0,0,1.98,none,0
T0054405,2026-01-29 00:40:45.620883,user_0364,davidroberson@paytm,nelsonaaron@okhdfcbank,834.4,16,4e7ed827-455a-4762-b428-a656b3ee4d3b,Pune,638.36,0,0,312.28,none,0
T0043559,2026-01-17 22:21:22.311881,user_0252,jennifercooper@oksbi,yscott@okhdfcbank,1381.7,17,1f5df912-54e0-4431-8f13-3b65d450afa2,Ahmedabad,1160.09,0,0,989.32,none,0
T0052716,2026-01-26 22:35:24.551329,user_0118,bartonshannon@ibl,castroapril@ibl,874.37,11,86e52753-7c93-46cc-97d7-a560adb14670,Delhi,833.45,0,0,1036.56,none,0
T0015279,2026-01-12 19:06:28.524127,user_0277,kim62@ybl,howelldouglas@oksbi,1202.19,16,7701f7bb-7bc6-4e1f-864e-e6e389c5b31a,Kolkata,1060.92,0,1,441.59,none,0
T0010507,2026-01-08 08:29:44.727314,user_0478,timothygonzalez@oksbi,tfranklin@okhdfcbank,1207.66,18,52961fb3-4d40-4b28-9628-ddcd19dd3e8c,Delhi,1365.1,0,0,4.21,none,0
T0000824,2026-01-01 07:02:33.006291,user_0279,craigromero@okhdfcbank,kyle14@oksbi,429.96,14,9d264599-c4dd-4df5-9aec-56a857311609,Hyderabad,652.77,0,0,422.55,none,0
T0054778,2026-01-23 06:38:24.247320,user_0255,harrismichele@paytm,amyhill@ibl,55.71,13,3508507a-f622-4842-8402-2b3c508211a5,Delhi,167.2,0,0,601.31,none,0
T0012883,2026-01-10 02:43:25.203928,user_0387,blopez@okhdfcbank,james42@oksbi,463.1,19,31a3ac4d-828c-47e7-87d5-b7be1d30d990,Delhi,390.27,0,0,111.13,none,0
T0014994,2026-01-06 01:30:15.851432,user_0497,marshallsierra@oksbi,hholt@ibl,465.75,10,33261887-9058-41df-ae9b-f3e11d27c09a,Pune,629.4,0,0,634.25,none,0
T0008104,2026-01-04 01:16:23.822352,user_0379,robertcastro@ibl,brooksamanda@oksbi,588.81,13,21bddb41-0699-4731-9dcf-8766a93b12cd,Mumbai,644.86,0,0,834.21,none,0
T0006514,2026-01-04 01:00:13.535323,user_0693,sotobelinda@paytm,michaelford@ybl,1087.48,15,ad238d36-dc32-4c97-b9c1-e262f76c8ede,Pune,739.55,0,0,164.74,none,0
T0034976,2026-01-16 07:08:37.312944,user_0136,gonzalezkaren@ibl,annawright@ybl,1057.58,19,1b84edc3-d8e0-49de-8217-ea0e896490ab,Mumbai,1451.93,0,0,21.78,none,0
T0009167,2026-01-05 10:10:45.377641,user_0069,stacychan@ybl,bgordon@okhdfcbank,3398.06,21,8ed8a80d-84cf-4e39-bf31-c29f82bbad84,Kolkata,2969.2,0,0,112.52,none,0
T0038614,2026-01-20 05:28:07.404988,user_0078,ian66@oksbi,dharris@ybl,211.95,20,16591c89-21eb-4aa9-9a2b-d69c450f69ee,Delhi,193.73,0,0,917.78,none,0
T0056460,2026-02-04 01:28:19.861245,user_0102,garciarobert@okhdfcbank,gturner@okhdfcbank,519.68,14,81f76d1c-2dbc-4134-830f-f46e8026695f,Kolkata,597.81,0,0,152.53,none,0
T0006728,2026-01-04 13:55:38.235373,user_0613,jamiejohnson@paytm,kingeric@ybl,634.32,7,92a54d04-f2dd-41f5-b3b6-d344f2e3c6f0,Chennai,994.6,0,0,330.86,none,0
T0035031,2026-01-19 01:57:04.067644,user_0286,jennifer90@ybl,lindsay54@okhdfcbank,1110.46,9,c51155ff-e7a3-4e81-a3b4-c08b6b8e869f,Chennai,1283.45,0,0,956.21,none,0
T0042510,2026-01-27 12:36:55.872086,user_0057,butleromar@paytm,danielsjacqueline@paytm,899.99,15,0a368ce7-dc57-4131-b8e1-daa7cbceabde,Chennai,561.37,0,0,317.13,none,0
T0013810,2026-01-12 16:26:43.195388,user_0219,acox@okhdfcbank,wilsonryan@oksbi,499.82,12,f1b88d65-406f-44d6-9c72-aebd13b11e59,Chennai,393.73,0,0,1168.48,none,0
T0055953,2026-01-28 21:08:26.369529,user_0629,tjensen@okhdfcbank,jeffrey14@oksbi,536.75,8,58c1aad6-f3f8-4ea4-bf14-eafa29f0ef7c,Chennai,912.08,0,0,382.14,none,0
T0046805,2026-01-25 23:35:30.427668,user_0606,tgallegos@paytm,dstafford@ibl,1236.02,13,f5b78cc7-e6b3-4944-8b32-3e357922bac2,Ahmedabad,1524.14,0,0,565.87,none,0
T0015487,2026-01-11 19:24:00.017551,user_0194,gwhitehead@ybl,mcraig@ibl,1199.87,14,adf4e62d-6651-429e-8268-690ba43825b5,Lucknow,1357.64,0,0,307.92,none,0
T0037065,2026-01-21 13:29:24.598990,user_0047,stephen89@okhdfcbank,emorrison@paytm,576.7,15,fb8fe8c4-d8b4-4ead-9360-8edf382b5b86,Hyderabad,573.87,0,0,1987.21,none,0
T0037882,2026-01-22 04:26:44.982149,user_0509,raymondstacy@okhdfcbank,andrew11@ybl,1438.94,19,aa604892-3926-42e9-9b58-eb49c9784b52,Lucknow,1236.46,0,0,541.5,none,0
T0056374,2026-01-31 23:47:21.881140,user_0775,kathrynwatkins@ybl,latashafitzgerald@ybl,574.97,6,5a2837b2-cb83-43f2-bb96-f6022b115c36,Chennai,427.41,0,0,1225.83,none,0
T0050222,2026-01-23 11:35:56.467724,user_0297,shawnpowell@ybl,nicholas38@okhdfcbank,259.43,11,ccf4ffb0-b4bb-473f-ac70-51d1d051267f,Mumbai,373.05,0,0,1036.0,none,0
T0033922,2026-01-20 07:01:02.579252,user_0293,elizabeth69@okhdfcbank,schang@paytm,928.81,15,ebe9e207-4f19-4ec0-832d-4526b3e4110a,Hyderabad,1051.69,0,0,23.09,none,0
T0016991,2026-01-12 19:58:28.760971,user_0369,omills@ibl,richard05@ybl,344.22,18,f8ded777-bb1e-4ae8-97d8-21b8bb93cd40,Mumbai,246.59,0,0,64.04,none,0
T0052976,2026-01-20 05:33:23.572172,user_0489,mistywilkins@paytm,christinavilla@paytm,475.77,12,929d6377-1cfb-455f-82c4-2e488cbadae5,Kolkata,470.23,0,1,1792.87,none,0
T0023401,2026-01-14 11:49:51.025057,user_0007,erica96@ybl,michelle42@paytm,1219.91,16,177d6e7e-07d9-44ce-b8c8-8faea2178f84,Kolkata,1037.93,0,0,354.33,none,0
T0013423,2026-01-06 21:19:12.969165,user_0063,chelseastrickland@oksbi,chenstacey@paytm,901.26,21,1d0bc9bd-e9b5-45cf-9766-5cdafe049059,Kolkata,947.84,0,0,236.49,none,0
T0057556,2026-02-05 01:46:20.983107,user_0432,washingtoncorey@ibl,johnny42@paytm,1139.94,15,698c206f-e1a4-4e10-ad53-4dd0cf8ebc5a,Mumbai,1005.24,0,0,1515.83,none,0
T0015809,2026-01-12 03:01:41.980330,user_0611,matthewwebb@ibl,amyhernandez@oksbi,1812.91,19,7e7838c9-ca55-438b-bc9a-be10238d6f44,Pune,1513.73,0,0,1028.37,none,0
T0019342,2026-01-15 15:36:47.249934,user_0335,angelachase@oksbi,pwells@ibl,1341.84,13,1a432f0a-7daa-49f0-80b6-fce2de53790a,Ahmedabad,1498.89,0,0,311.02,none,0
T0058065,2026-01-21 11:54:18.755573,user_0698,alexis19@ybl,vincentbrent@ibl,3138.09,13,f80b2cea-658e-44a2-9879-cf35f4719986,Mumbai,1971.87,0,0,177.12,none,0
T0005543,2026-01-03 05:11:19.972604,user_0483,michael55@ybl,cassieallen@ybl,341.5,18,044251db-d0d4-4a67-b992-8faa4cbf131d,Chennai,438.59,0,0,906.75,none,0
T0012564,2026-01-04 17:24:04.536925,user_0138,maryvaughn@ibl,veronicabutler@ibl,1105.25,14,e1035e1c-e3bb-42ae-a552-ac5309eda6f5,Kolkata,1132.79,0,0,878.7,none,0
T0049091,2026-01-22 02:32:36.996495,user_0237,jason22@ibl,hillbridget@oksbi,472.18,10,8412a335-d88c-456d-b61e-5fdb1a435206,Hyderabad,510.22,0,1,409.68,none,0
T0015205,2026-01-05 07:31:28.509247,user_0323,shawphillip@paytm,james92@paytm,535.05,17,3922a7e4-2de9-42f8-8d7b-ec04e6e59b32,Kolkata,525.79,0,0,297.54,none,0
T0031765,2026-01-17 22:04:20.619791,user_0515,biancasutton@okhdfcbank,brandon96@okhdfcbank,698.19,19,f11c0ac5-8c0b-493a-9333-5bc9bb635ff5,Lucknow,925.75,0,0,1886.91,none,0
T0017179,2026-01-07 17:07:20.933623,user_0716,stephanie69@ybl,dawsonkeith@paytm,1754.27,10,9be71737-06b8-4231-8e86-7f3ca487eeab,Chennai,1580.38,0,0,1025.92,none,0
T0004316,2026-01-03 04:40:57.514153,user_0465,dmiller@ibl,sanchezronald@ybl,1663.09,19,8603156a-15ea-4bcf-ab10-21ceaa143cd8,Chennai,1289.68,0,1,969.97,none,0
T0028938,2026-01-17 16:27:43.240010,user_0327,nguyenchloe@ibl,annettepeterson@paytm,379.05,16,c1b5b5ca-bc35-46df-94f7-9dbac5811d2d,Bengaluru,562.08,0,0,1064.38,none,0
T0014019,2026-01-08 01:08:01.546809,user_0272,melissa69@ybl,ubenton@oksbi,754.7,9,c9ea356a-7abf-4ebf-942c-b1ae19f738cb,Hyderabad,608.94,0,0,554.85,none,0
T0001059,2026-01-01 03:27:44.528141,user_0021,william28@paytm,angela21@ybl,177.55,14,a981b098-b2cf-452d-a7f3-33b3f7baf55e,Bengaluru,264.07,0,0,207.74,none,0
T0017772,2026-01-10 17:47:31.630167,user_0033,tthomas@okhdfcbank,rachelbernard@ybl,1320.02,15,67ce378f-e5a4-483b-a383-889adb2c6ac8,Kolkata,1085.05,0,0,89.87,none,0
T0040459,2026-01-19 18:34:08.710364,user_0028,delacruzbrandy@ybl,sergio18@ybl,290.14,14,dc3f42e0-fcf7-4842-9edf-3bfad12e0eb5,Mumbai,505.96,0,0,485.73,none,0
T0056781,2026-01-27 15:57:18.655522,user_0207,xhill@ibl,qmeyer@ibl,804.76,6,80599b93-79c2-42e4-9ae1-a991524f93ff,Hyderabad,637.44,0,1,278.95,none,0
T0055962,2026-01-17 17:19:37.016088,user_0138,maryvaughn@ibl,taramyers@okhdfcbank,1442.52,23,e1035e1c-e3bb-42ae-a552-ac5309eda6f5,Kolkata,1132.79,0,0,740.73,none,0
T0039757,2026-01-24 12:29:50.889707,user_0303,susan77@paytm,kimberlydavis@ybl,1222.67,23,0d557b61-8a17-4dfe-bfc0-0dc804f64d86,Chennai,1184.83,0,0,520.14,none,0
T0020800,2026-01-14 04:17:18.649485,user_0777,xjackson@paytm,vanessawillis@ybl,925.76,15,e1fdc6d1-6978-4221-bfb7-5c574b8c031f,Mumbai,1131.6,0,0,353.25,none,0
T0026508,2026-01-14 18:07:14.719217,user_0456,adam33@ibl,trevorlozano@ybl,905.21,15,ae27d432-1dc1-47eb-b11c-767385351a69,Lucknow,1328.06,0,0,745.24,none,0
T0058057,2026-01-27 22:17:40.263729,user_0647,gilbertcaldwell@okhdfcbank,ubradshaw@oksbi,473.72,14,9a069295-3b8d-4447-8e61-065f171b1b80,Chennai,979.37,0,0,899.96,none,0
T0047613,2026-01-29 18:55:24.826174,user_0746,zmendoza@paytm,whitney08@ybl,720.38,16,b253d218-6c4a-47ea-8906-17f2747b6dba,Pune,750.52,0,0,2319.79,none,0
T0007023,2026-01-06 18:31:52.997594,user_0131,jennifer58@oksbi,qbeck@paytm,356.17,11,71efe72a-ae13-491e-84fa-4c7239e7a4f1,Chennai,391.92,0,0,644.29,none,0
T0016689,2026-01-08 02:48:12.519335,user_0717,matthew41@paytm,bradleyerica@ibl,395.35,17,48603b32-b4fb-4eb9-89c1-3de73b4206c5,Jaipur,566.26,0,0,993.96,none,0
T0035699,2026-01-20 05:13:36.777793,user_0435,smithsamantha@paytm,kimberly49@paytm,1074.33,13,bcd4344f-cf8a-468e-b5ba-93573ca87f31,Chennai,781.68,0,0,278.07,none,0
T0032731,2026-01-19 07:35:16.401710,user_0284,nathanlynch@paytm,william36@okhdfcbank,195.6,8,a65be22b-d5a3-46d9-8362-a810a2611b8d,Ahmedabad,299.61,0,0,1581.67,none,0
T0047544,2026-01-26 00:05:40.582586,user_0481,kmorris@paytm,harrisondale@ybl,1312.84,10,5f65c8ce-bd21-4c11-be9d-61ee18b87245,Ahmedabad,806.37,0,0,888.66,none,0
T0000159,2026-01-01 04:12:11.736583,user_0586,mclaughlinjared@ybl,kathy99@ibl,580.73,20,a1a27485-7134-4c2a-b80b-3657117b355b,Pune,462.13,0,0,252.2,none,0
T0026617,2026-01-16 04:15:12.080675,user_0338,oporter@okhdfcbank,sharon38@okhdfcbank,367.13,14,6b790d01-3cf8-4d20-bbad-793f87a1ec02,Delhi,506.48,0,0,171.38,none,0
T0004424,2026-01-04 14:51:07.507177,user_0142,williamrobles@paytm,dmiller@paytm,724.06,16,c6ac1b04-dd1d-4cd1-811f-6bf5379ef467,Chennai,817.66,0,0,316.56,none,0
T0015305,2026-01-10 21:18:25.913138,user_0509,raymondstacy@okhdfcbank,robertgonzales@okhdfcbank,1953.6,10,aa604892-3926-42e9-9b58-eb49c9784b52,Lucknow,1236.46,0,0,880.88,none,0
T0041925,2026-01-23 12:25:45.780505,user_0384,elopez@okhdfcbank,james51@paytm,1094.57,16,4baf0f5e-a932-4094-93f2-8f11147f6570,Mumbai,1589.38,0,0,1228.82,none,0
T0032678,2026-01-27 07:37:54.992182,user_0289,james98@ibl,nicholasgarcia@ybl,320.38,10,97777f10-f2d2-493f-8e85-140d0f9aeb70,Kolkata,311.68,0,0,185.77,none,0
T0041665,2026-01-28 22:10:26.783826,user_0197,yorksarah@ibl,stephanie98@okhdfcbank,357.6,14,1b1f2eb1-6e32-45a8-8bd5-cc86f73936e9,Lucknow,465.88,0,0,117.45,none,0
T0045760,2026-01-27 11:49:32.322586,user_0018,ldoyle@ybl,anne23@paytm,674.44,17,bd5ff093-c16f-4bcc-a243-bed754ec3f33,Mumbai,709.72,0,0,1267.45,none,0
T0003504,2026-01-03 08:59:35.638823,user_0519,lonniegrant@oksbi,calhounbrian@paytm,1586.62,13,74eff545-3e65-4603-b8e3-654bfaf14ff0,Chennai,1108.63,0,0,124.26,none,0
T0008903,2026-01-02 12:50:15.649340,user_0696,yorkjoshua@paytm,gina21@paytm,271.53,12,f3abea0d-5be9-4db3-9d92-dd7c0db977a9,Bengaluru,229.99,0,0,5.07,none,0
T0049304,2026-01-26 18:27:47.983918,user_0653,davislisa@okhdfcbank,dianeallen@paytm,764.4,10,624c69b6-b244-45a7-b7e5-848131c681ec,Jaipur,724.74,0,0,385.4,none,0
T0019506,2026-01-10 20:53:19.470251,user_0464,larsonkevin@ybl,qsanchez@paytm,1247.02,14,f5c9b047-9c10-4572-8f6b-40d09efba58b,Delhi,864.3,0,0,162.36,none,0
T0014270,2026-01-07 02:38:14.854148,user_0556,rhondacunningham@ybl,andrewwolf@okhdfcbank,150.83,11,fa8dae42-ba54-4920-a099-d18087623997,Bengaluru,139.54,0,0,446.6,none,0
T0012688,2026-01-09 16:22:23.741721,user_0657,kevin46@paytm,priscilla11@ybl,208.47,15,370b9a29-0a53-4df9-9a72-083cb266986c,Bengaluru,240.26,0,0,65.37,none,0
T0029615,2026-01-16 10:51:39.339552,user_0721,lawrencesmith@okhdfcbank,edgarmartin@okhdfcbank,587.77,19,34323ec6-b0c4-401c-a9b7-c0fa26c432f6,Jaipur,569.44,0,0,667.72,none,0
T0014600,2026-01-11 11:41:37.419648,user_0111,amy51@oksbi,jonesrobert@oksbi,1176.4,20,ef0a573d-53d2-456d-9040-158728e213bc,Kolkata,998.14,0,0,2585.82,none,0
T0055414,2026-01-21 01:07:13.929793,user_0426,barrettamber@oksbi,cwelch@ybl,1132.04,8,497ec6d1-081f-46dc-b8d9-a88aef0bea4f,Chennai,1021.31,0,0,344.17,none,0
T0016820,2026-01-13 00:27:57.634208,user_0552,heather21@okhdfcbank,katherinelee@oksbi,1.59,16,b2a8d87d-56b4-4a33-a80e-cdd91132eb2a,Bengaluru,2146.15,1,0,2786.66,probing,1
T0031775,2026-01-13 05:17:23.048629,user_0560,roachsusan@ibl,lroberts@okhdfcbank,474.81,13,3c9ad14c-ee0c-4eb5-acfe-db992790cebd,Bengaluru,961.39,0,1,35.5,none,0
T0014221,2026-01-06 19:02:01.991538,user_0169,pwilliams@paytm,garrettwendy@oksbi,962.87,16,14e4180c-fe99-46a3-a2db-c8503c5bf3a7,Lucknow,1068.96,0,0,437.15,none,0
T0034041,2026-01-22 11:00:13.076880,user_0502,lopezvincent@oksbi,michelleharrison@ibl,1119.5,20,b1d81887-4739-4c7b-bff3-0c8d83ff3e96,Delhi,839.04,0,0,201.97,none,0
T0043860,2026-01-24 07:29:17.566431,user_0293,elizabeth69@okhdfcbank,danielsusan@ibl,460.4,23,1d0bc9bd-e9b5-45cf-9766-5cdafe049059,Hyderabad,1051.69,0,0,467.76,none,0
T0050715,2026-01-25 10:47:02.929430,user_0579,webbhaley@paytm,michellerush@ibl,2290.63,16,3da9c2a9-0ed4-4f1a-bd4c-bf374eb93eff,Bengaluru,1654.61,0,0,458.3,none,0
T0005777,2026-01-04 12:19:33.397283,user_0341,lewisjonathan@paytm,rodriguezzachary@okhdfcbank,518.72,15,5a5226e6-9d64-4932-8066-853d6de299a1,Jaipur,499.18,0,0,906.82,none,0
T0013375,2026-01-07 07:13:56.578029,user_0354,cnelson@okhdfcbank,wheelersteven@paytm,463.57,18,bf519362-41a6-4fed-a7ed-c8d8713f8f8c,Pune,774.77,0,0,553.29,none,0
T0020362,2026-01-09 20:18:08.727174,user_0472,wmaddox@ibl,yeseniamoore@ybl,569.66,11,567e642e-052d-4b9a-9f58-4603e5a3d8e9,Chennai,522.37,0,0,1.24,none,0
T0018658,2026-01-09 04:11:29.170288,user_0510,edwardprince@ibl,fgarcia@paytm,980.16,10,398d1ca6-8b68-40b5-9d61-fac36cd5e859,Lucknow,1014.43,0,0,120.55,none,0
T0042096,2026-01-20 07:01:23.535773,user_0701,kimberly37@paytm,austincurry@oksbi,420.28,8,7eccdaf4-c413-4dc2-85c5-ae8abe15ad12,Jaipur,459.14,0,0,175.51,none,0
T0058603,2026-02-02 02:14:43.942532,user_0277,kim62@ybl,shawn13@ybl,1548.42,23,7701f7bb-7bc6-4e1f-864e-e6e389c5b31a,Mumbai,1060.92,0,0,169.41,none,0
T0043386,2026-01-27 20:56:42.027409,user_0057,butleromar@paytm,sarahsmith@okhdfcbank,2659.05,3,28c3d262-86a7-47dd-b6f6-36799928d3f0,Delhi,561.37,1,1,499.77,takeover,1
T0033524,2026-01-20 01:29:27.022820,user_0438,angela65@ybl,hoovercrystal@ibl,808.24,16,ba108217-0ad7-49a2-b277-16ec59fefbbc,Mumbai,698.76,0,0,200.03,none,0
T0015425,2026-01-11 16:32:21.546555,user_0269,brooksjamie@ybl,wellsshaun@paytm,388.78,15,61a11729-3cb9-4350-9b4d-a0fe7bb38605,Lucknow,416.68,0,0,1.48,none,0
T0036906,2026-01-21 19:25:14.918990,user_0509,raymondstacy@okhdfcbank,kayla51@okhdfcbank,1665.19,12,aa604892-3926-42e9-9b58-eb49c9784b52,Lucknow,1236.46,0,0,708.05,none,0
T0040442,2026-01-27 00:02:26.525239,user_0449,umahoney@ybl,wilsonmichael@paytm,1530.59,18,a9ba5a27-907b-4e36-9786-48f864de82e6,Ahmedabad,983.01,0,0,644.33,none,0
T0040744,2026-01-21 18:46:26.373966,user_0520,whitemary@oksbi,woodcolleen@paytm,2397.62,12,2303f6c6-d69d-42f1-ae4c-84ffa8c01f05,Kolkata,2573.89,0,1,526.49,none,0
T0010221,2026-01-09 17:28:26.256820,user_0076,markkline@oksbi,ksawyer@ibl,286.88,19,edcb8cb6-0692-4c63-9424-aed51bac5c15,Bengaluru,324.82,0,0,170.11,none,0
T0019454,2026-01-13 23:05:55.704941,user_0621,ericwilson@okhdfcbank,williamsscott@ibl,2513.49,19,ac93281a-92eb-4ab0-a4ee-c67c1a57f9e4,Lucknow,2466.93,0,0,184.6,none,0
T0020474,2026-01-06 22:22:29.617694,user_0567,brandonhernandez@oksbi,ryanlynch@okhdfcbank,464.06,18,ceae71cf-ce00-4af0-beb0-51817ba24588,Chennai,597.0,0,0,90.73,none,0
T0031699,2026-01-13 07:53:38.216807,user_0186,qfoster@ibl,jessegonzalez@okhdfcbank,769.01,11,ef69a980-5ad4-49ef-a36f-a890cc21cbdb,Chennai,898.47,0,0,168.14,none,0
T0020189,2026-01-10 15:47:26.892811,user_0635,philip55@okhdfcbank,garciaaimee@oksbi,2321.44,16,766ecb15-474e-4c19-aef9-12766c006f61,Ahmedabad,2274.0,0,0,1290.36,none,0
T0035788,2026-01-18 13:07:52.479871,user_0142,williamrobles@paytm,justin42@ybl,866.55,16,c6ac1b04-dd1d-4cd1-811f-6bf5379ef467,Chennai,817.66,0,0,38.0,none,0
T0009475,2026-01-06 10:27:49.916564,user_0718,destiny67@okhdfcbank,michaelbarker@paytm,1614.21,19,75f8e3a8-7d97-4c0f-bd56-09c4a4461663,Lucknow,1559.81,0,0,1473.94,none,0
T0028944,2026-01-20 09:43:27.016804,user_0151,pattersonangela@okhdfcbank,sabrinagallagher@ibl,2244.76,17,f2f5b176-2c41-4bd3-b2f4-44abc1d71f4a,Mumbai,2522.69,0,0,56.34,none,0
T0032728,2026-01-18 22:23:56.594952,user_0661,smithann@oksbi,kennethbaker@ibl,498.38,13,2e326567-d284-454e-bebe-c0db9a3a6103,Ahmedabad,562.6,0,0,443.11,none,0
T0041248,2026-01-21 11:30:55.875611,user_0042,katherine83@ybl,nbooth@okhdfcbank,908.42,7,6e417d47-5ff5-45ea-9bc4-40f14b1a269b,Lucknow,921.39,0,0,552.1,none,0
T0000649,2026-01-02 02:25:51.570651,user_0722,deckeralexander@paytm,pricerebecca@paytm,421.56,11,14296c07-f26b-4776-913e-4de2e0c53cb8,Bengaluru,1153.26,0,0,1585.86,none,0
T0054419,2026-01-18 04:07:38.246761,user_0172,simsjason@okhdfcbank,anthonyoneill@oksbi,528.72,4,f86c3ff9-902c-423b-b645-724e5afe67ee,Ahmedabad,456.28,1,1,25.41,geo_jump,1
T0033919,2026-01-20 23:08:09.950195,user_0469,torresblake@ibl,kristi89@okhdfcbank,2818.74,18,44007d5a-e88d-4719-a624-2b40a5cb63a2,Lucknow,1741.41,0,0,387.89,none,0
T0038060,2026-01-22 23:36:15.654751,user_0463,sthompson@ibl,rachel37@paytm,484.2,9,53cd6268-610c-4373-8299-9aa40cdf742b,Kolkata,823.41,0,0,401.82,none,0
T0016403,2026-01-07 16:59:17.763997,user_0019,matthewreeves@ibl,dmoore@paytm,312.46,7,7e7838c9-ca55-438b-bc9a-be10238d6f44,Mumbai,306.05,0,1,0.38,none,0
T0046301,2026-01-24 04:56:16.169997,user_0205,lindsey62@ybl,peterberg@oksbi,695.65,15,8de1596c-5a9a-406a-96f1-42a206b919aa,Bengaluru,612.41,0,0,194.25,none,0
T0012485,2026-01-10 15:27:39.640823,user_0261,xboyd@oksbi,zmendoza@paytm,519.32,22,286ed390-edd9-4a1a-ba58-5b278ce3e7c3,Delhi,684.82,0,0,184.47,none,0
T0045340,2026-01-25 09:16:20.576107,user_0785,ljenkins@oksbi,thomasharrison@paytm,599.08,20,ae455cc6-b88e-430f-9e1e-994ac5a11f5c,Hyderabad,545.25,0,0,1879.03,none,0
T0018921,2026-01-15 04:43:19.132473,user_0719,jessicachapman@ibl,kimberly50@oksbi,893.22,12,0f5ae9d3-8e6e-4003-a14f-3f12cfd01cbd,Lucknow,792.56,0,0,1791.81,none,0
T0014344,2026-01-07 01:31:43.929955,user_0034,kimberlyfreeman@okhdfcbank,mflores@ybl,1546.17,5,95831d58-ef4c-4119-8da5-d39b42c21797,Chennai,1403.38,0,0,185.34,none,0
T0034092,2026-01-27 09:15:39.099404,user_0287,daniellegonzales@paytm,ffrazier@oksbi,682.76,11,143029a9-d88f-4c94-88b7-63d5e519dd7e,Jaipur,757.42,0,0,299.39,none,0
T0041400,2026-01-16 09:59:27.448472,user_0199,emily41@okhdfcbank,leah25@oksbi,314.43,22,dbd30aec-0b46-4173-80a8-547382425912,Bengaluru,487.65,0,0,604.3,none,0
T0024341,2026-01-19 17:33:56.577446,user_0031,robert22@ibl,joseph40@ybl,609.69,19,1b0c62eb-27c8-4c6c-9be5-a4c395af6d0c,Hyderabad,536.93,0,0,455.13,none,0
T0043921,2026-01-21 04:05:52.461075,user_0464,larsonkevin@ybl,kristin17@oksbi,718.65,17,f5c9b047-9c10-4572-8f6b-40d09efba58b,Delhi,864.3,0,0,192.81,none,0
T0044484,2026-01-23 12:21:46.213510,user_0576,thomas14@paytm,jacobsonbrenda@okhdfcbank,396.39,20,f387e1bd-2d59-42c6-934a-5a2fa7cf705c,Hyderabad,435.29,0,0,96.63,none,0
T0007309,2026-01-05 23:38:32.038300,user_0481,kmorris@paytm,nmiller@ybl,767.31,12,5f65c8ce-bd21-4c11-be9d-61ee18b87245,Ahmedabad,806.37,0,0,994.29,none,0
T0049642,2026-01-28 03:42:16.939334,user_0002,wellsdavid@paytm,littlemark@paytm,447.28,10,2ab7b2ef-8e0e-4033-ac59-1da8fff96acf,Jaipur,602.91,0,0,344.33,none,0
T0020621,2026-01-10 15:39:22.089162,user_0505,matthew62@oksbi,jlopez@oksbi,1468.83,5,72f60958-12ef-4101-a082-786fca00ef58,Jaipur,1134.43,0,0,600.1,none,0
T0027854,2026-01-18 22:00:25.475953,user_0534,carlho@oksbi,mark65@paytm,274.63,10,d2938e6e-ff4d-4930-b3b0-fb536f75ee8a,Ahmedabad,316.14,0,0,309.65,none,0
T0028246,2026-01-15 04:02:16.029254,user_0419,llopez@okhdfcbank,clarkdenise@ibl,327.5,11,9ca3fbb3-ff11-48ba-b6ee-1640723ef466,Hyderabad,328.32,0,0,1857.67,none,0
T0057086,2026-02-06 10:39:01.578856,user_0513,mwaller@ybl,paul82@okhdfcbank,746.54,7,1c0f0bdc-ac7e-437c-94cc-1e2a5e4cb287,Ahmedabad,634.04,0,1,150.38,none,0
T0035466,2026-01-23 18:18:25.795773,user_0018,ldoyle@ybl,fmorales@oksbi,995.74,12,bd5ff093-c16f-4bcc-a243-bed754ec3f33,Mumbai,709.72,0,0,147.04,none,0
T0018209,2026-01-07 07:49:26.354954,user_0258,richamanda@paytm,collinsbrenda@okhdfcbank,302.13,18,65bcc272-fadd-4ea3-aca5-e2fdb966442a,Ahmedabad,671.7,0,0,139.28,none,0
T0043116,2026-01-24 05:45:25.109885,user_0439,colonjoseph@paytm,martinezwilliam@okhdfcbank,352.35,16,22b5f457-1860-4d28-90af-b235ade68f51,Hyderabad,2112.92,0,0,11.4,none,0
T0057591,2026-02-05 10:12:22.521275,user_0344,andrew15@ybl,velazquezandrea@oksbi,672.62,13,759cde66-bacf-43d0-8b1f-9163ce9ff57f,Kolkata,586.79,0,0,432.08,none,0
T0005680,2026-01-03 22:51:54.693114,user_0504,williamssandra@ibl,angelaunderwood@oksbi,521.72,17,0426fcc9-255b-40e2-bdc2-b74b38a56b49,Lucknow,478.39,0,0,2369.92,none,0
T0053639,2026-01-23 17:08:20.618930,user_0550,whitebrittany@ibl,reginajohnson@ibl,1178.22,14,ccac2fb5-1a0c-4c04-93cd-129110042d82,Pune,1153.91,0,0,501.51,none,0
T0045592,2026-01-23 07:17:15.833669,user_0324,stephenmartinez@oksbi,wdixon@ibl,806.65,10,3f5e3b8c-c058-4da5-a757-075bd47f83b1,Hyderabad,941.81,0,0,2486.84,none,0
T0032195,2026-01-22 06:06:47.936094,user_0151,pattersonangela@okhdfcbank,matthew14@paytm,2518.86,16,f2f5b176-2c41-4bd3-b2f4-44abc1d71f4a,Mumbai,2522.69,0,0,60.11,none,0
T0054313,2026-01-22 19:43:03.287756,user_0632,tdavis@paytm,kiddkatherine@okhdfcbank,2341.78,6,e8334da5-de95-4695-b579-c1437ab99428,Delhi,1468.29,0,1,1009.22,none,0
T0031349,2026-01-19 05:00:39.927657,user_0327,nguyenchloe@ibl,jonathan94@paytm,904.13,21,c1b5b5ca-bc35-46df-94f7-9dbac5811d2d,Bengaluru,562.08,0,0,793.71,none,0
T0055008,2026-01-31 15:37:02.172183,user_0209,wford@paytm,bbaldwin@okhdfcbank,719.03,8,cc152a1b-e278-4642-a484-e035330faaa3,Ahmedabad,578.44,0,0,3397.24,none,0
T0006305,2026-01-02 18:48:07.965300,user_0666,thomaslopez@ibl,jonesjill@paytm,1025.57,15,31274148-7c7c-404e-8422-d03ef29a6339,Delhi,1190.39,0,0,454.69,none,0
T0011825,2026-01-05 14:30:58.494496,user_0587,vgutierrez@oksbi,johnsonphilip@oksbi,2487.29,5,66c14dca-8255-4a61-9a3b-031932f57510,Jaipur,2065.85,0,0,1821.24,none,0
T0004509,2026-01-03 07:48:09.024621,user_0502,lopezvincent@oksbi,ohuerta@oksbi,658.17,23,b1d81887-4739-4c7b-bff3-0c8d83ff3e96,Delhi,839.04,0,0,160.65,none,0
T0055226,2026-01-24 02:35:40.412903,user_0255,harrismichele@paytm,rsloan@ybl,226.19,19,3508507a-f622-4842-8402-2b3c508211a5,Delhi,167.2,0,0,1197.27,none,0
T0006243,2026-01-02 11:20:52.460736,user_0318,charlesnathan@ybl,ujohnston@okhdfcbank,868.99,11,22bf18f5-1f65-4a87-b33e-e3447dbf4bc1,Pune,927.28,0,0,1116.32,none,0
T0021879,2026-01-10 04:42:56.180917,user_0207,xhill@ibl,david19@oksbi,692.03,23,80599b93-79c2-42e4-9ae1-a991524f93ff,Hyderabad,637.44,0,0,363.93,none,0
T0011300,2026-01-03 22:17:43.925535,user_0789,davidmoreno@okhdfcbank,gnorton@ibl,274.39,19,c7cfeca8-22b9-424c-a744-3fb881bd55d5,Delhi,309.01,0,0,522.25,none,0
T0058303,2026-02-03 17:51:14.014082,user_0446,emily61@ybl,michellekelley@ybl,924.33,14,287d06ca-6f4c-469a-8b22-d3081c8eaee9,Bengaluru,932.9,0,0,1587.95,none,0
T0018242,2026-01-17 20:13:08.016722,user_0676,lkelly@ibl,dorothyallen@ybl,1073.8,13,24108e9a-3f77-4cae-b318-b96d44790612,Lucknow,772.58,0,0,103.09,none,0
T0001161,2026-01-02 07:18:37.924376,user_0456,adam33@ibl,dbanks@okhdfcbank,773.17,13,ae27d432-1dc1-47eb-b11c-767385351a69,Lucknow,1328.06,0,0,529.47,none,0
T0003710,2026-01-04 01:32:36.557724,user_0754,tguerrero@ybl,michelle00@ibl,571.97,10,68d0a2a8-c4e7-47dd-a929-de738693fd9d,Chennai,572.35,0,0,496.24,none,0
T0016089,2026-01-08 10:06:57.310756,user_0607,aliciathompson@oksbi,seth42@paytm,808.32,15,4758367b-a649-4cdc-907b-907265e58f34,Pune,1199.85,0,0,111.89,none,0
T0028826,2026-01-10 18:05:33.855003,user_0052,jasonjohnson@paytm,nprice@ybl,1195.43,15,9b4e2c24-9479-41e6-8927-7d9b6e0d2648,Bengaluru,1309.91,0,0,119.78,none,0
T0044379,2026-01-19 17:50:53.867817,user_0186,qfoster@ibl,sarahflores@oksbi,1831.6,17,ef69a980-5ad4-49ef-a36f-a890cc21cbdb,Chennai,898.47,0,0,0.96,mule_burst,1
T0014426,2026-01-13 14:47:39.213715,user_0582,ostone@okhdfcbank,gina05@paytm,802.28,20,a5135ea0-fa53-434d-a6d5-901d8b621d41,Ahmedabad,824.18,0,0,632.52,none,0
T0017280,2026-01-07 16:17:13.499399,user_0042,katherine83@ybl,tiffany74@okhdfcbank,905.71,9,614c721d-a921-4b4c-95fb-e976ae007b7e,Lucknow,921.39,0,0,427.32,none,0
T0008748,2026-01-05 10:33:08.539734,user_0311,staceyvega@ybl,linda37@paytm,965.53,15,aaf91531-0200-41f0-8768-a84fa76afde6,Lucknow,741.44,0,0,638.66,none,0
T0003496,2026-01-02 01:20:36.839473,user_0623,joseph49@ibl,smithrebecca@ibl,732.81,21,9132b63e-f162-47e4-a9c3-49e03602f8ac,Chennai,847.74,0,0,852.96,none,0
T0025310,2026-01-10 20:47:11.741495,user_0245,jonathanwhite@paytm,lopeztyler@ybl,1057.94,11,eededb07-e623-4689-9d59-cd2a4eea04e7,Kolkata,2447.48,0,0,774.58,none,0
T0003025,2026-01-03 00:37:30.384469,user_0319,travis94@okhdfcbank,christina10@ybl,421.61,17,3270e4fa-abae-4f43-bcae-8081bdf070aa,Ahmedabad,450.88,0,0,49.17,none,0
T0002803,2026-01-02 16:59:44.395518,user_0648,mwilson@paytm,samantha61@okhdfcbank,1149.55,17,98c7472a-864e-4a13-829c-fc0cfa02eaec,Mumbai,1538.86,0,0,1171.14,none,0
T0051219,2026-01-27 13:58:40.253057,user_0588,ann30@ibl,gomezjesse@ibl,992.18,15,47c1c017-6045-4909-936d-47d73e0f84ce,Chennai,968.32,0,0,954.7,none,0
T0038381,2026-01-20 23:03:37.015142,user_0080,pmarsh@oksbi,hilltravis@paytm,267.26,8,3e2b6091-a092-452a-94a0-57a7b0cc1b3b,Chennai,345.67,0,0,981.73,none,0
T0036436,2026-01-21 10:17:01.048634,user_0391,christophersmith@oksbi,brandonrobinson@okhdfcbank,194.42,10,9f8cc29f-fd35-4c5f-9347-9a3b479bc637,Delhi,287.08,0,0,240.56,none,0
T0011637,2026-01-07 03:01:57.929205,user_0780,bstrickland@ybl,josephguzman@okhdfcbank,476.58,20,0a0537f0-2c2c-422b-a568-95c6812a1f9b,Lucknow,450.25,0,0,293.13,none,0
T0016925,2026-01-09 20:38:02.629340,user_0175,elucas@okhdfcbank,huynhwendy@okhdfcbank,523.78,18,0997623a-e072-4d96-8a1a-81f5ed10f004,Ahmedabad,888.28,0,0,100.6,none,0
T0012176,2026-01-10 10:30:47.351240,user_0416,norrismichael@okhdfcbank,hleonard@ybl,536.02,9,92502e59-13f0-4822-9374-8a1145712959,Bengaluru,474.98,0,0,3080.11,none,0
T0006203,2026-01-02 01:33:37.415065,user_0550,whitebrittany@ibl,christopher18@paytm,1267.46,15,ccac2fb5-1a0c-4c04-93cd-129110042d82,Pune,1153.91,0,0,49.92,none,0
T0018945,2026-01-11 03:38:32.961081,user_0590,parkerwilliam@paytm,marygarcia@okhdfcbank,910.25,16,67c0518b-17ef-4621-881c-79d4c27437eb,Delhi,780.59,0,1,692.29,none,0
T0040562,2026-01-20 19:16:48.357308,user_0783,robert72@oksbi,ashley44@okhdfcbank,901.52,10,2812859a-1337-439e-8d4f-5d272c7f0b79,Jaipur,983.52,0,0,279.73,none,0
T0033684,2026-01-24 03:17:07.757337,user_0649,gnguyen@okhdfcbank,mlewis@paytm,279.64,15,8f158449-4f40-422f-95b0-2530f020e992,Delhi,262.44,0,0,146.57,none,0
T0023035,2026-01-11 20:58:41.580573,user_0336,dustinhaley@ibl,elizabethdavis@oksbi,1783.21,10,ec4e8cbb-a2aa-478c-a59e-0258814ff657,Chennai,1099.73,0,0,507.98,none,0
T0042177,2026-01-21 18:15:35.181091,user_0187,wellsamanda@okhdfcbank,robert31@oksbi,502.33,7,310c0c00-3fa7-4104-9bf9-0e27dc96925e,Delhi,651.69,0,0,319.32,none,0
T0032465,2026-01-12 04:41:01.120132,user_0566,sanchezamy@paytm,tdavis@ibl,364.33,14,06e3f949-8cd3-4c62-8482-9b71ae84b81c,Ahmedabad,730.65,0,0,397.89,none,0
T0058119,2026-02-05 04:39:01.190760,user_0378,laurakelley@oksbi,brendawood@oksbi,394.79,4,aaf91531-0200-41f0-8768-a84fa76afde6,Hyderabad,824.28,0,0,1102.53,none,0
T0051390,2026-01-29 06:44:53.149012,user_0187,wellsamanda@okhdfcbank,wongsamantha@ibl,775.74,23,310c0c00-3fa7-4104-9bf9-0e27dc96925e,Delhi,651.69,0,0,131.71,none,0
T0010148,2026-01-06 01:26:03.037732,user_0488,rodriguezbrian@okhdfcbank,hamptonkathryn@paytm,559.77,14,03c72ba8-d605-4770-8a63-f881ffd0f9d5,Bengaluru,463.23,0,0,21.28,none,0
T0004626,2026-01-05 10:58:29.653764,user_0095,kchristian@oksbi,dmejia@paytm,626.28,13,1d53434b-b881-49b9-ae27-0da702f06b90,Delhi,411.63,0,0,113.37,none,0
T0043781,2026-01-25 10:53:56.719514,user_0538,zcortez@oksbi,ryanskinner@oksbi,1587.01,9,69fb0763-8a9c-46f7-8ee4-e5125802b640,Ahmedabad,1111.95,0,0,39.17,none,0
T0057127,2026-02-06 23:33:44.322164,user_0513,mwaller@ybl,ebrennan@ibl,909.62,14,1c0f0bdc-ac7e-437c-94cc-1e2a5e4cb287,Ahmedabad,634.04,0,0,774.71,none,0
T0015099,2026-01-09 10:59:28.089040,user_0366,michelle78@ibl,clarkchristopher@paytm,166.24,7,af475b49-c775-4395-9494-05f02cd2a404,Chennai,318.7,0,1,725.81,none,0
T0005453,2026-01-01 18:44:20.385542,user_0169,pwilliams@paytm,gregory73@okhdfcbank,743.91,8,14e4180c-fe99-46a3-a2db-c8503c5bf3a7,Lucknow,1068.96,0,0,39.58,none,0
T0031006,2026-01-21 05:18:56.739591,user_0334,lisale@paytm,juliestevens@oksbi,311.81,15,aaf78c67-51d0-4109-bc90-2838d8741408,Mumbai,207.53,0,0,396.44,none,0
T0048592,2026-01-22 09:51:20.017693,user_0797,vwilliams@okhdfcbank,stevewashington@ibl,943.15,9,74bd0c93-8177-4661-b7fe-032c02571851,Delhi,980.88,0,0,1473.34,none,0
T0016309,2026-01-11 09:15:51.786641,user_0425,kimberly35@oksbi,ogilbert@ybl,227.73,17,93829b43-922f-415a-a1e3-db63ef7ddc76,Hyderabad,250.16,0,0,664.05,none,0
T0050016,2026-01-30 09:31:54.957247,user_0490,cooperlinda@paytm,stephanie91@ibl,871.58,18,8f15ba58-fce6-4504-87f8-424daae65fc1,Chennai,1099.83,0,0,159.35,none,0
T0048624,2026-01-31 06:46:42.106658,user_0534,carlho@oksbi,liuveronica@okhdfcbank,489.01,12,d2938e6e-ff4d-4930-b3b0-fb536f75ee8a,Ahmedabad,316.14,0,0,525.73,none,0
T0032847,2026-01-17 02:26:33.829196,user_0645,jared96@ibl,mallory71@ibl,969.84,17,b4746349-49fc-4cd8-856b-ad4c4c3077c4,Jaipur,901.26,0,0,973.46,none,0
T0035544,2026-01-18 15:40:45.621491,user_0592,randy99@oksbi,reynoldsmelissa@okhdfcbank,119.45,18,965befdf-6b4b-4411-8a4a-0e2df22b5b98,Delhi,172.93,0,1,1002.85,none,0
T0032414,2026-01-12 07:20:00.468692,user_0656,rgonzalez@ibl,nlarson@paytm,306.83,13,cf0df860-ebc9-4914-9176-a9d19a3624d6,Kolkata,438.15,0,0,6.52,none,0
T0058648,2026-02-01 03:41:22.245284,user_0741,johnsonchad@okhdfcbank,jameswilson@okhdfcbank,211.04,7,23e2fcb4-72d8-467d-894a-05e430b187ef,Pune,242.79,0,0,267.16,none,0
T0023216,2026-01-13 22:42:36.072972,user_0227,dharrison@ybl,tristan41@ybl,1153.3,16,5bd93609-b297-4782-bcf4-74aace63cb1a,Hyderabad,1004.32,0,0,186.96,none,0
T0005636,2026-01-07 00:52:58.515724,user_0031,robert22@ibl,miguelbrown@oksbi,399.57,10,1b0c62eb-27c8-4c6c-9be5-a4c395af6d0c,Hyderabad,536.93,0,0,36.36,none,0
T0025569,2026-01-12 02:13:36.633405,user_0322,foxrodney@okhdfcbank,hmurphy@paytm,379.49,22,8beb4e78-e683-43a3-bb82-b7963207343e,Jaipur,906.64,0,0,347.76,none,0
T0028427,2026-01-21 07:29:25.098503,user_0185,campbellsara@ybl,ichase@paytm,838.84,11,2e326567-d284-454e-bebe-c0db9a3a6103,Kolkata,727.57,0,1,72.14,none,0
T0032398,2026-01-13 22:23:36.309419,user_0045,david68@ibl,cadkins@paytm,1086.06,8,7e570ddf-8270-40a8-a369-b584ff5e9ff0,Mumbai,1895.02,0,0,175.48,none,0
T0058685,2026-01-19 08:54:17.511134,user_0189,susan24@ibl,flynnshannon@ybl,2934.45,14,ab9099a4-35a2-40ae-9af3-05535ec42e08,Ahmedabad,2486.04,0,0,720.07,none,0
T0031369,2026-01-19 15:25:02.680580,user_0069,stacychan@ybl,lindaross@ibl,2954.94,13,8ed8a80d-84cf-4e39-bf31-c29f82bbad84,Kolkata,2969.2,0,0,658.2,none,0
T0037230,2026-01-20 02:53:19.329718,user_0499,michelle04@okhdfcbank,jefferyjohnson@ybl,465.33,8,ccf3a171-56dc-4907-ba6c-34ab6712303a,Ahmedabad,699.71,0,1,27.78,none,0
T0010532,2026-01-06 05:08:03.385291,user_0371,lindaramos@ybl,joseph98@paytm,152.57,13,ff69723d-584f-485b-a697-384d801e8690,Hyderabad,202.73,0,0,1066.68,none,0
T0028758,2026-01-18 03:19:50.051746,user_0328,jacob43@oksbi,qbartlett@paytm,87.53,20,e1509425-891f-4683-9e12-dbf1493d6196,Pune,120.89,0,0,96.19,none,0
T0038723,2026-01-17 23:53:40.035965,user_0329,thomas95@ibl,brianavargas@oksbi,257.8,14,ad05b912-5ab2-4d4a-8bd8-8fcd57a2be4e,Lucknow,319.84,0,0,214.16,none,0
T0032361,2026-01-14 05:09:36.085152,user_0351,esweeney@paytm,allen09@oksbi,2341.78,14,170d7507-05ee-41d4-bf53-a88e4efc8248,Pune,1826.06,0,0,70.51,none,0
T0016433,2026-01-11 00:39:02.045155,user_0029,kennedyjames@paytm,tinasanders@paytm,1399.8,7,96792482-a3c9-48e4-8d22-38e6c7bf4fbc,Kolkata,1425.12,0,0,166.45,none,0
T0023038,2026-01-22 15:27:36.648653,user_0130,glenda22@ybl,jonesmonica@ibl,1218.08,8,6511e61a-1436-45f5-8c81-926079ec533c,Ahmedabad,1112.79,0,0,103.5,none,0
T0030218,2026-01-16 05:38:31.951725,user_0434,brandon39@oksbi,mercedesmcdonald@ibl,447.3,17,0bc57207-3e9a-4c86-8325-4fbddce8e1c5,Mumbai,461.4,0,0,13.29,none,0
T0020547,2026-01-10 01:09:21.299451,user_0123,dalesandoval@paytm,reyeschelsea@oksbi,250.27,9,52961fb3-4d40-4b28-9628-ddcd19dd3e8c,Lucknow,283.49,0,0,61.12,none,0
T0025678,2026-01-11 15:03:08.773287,user_0461,duncanashley@ibl,brianjennings@okhdfcbank,402.91,5,0cb5ee5c-62f5-47c2-8706-fec248fa4e98,Pune,353.19,0,0,325.56,none,0
T0050988,2026-02-01 14:14:13.818499,user_0631,fbradley@okhdfcbank,garcianathan@ybl,673.3,15,f0f7ad22-c76a-4e0f-88f0-91f09b8b38ae,Delhi,647.15,0,1,360.76,none,0
T0057674,2026-01-22 17:14:08.258532,user_0784,douglasnelson@okhdfcbank,mary34@paytm,656.61,20,7387928a-29a3-4b6d-b9bf-ca38afe9be90,Delhi,424.36,0,0,704.78,none,0
T0011753,2026-01-07 01:30:53.997690,user_0500,yhall@ibl,catherine56@ybl,2036.84,19,22ab7752-c4db-4a62-ae13-418d68ab80ea,Delhi,2139.08,0,0,1081.87,none,0
T0039502,2026-02-01 19:10:32.610033,user_0188,julierobles@ybl,paul41@paytm,330.12,14,9d3616a1-08de-4921-a60c-b547e2280fe3,Jaipur,377.12,0,0,329.82,none,0
T0050384,2026-01-26 16:59:56.729074,user_0705,ptownsend@oksbi,jason09@okhdfcbank,1113.18,22,0986bbeb-f23e-423d-8b9b-d93423c86d30,Pune,844.83,0,0,111.71,none,0
T0046584,2026-02-01 05:50:29.122013,user_0213,lunapatricia@oksbi,lambkenneth@ybl,1207.83,16,66d71d97-b193-48b8-ae49-c0799bd0d4c7,Lucknow,946.37,0,1,676.02,none,0
T0000892,2026-01-01 18:52:11.401098,user_0357,jessicastanley@ybl,garciatiffany@ibl,1345.83,11,42378962-e4fd-4c34-9670-7a2129dc073e,Bengaluru,990.97,0,0,1132.19,none,0
T0002962,2026-01-01 16:28:55.050772,user_0402,sharon20@ibl,robert44@oksbi,279.94,16,741b77f5-4c24-4053-a7f5-ae02af5b8f47,Hyderabad,481.53,0,0,125.08,none,0
T0003149,2026-01-02 13:27:25.546216,user_0787,burtonkimberly@oksbi,anthonygilbert@ibl,279.43,12,7a3a6e96-23ff-43d3-bb4f-b88a2f4dd219,Mumbai,234.93,0,0,419.83,none,0
T0010053,2026-01-09 19:39:49.432758,user_0380,twright@ibl,pricebrian@paytm,970.48,16,61ee411a-1bac-47a7-b386-f7a4c991603f,Delhi,699.9,0,0,1569.74,none,0
T0041384,2026-01-20 23:26:51.101926,user_0355,julie87@ibl,mevans@ybl,961.52,19,6c4c450b-623a-40fc-9326-7d25234b4562,Bengaluru,1166.07,0,0,345.9,none,0
T0029720,2026-01-11 15:24:43.048489,user_0632,tdavis@paytm,williamhammond@ybl,774.26,13,e8334da5-de95-4695-b579-c1437ab99428,Delhi,1468.29,0,0,215.28,none,0
T0016234,2026-01-11 17:03:14.223263,user_0435,smithsamantha@paytm,brianwilliams@paytm,867.48,5,bcd4344f-cf8a-468e-b5ba-93573ca87f31,Chennai,781.68,0,0,668.62,none,0
T0051439,2026-01-26 18:47:10.774484,user_0323,shawphillip@paytm,christophermitchell@ibl,504.13,16,3922a7e4-2de9-42f8-8d7b-ec04e6e59b32,Kolkata,525.79,0,1,306.36,none,0
T0004801,2026-01-05 23:47:14.813674,user_0092,rreed@ybl,ricardo61@okhdfcbank,335.83,5,1b0c62eb-27c8-4c6c-9be5-a4c395af6d0c,Pune,423.55,0,0,2240.21,none,0
T0014064,2026-01-08 02:54:18.327797,user_0696,yorkjoshua@paytm,cescobar@paytm,219.8,16,f3abea0d-5be9-4db3-9d92-dd7c0db977a9,Bengaluru,229.99,0,0,472.58,none,0
T0008555,2026-01-07 10:39:00.057902,user_0349,mirandadavidson@paytm,matajaclyn@paytm,1867.42,14,b4a69f3c-8d3a-4d99-b11c-21c9bdc14f1f,Jaipur,2231.35,0,0,622.57,none,0
T0055740,2026-01-28 12:56:33.300177,user_0024,destiny35@ybl,diazana@ibl,1601.95,8,c01f36bf-3e6d-458b-b367-c28de1b294de,Kolkata,1175.34,0,0,1558.8,none,0
T0033964,2026-01-23 06:39:13.103817,user_0626,ruizemma@oksbi,sarahgarcia@oksbi,601.35,18,e2c328aa-3310-4475-8a86-22250b36e356,Lucknow,1171.08,0,0,906.57,none,0
T0045025,2026-01-23 22:36:40.121952,user_0559,lroberts@paytm,parkerjoseph@ybl,1655.51,15,b3eda8f1-026b-4383-a301-ec030e5d8c6a,Lucknow,1210.35,0,0,113.14,none,0
T0051852,2026-01-30 10:09:18.009281,user_0668,qmoore@paytm,dcarter@okhdfcbank,506.79,7,29310971-601e-4211-a34f-76b42b8c03bf,Pune,398.2,0,0,1094.6,none,0
T0006714,2026-01-05 13:56:53.749210,user_0313,moniqueclark@ibl,rebecca80@ybl,436.69,14,67ce378f-e5a4-483b-a383-889adb2c6ac8,Jaipur,460.93,0,0,730.61,none,0
T0019244,2026-01-06 03:45:40.580501,user_0789,davidmoreno@okhdfcbank,josephsullivan@paytm,269.37,20,c7cfeca8-22b9-424c-a744-3fb881bd55d5,Delhi,309.01,0,0,56.91,none,0
T0020868,2026-01-12 23:30:31.131883,user_0797,vwilliams@okhdfcbank,laurenbarton@ibl,526.37,10,74bd0c93-8177-4661-b7fe-032c02571851,Delhi,980.88,0,0,342.15,none,0
T0015085,2026-01-07 23:07:34.979152,user_0389,teresacampbell@paytm,mharrell@okhdfcbank,1695.98,9,929d6377-1cfb-455f-82c4-2e488cbadae5,Lucknow,1612.47,0,0,84.93,none,0
T0036986,2026-01-19 06:07:38.015782,user_0203,nhayes@paytm,jeffreylittle@oksbi,226.48,14,453b45fe-636c-4499-9254-aad3809cd839,Chennai,221.99,0,0,709.94,none,0
T0027738,2026-01-17 09:26:26.647928,user_0425,kimberly35@oksbi,thompsoncorey@oksbi,346.2,10,93829b43-922f-415a-a1e3-db63ef7ddc76,Hyderabad,250.16,0,0,221.85,none,0
T0056732,2026-02-04 09:02:39.374679,user_0369,omills@ibl,veronica55@ibl,208.4,9,f8ded777-bb1e-4ae8-97d8-21b8bb93cd40,Mumbai,246.59,0,0,109.38,none,0
T0006551,2026-01-05 00:48:14.354968,user_0799,washingtondarren@ibl,lee16@okhdfcbank,685.09,14,e08596db-1d87-4966-8710-d430f071d879,Chennai,1319.75,0,0,1162.1,none,0
T0039023,2026-01-21 04:22:20.078117,user_0147,kari89@paytm,kristiwilkins@okhdfcbank,429.62,13,6e417d47-5ff5-45ea-9bc4-40f14b1a269b,Kolkata,500.25,0,0,3.15,none,0
T0001587,2026-01-03 00:27:42.147478,user_0009,anna99@oksbi,amandachan@ibl,208.81,7,b12b6680-7f07-4cb9-afd3-40c0f945f2fd,Kolkata,136.37,0,0,311.03,none,0
T0000223,2026-01-02 09:31:02.038484,user_0583,lvasquez@ybl,clucas@ybl,464.46,20,4b9dfd58-9e5d-4c7a-85ac-c35415f00cb4,Kolkata,433.68,0,0,1037.39,none,0
T0032289,2026-01-16 03:51:16.796948,user_0127,vmorrison@ibl,christianmiller@paytm,1267.4,14,f1043785-658b-4523-a014-1de9f54ad0a2,Mumbai,1018.74,0,0,1166.14,none,0
T0020926,2026-01-08 04:26:28.756996,user_0163,wilsonmichael@oksbi,natasha16@paytm,1356.06,17,b8beff3d-cb9f-4f6d-af3a-6f27ef06fccb,Ahmedabad,984.9,0,0,409.14,none,0
T0054836,2026-02-05 11:24:44.104677,user_0582,ostone@okhdfcbank,joshuagarcia@ibl,640.2,18,a5135ea0-fa53-434d-a6d5-901d8b621d41,Ahmedabad,824.18,0,0,1730.26,none,0
T0041139,2026-01-28 16:30:22.584694,user_0069,stacychan@ybl,kristen65@ybl,4136.73,15,8ed8a80d-84cf-4e39-bf31-c29f82bbad84,Kolkata,2969.2,0,0,2472.26,none,0
T0013153,2026-01-12 22:59:03.914967,user_0621,ericwilson@okhdfcbank,tylermartinez@ibl,2078.5,12,ac93281a-92eb-4ab0-a4ee-c67c1a57f9e4,Lucknow,2466.93,0,0,51.17,none,0
T0006248,2026-01-01 19:51:29.651223,user_0133,icraig@oksbi,mallorycurry@oksbi,3950.32,19,5fbbf0b1-8083-49c8-a57e-01c90da23e5c,Bengaluru,2768.61,0,0,157.85,none,0
T0028385,2026-01-13 17:54:32.395669,user_0255,harrismichele@paytm,jonesbrian@ybl,137.02,0,3508507a-f622-4842-8402-2b3c508211a5,Delhi,167.2,0,0,729.38,none,0
T0010177,2026-01-05 02:03:03.580429,user_0696,yorkjoshua@paytm,adrian55@paytm,195.77,11,ae455cc6-b88e-430f-9e1e-994ac5a11f5c,Ahmedabad,229.99,0,1,395.33,none,0
T0024660,2026-01-10 05:05:31.151014,user_0658,veronica90@oksbi,gcortez@ybl,2335.68,12,692ac139-1f4a-4ca1-ab85-fd595463adc7,Delhi,1974.9,0,0,140.63,none,0
T0008743,2026-01-04 16:48:54.784095,user_0343,michael84@ybl,ariana49@ibl,316.7,16,310c0c00-3fa7-4104-9bf9-0e27dc96925e,Ahmedabad,486.46,0,0,254.1,none,0
T0016131,2026-01-05 11:07:38.029201,user_0662,daniel40@ybl,mcdowellpaul@oksbi,215.31,15,b5cbe3f5-6a66-4184-bde1-bf5daf4847f0,Bengaluru,225.76,0,0,78.29,none,0
T0031182,2026-01-22 10:28:33.022229,user_0232,blacknicholas@ibl,lchang@ybl,2039.32,5,546252e7-f43b-4052-8459-bd6ec0f63229,Ahmedabad,1688.68,0,0,778.72,none,0
T0012847,2026-01-08 22:21:19.711470,user_0453,michael77@ybl,bakercolleen@ibl,1474.3,9,3ae28023-5472-4d2d-b239-9ffb27046f25,Delhi,1421.8,0,0,587.83,none,0
T0059318,2026-02-02 21:35:37.320283,user_0465,dmiller@ibl,michellepage@oksbi,994.88,14,8603156a-15ea-4bcf-ab10-21ceaa143cd8,Pune,1289.68,0,0,643.27,none,0
T0014991,2026-01-12 19:30:34.338525,user_0210,tony12@ibl,ghayes@ybl,1207.82,19,8fe069b6-eeda-4802-8568-f42689e03e22,Jaipur,897.59,0,1,198.8,none,0
T0059064,2026-02-06 03:03:40.440750,user_0438,angela65@ybl,lopezcody@paytm,848.68,11,f50d7a37-a44d-4fec-bd85-d7fa8ac97b01,Mumbai,698.76,0,0,279.22,none,0
T0019309,2026-01-09 16:20:52.437236,user_0441,blackburnsusan@ibl,suzanne54@paytm,309.62,2,20156a72-12e1-43a6-932c-ae01d2c65ee4,Pune,466.35,0,0,318.36,none,0
T0018352,2026-01-05 16:26:12.627483,user_0148,kimberlybrandt@paytm,julia32@ibl,167.11,15,f6ff3521-c225-4530-952a-53459682d9ff,Pune,433.0,0,0,34.24,none,0
T0040514,2026-01-22 11:44:36.162992,user_0078,ian66@oksbi,cookjon@oksbi,176.1,11,16591c89-21eb-4aa9-9a2b-d69c450f69ee,Delhi,193.73,0,0,303.06,none,0
T0028027,2026-01-16 00:12:44.575127,user_0763,joycehall@ibl,wrightdavid@ybl,421.37,15,694d7b00-8d38-4327-883f-13c601b158e9,Chennai,461.07,0,0,30.17,none,0
T0052796,2026-01-28 12:20:14.316720,user_0346,tiffanymitchell@okhdfcbank,abigail38@oksbi,1123.99,14,e76adca9-7811-4802-88cc-7cfecf01f944,Chennai,1188.96,0,0,678.72,none,0
T0006901,2026-01-02 20:03:19.280078,user_0406,knguyen@ybl,andrewgonzalez@ybl,32.92,16,0f6ce9bf-fe7e-4362-8a89-b0f0105291d3,Hyderabad,115.93,0,0,328.47,none,0
T0054063,2026-01-25 02:44:26.351637,user_0072,steven12@paytm,qgreen@oksbi,1078.11,11,4140752c-aa44-4259-9001-8b7b6d4067f4,Pune,1498.09,0,0,32.89,none,0
T0046934,2026-02-02 10:03:54.134914,user_0675,carnold@paytm,cartermarcus@okhdfcbank,792.56,14,4cc9f5f2-e42e-4037-8a55-2ea08acbbe09,Delhi,607.26,0,0,584.73,none,0
T0032272,2026-01-25 13:20:56.658443,user_0339,kristen44@paytm,dcook@ibl,352.74,23,f5d8fb91-ee60-41ac-add0-622e266bf2ea,Chennai,367.06,0,0,1190.21,none,0
T0043939,2026-01-20 01:20:12.304136,user_0601,morgannicholas@paytm,kmccall@ybl,1621.11,14,436e3c49-770e-49db-b092-d40143675d58,Bengaluru,1806.78,0,0,796.29,none,0
T0051282,2026-01-23 10:21:58.633608,user_0738,irodriguez@oksbi,lrhodes@oksbi,680.66,10,6e417d47-5ff5-45ea-9bc4-40f14b1a269b,Bengaluru,703.83,0,0,516.51,none,0
T0041872,2026-01-23 05:25:05.425805,user_0763,joycehall@ibl,vliu@oksbi,664.76,21,694d7b00-8d38-4327-883f-13c601b158e9,Chennai,461.07,0,0,46.37,none,0
T0028062,2026-01-12 17:17:20.156921,user_0160,baileynicole@okhdfcbank,perezjulie@paytm,2010.35,14,3f8c1097-c4da-4c2e-9bff-a27915c1604f,Lucknow,1772.26,0,0,1399.96,none,0
T0016812,2026-01-07 15:55:38.785062,user_0638,ssingleton@ybl,brownmarissa@ibl,1065.06,19,76c5a0dc-7e7e-4419-a0c1-4035c5d95f51,Kolkata,2887.29,0,0,2322.25,none,0
T0012877,2026-01-09 22:31:41.546143,user_0673,senglish@paytm,davidcandice@ybl,172.42,23,0d18ab95-668c-4477-8b95-017c5dae1201,Chennai,190.08,0,0,105.53,none,0
T0056325,2026-02-02 10:04:37.246059,user_0684,steven18@okhdfcbank,debbiemedina@ybl,332.91,16,5a5226e6-9d64-4932-8066-853d6de299a1,Jaipur,429.59,0,0,534.99,none,0
T0035914,2026-01-19 21:24:31.897051,user_0647,gilbertcaldwell@okhdfcbank,tlopez@ybl,1061.02,18,9a069295-3b8d-4447-8e61-065f171b1b80,Chennai,979.37,0,0,478.51,none,0
T0004698,2026-01-06 20:41:49.926786,user_0062,daniel17@oksbi,patriciawilson@paytm,642.16,8,4140752c-aa44-4259-9001-8b7b6d4067f4,Hyderabad,636.8,0,0,1283.61,none,0
T0022908,2026-01-07 13:16:36.489830,user_0229,padillaadrienne@paytm,sylviagibbs@ybl,1544.01,18,269cd696-236c-4b87-94a0-bccb8a476a87,Mumbai,2180.16,0,0,556.68,none,0
T0059010,2026-02-06 01:35:28.208773,user_0382,christian38@ibl,matthewpatterson@oksbi,402.13,12,fdb1429e-7010-4d13-b526-b22d3f6c21f7,Chennai,593.48,0,1,588.78,none,0
T0025973,2026-01-16 11:08:45.138023,user_0648,mwilson@paytm,annette64@oksbi,1293.76,12,98c7472a-864e-4a13-829c-fc0cfa02eaec,Mumbai,1538.86,0,0,202.82,none,0
T0055375,2026-01-25 02:17:28.596062,user_0494,bennettrebecca@ibl,thorntonwayne@paytm,760.27,17,84a2576c-1fc9-45f8-94d6-07350e2f8958,Chennai,535.83,0,0,165.96,none,0
T0012249,2026-01-05 07:37:43.633207,user_0231,nicholasgray@paytm,adamsdavid@ybl,568.57,19,23c8afdb-83f8-4f16-a4a4-474c9b33e3a4,Jaipur,502.55,0,0,82.58,none,0
T0028605,2026-01-18 10:03:40.754301,user_0425,kimberly35@oksbi,conniegonzales@ibl,265.08,17,93829b43-922f-415a-a1e3-db63ef7ddc76,Hyderabad,250.16,0,0,150.31,none,0
T0030538,2026-01-21 14:52:35.978546,user_0084,ywhite@okhdfcbank,traceynguyen@oksbi,1329.98,17,63f2ae24-fc3d-4348-808d-4127610461e3,Jaipur,1231.18,0,0,503.26,none,0
T0052253,2026-01-25 16:21:05.148599,user_0113,nrodriguez@ibl,petersonkaren@ibl,1254.51,5,b28187c4-aa05-4442-a284-e8fd755cee2a,Kolkata,1157.52,0,0,2229.36,none,0
T0053585,2026-02-06 11:42:19.960630,user_0598,annette58@ybl,wrhodes@oksbi,687.03,9,b0e6a969-e213-42b0-b1ee-dba313432e61,Lucknow,696.98,0,0,758.15,none,0
T0037907,2026-01-19 15:36:52.386730,user_0412,sarah00@ibl,troycastillo@ybl,1297.82,18,e8334da5-de95-4695-b579-c1437ab99428,Jaipur,888.58,0,1,1074.55,none,0
T0053956,2026-02-05 00:03:01.846255,user_0762,ibentley@okhdfcbank,walkerbobby@ybl,987.65,13,42378962-e4fd-4c34-9670-7a2129dc073e,Lucknow,1190.56,0,0,47.27,none,0
T0031294,2026-01-18 20:05:46.327226,user_0040,ismith@paytm,hblanchard@oksbi,1655.01,14,07f194f9-c115-4d6d-8a4e-5b70a6d964a3,Mumbai,1230.44,0,0,708.91,none,0
T0030020,2026-01-19 09:24:29.287268,user_0104,pamela83@paytm,jenniferwalker@oksbi,571.18,13,90ce77e9-7513-43b9-87de-96ea2b0fbe44,Hyderabad,677.64,0,0,584.36,none,0
T0020012,2026-01-10 22:01:51.871258,user_0273,cheryl63@paytm,whiteheadandrea@ybl,359.66,15,3be79df4-72ec-416e-88a7-23e9bfa016c2,Mumbai,478.53,0,0,596.71,none,0
T0010328,2026-01-03 09:49:00.288273,user_0578,cherylrodriguez@oksbi,gnixon@ybl,1211.29,23,5c62b3a2-3a3c-463e-8bd6-cee631b1b099,Bengaluru,1101.4,0,0,415.7,none,0
T0010335,2026-01-07 10:26:32.353363,user_0645,jared96@ibl,aschmidt@okhdfcbank,1344.1,21,b4746349-49fc-4cd8-856b-ad4c4c3077c4,Jaipur,901.26,0,0,160.02,none,0
T0032546,2026-01-18 22:51:28.227363,user_0410,kelli32@okhdfcbank,jeremy44@ibl,888.9,17,fb10987f-20ac-4703-ab67-146a77a6e17c,Bengaluru,777.41,0,0,360.19,none,0
T0054180,2026-02-01 05:05:27.553581,user_0407,brenda63@okhdfcbank,robert97@paytm,1338.06,14,6c307511-b2b9-437a-a8df-6ec4ce4a2bbd,Ahmedabad,2032.47,0,0,329.04,none,0
T0004645,2026-01-05 14:30:20.499819,user_0673,senglish@paytm,salvarez@ibl,180.49,14,0d18ab95-668c-4477-8b95-017c5dae1201,Chennai,190.08,0,0,2196.11,none,0
T0029654,2026-01-14 12:50:12.064774,user_0750,chensusan@oksbi,angela28@okhdfcbank,379.28,23,ec1b8ca1-f91e-4d4c-9ff4-9b7889463e85,Jaipur,612.41,0,0,201.44,none,0
T0056418,2026-01-29 19:55:41.201119,user_0599,clarkgina@ybl,hayesjessica@okhdfcbank,1555.18,21,76876c62-4c61-445e-ba7e-5d9405d1fb63,Lucknow,1113.45,0,0,443.12,none,0
T0018806,2026-01-07 02:07:15.935949,user_0683,jessicafox@ibl,marie64@paytm,601.97,15,ed1115d7-50a4-4c85-99d5-7b0242d04d55,Kolkata,415.9,0,0,1376.65,none,0
T0011025,2026-01-06 23:31:59.541286,user_0664,jennifer66@paytm,dylanellis@ybl,1996.48,11,28719b9b-db8f-4e32-adef-50031fce01e3,Hyderabad,1717.44,0,0,214.18,none,0
T0055630,2026-02-10 07:57:43.057277,user_0652,pmurphy@paytm,wharris@oksbi,593.14,11,4c6a70f4-8ede-444d-876c-f68c3f1be0d0,Mumbai,631.23,0,0,221.33,none,0
T0045857,2026-01-31 12:57:28.089075,user_0436,fhebert@okhdfcbank,brittany98@paytm,1381.0,17,2fb21e66-7ed1-4aab-89b7-c9bc65a16fa9,Delhi,1503.68,0,0,479.56,none,0
T0040464,2026-01-28 05:10:41.889171,user_0572,tammycurry@paytm,osellers@paytm,1116.64,0,22bf18f5-1f65-4a87-b33e-e3447dbf4bc1,Delhi,1058.21,0,0,2563.76,none,0
T0029439,2026-01-18 17:40:02.868689,user_0269,brooksjamie@ybl,sanchezshannon@paytm,486.14,12,61a11729-3cb9-4350-9b4d-a0fe7bb38605,Lucknow,416.68,0,1,407.97,none,0
T0048145,2026-01-25 05:53:53.013679,user_0196,james29@oksbi,amberbenjamin@ibl,1194.52,13,a689b424-7a3a-40e1-b9c7-73a0e0decc3d,Bengaluru,953.45,0,0,222.19,none,0
T0049055,2026-02-01 06:20:52.500086,user_0745,rebecca90@okhdfcbank,adrianpatterson@okhdfcbank,1141.99,18,989240ac-e689-43a9-89e4-8e8c25c61c45,Mumbai,1029.31,0,0,438.75,none,0
T0058622,2026-01-30 08:40:20.942408,user_0158,susanmeyer@okhdfcbank,nbradford@paytm,1739.89,13,3d225c30-b28f-41de-bb14-0bc3304b8590,Kolkata,1964.86,0,1,1254.04,none,0
T0003352,2026-01-02 12:30:59.355397,user_0465,dmiller@ibl,tyler31@ibl,976.8,17,8603156a-15ea-4bcf-ab10-21ceaa143cd8,Pune,1289.68,0,0,374.78,none,0
T0055577,2026-01-31 17:38:21.008619,user_0792,joshualee@ybl,johnsonkenneth@okhdfcbank,1084.63,13,9d66e815-5a41-43b3-a95f-176cdebac186,Hyderabad,1161.12,0,0,604.51,none,0
T0014983,2026-01-07 22:44:52.823964,user_0709,williamssteven@ybl,stacymolina@ibl,1503.15,18,2d79a2d1-506e-40c7-baa0-61e9336b00cb,Jaipur,2007.07,0,1,2527.12,none,0
T0022086,2026-01-13 11:44:53.374451,user_0134,natalie60@ybl,rodriguezelizabeth@paytm,192.46,15,5cb85aed-f5f6-4c97-aefb-63b11b049863,Jaipur,142.59,0,0,149.89,none,0
T0023055,2026-01-14 10:43:20.765147,user_0798,buckleygregory@oksbi,william85@ybl,528.25,11,5c9deee0-b42a-4456-8736-5a84725e134d,Kolkata,436.51,0,0,47.19,none,0
T0025110,2026-01-14 04:30:45.173831,user_0736,scottvasquez@paytm,laura05@ibl,865.36,13,2a9527f6-f817-4ebf-ab6e-64c5bb8aa843,Hyderabad,731.33,0,0,920.16,none,0
T0013720,2026-01-10 09:16:24.474455,user_0596,imcclain@ibl,udaniels@okhdfcbank,1928.08,16,1fe771d6-d917-4793-a9d3-c2e6505cc686,Ahmedabad,1416.75,0,1,100.9,none,0
T0050674,2026-01-22 09:54:35.498845,user_0742,kimberly07@ybl,ashley26@ybl,286.95,7,53cd6268-610c-4373-8299-9aa40cdf742b,Ahmedabad,448.85,0,0,749.27,none,0
T0014366,2026-01-10 05:26:49.035969,user_0519,lonniegrant@oksbi,ealvarado@ybl,977.64,12,1777e8cb-7468-4b98-92fe-2fded918b3e5,Chennai,1108.63,0,0,178.68,none,0
T0035448,2026-01-21 00:16:09.978547,user_0637,erodriguez@ybl,heather99@ibl,1115.73,20,502cf0ee-224a-46a6-ac0f-680115b24e1d,Hyderabad,1006.79,0,0,198.04,none,0
T0029701,2026-01-23 13:20:17.775434,user_0378,laurakelley@oksbi,torreserica@oksbi,1364.48,21,aaf91531-0200-41f0-8768-a84fa76afde6,Hyderabad,824.28,0,0,406.35,none,0
T0015964,2026-01-09 10:31:46.777655,user_0770,wilsonbrooke@ibl,jperez@paytm,751.26,19,10f1bc81-448a-4a9e-a6b2-bc5b50c187fc,Ahmedabad,638.11,0,0,133.32,none,0
T0009501,2026-01-07 07:52:48.721335,user_0648,mwilson@paytm,waterssue@oksbi,1451.35,23,98c7472a-864e-4a13-829c-fc0cfa02eaec,Mumbai,1538.86,0,0,2228.4,none,0
T0040345,2026-01-13 19:12:15.539375,user_0409,jbarker@oksbi,sandersjudy@okhdfcbank,1002.69,16,76d70561-d2d1-4ef5-9e4c-4fd1462363a9,Jaipur,944.75,0,0,653.24,none,0
T0039491,2026-01-27 06:43:29.403021,user_0490,cooperlinda@paytm,robin60@paytm,796.51,23,8f15ba58-fce6-4504-87f8-424daae65fc1,Chennai,1099.83,0,0,679.98,none,0
T0000834,2026-01-01 01:16:56.878020,user_0078,ian66@oksbi,hmyers@okhdfcbank,202.41,12,16591c89-21eb-4aa9-9a2b-d69c450f69ee,Delhi,193.73,0,0,76.95,none,0
T0056117,2026-02-07 04:47:45.332149,user_0221,katherinetaylor@paytm,aaron31@ybl,275.16,13,b5a6571c-4fa5-435e-90cc-460428b26b1b,Pune,380.32,0,0,372.71,none,0
T0011718,2026-01-03 17:50:43.224041,user_0670,thomasnicole@ibl,jonescarolyn@paytm,453.65,15,0eaf04b5-f2a9-4c8a-8a9e-4a62fae3114b,Chennai,325.38,0,0,420.17,none,0
T0033540,2026-01-16 20:18:35.383823,user_0705,ptownsend@oksbi,rebeccagregory@oksbi,655.02,13,0986bbeb-f23e-423d-8b9b-d93423c86d30,Pune,844.83,0,0,40.84,none,0
T0027402,2026-01-12 08:37:07.890823,user_0716,stephanie69@ybl,heather88@ybl,2382.12,17,9be71737-06b8-4231-8e86-7f3ca487eeab,Chennai,1580.38,0,0,1091.77,none,0
T0042421,2026-01-19 20:29:47.491034,user_0510,edwardprince@ibl,lisa06@ybl,1209.31,15,a65f7b8a-dbb4-4021-bdde-64afa75b395a,Kolkata,1014.43,0,1,2099.45,none,0
T0035274,2026-01-22 18:54:00.587629,user_0366,michelle78@ibl,kimberly36@ibl,186.38,11,af475b49-c775-4395-9494-05f02cd2a404,Chennai,318.7,0,0,729.95,none,0
T0028956,2026-01-11 14:37:45.613397,user_0253,ecarlson@okhdfcbank,saranelson@okhdfcbank,2082.53,22,9feefdff-c566-4a81-b15e-54f6d4d30795,Hyderabad,1960.9,0,0,936.69,none,0
T0018546,2026-01-10 06:50:14.927715,user_0006,dking@ybl,jordanrebecca@okhdfcbank,418.61,14,032a461a-df9b-4c1f-aacb-1f6d7549c9f9,Chennai,502.43,0,0,914.37,none,0
T0042623,2026-01-21 02:40:31.330189,user_0736,scottvasquez@paytm,qhunt@paytm,704.18,17,2a9527f6-f817-4ebf-ab6e-64c5bb8aa843,Hyderabad,731.33,0,0,984.55,none,0
T0010039,2026-01-07 10:11:16.620582,user_0202,christine35@ybl,alexandrawalker@paytm,266.85,5,14296c07-f26b-4776-913e-4de2e0c53cb8,Ahmedabad,213.63,0,0,632.37,none,0
T0037529,2026-01-24 02:04:15.650169,user_0545,robertoaustin@paytm,christopher41@okhdfcbank,779.28,2,a1e518a2-93d2-48d4-a465-5c397d4d2add,Bengaluru,909.77,0,0,1433.32,none,0
T0037863,2026-01-20 13:30:06.198134,user_0014,trujilloleah@oksbi,adamsdaniel@paytm,535.04,13,c7cfeca8-22b9-424c-a744-3fb881bd55d5,Hyderabad,473.21,0,0,11.22,none,0
T0014548,2026-01-05 19:37:16.234775,user_0459,devonrichardson@oksbi,penny91@ibl,567.88,11,473bd358-610e-4a64-a130-1617c2dff335,Lucknow,569.42,0,0,293.34,none,0
T0055433,2026-01-31 07:49:49.263695,user_0451,charlene98@oksbi,williamsalison@ibl,789.42,8,5e717fca-020a-4497-b4ed-51458d9765c7,Mumbai,829.77,0,0,388.39,none,0
T0040920,2026-01-20 14:49:22.640562,user_0583,lvasquez@ybl,david62@oksbi,558.46,11,4b9dfd58-9e5d-4c7a-85ac-c35415f00cb4,Kolkata,433.68,0,1,1477.93,none,0
T0020925,2026-01-17 03:53:47.448676,user_0098,andreagray@ybl,crawfordsamuel@ybl,278.2,8,1a89b71e-a0d5-42c8-a837-fe68bba205ca,Bengaluru,329.38,0,0,501.07,none,0
T0027240,2026-01-12 02:59:01.813558,user_0486,scottglass@okhdfcbank,pollardsara@ibl,1264.22,13,0d31812e-30c3-4756-9453-f867b97e6224,Ahmedabad,1538.46,0,0,175.44,none,0
T0021804,2026-01-12 07:48:00.403196,user_0727,stephanielittle@ibl,johnlopez@paytm,1402.32,9,7eccdaf4-c413-4dc2-85c5-ae8abe15ad12,Pune,1014.9,0,0,889.72,none,0
T0036574,2026-01-16 07:23:37.704278,user_0122,heatherthompson@paytm,paynesheryl@ibl,1277.33,14,7a3a6e96-23ff-43d3-bb4f-b88a2f4dd219,Lucknow,747.18,0,0,127.81,none,0
T0001702,2026-01-02 20:44:07.748530,user_0698,alexis19@ybl,kylebecker@okhdfcbank,923.28,19,f80b2cea-658e-44a2-9879-cf35f4719986,Mumbai,1971.87,0,0,780.24,none,0
T0006328,2026-01-02 06:36:24.962823,user_0428,jcannon@okhdfcbank,pparker@oksbi,380.64,10,6dda4f8d-cea6-4f4c-b9e5-8ff092f837d4,Hyderabad,448.12,0,0,368.39,none,0
T0039216,2026-01-22 14:54:54.533129,user_0373,smithlisa@okhdfcbank,browngeorge@oksbi,1237.97,11,893ad232-98c3-43ca-bff4-cec6e7b7b4c6,Ahmedabad,2199.82,0,0,521.31,none,0
T0050373,2026-01-23 14:25:57.787701,user_0429,marcus51@paytm,schroederdennis@paytm,526.21,9,1f5d988f-776a-4f09-bde2-885951b1943c,Pune,222.16,0,0,207.46,none,0
T0027921,2026-01-16 23:33:55.858470,user_0641,nguyendebra@okhdfcbank,jeffery95@paytm,1244.26,9,37bb3eec-4bf5-4b52-b09d-258c27a0c3d7,Mumbai,1536.71,0,0,965.83,none,0
T0000241,2026-01-01 15:06:11.719853,user_0702,laurenatkins@oksbi,sylviasuarez@oksbi,435.77,12,271e3ee2-b1a6-41f1-a20e-99d33b33f3d8,Lucknow,317.95,0,0,277.04,none,0
T0054293,2026-01-27 21:16:07.470185,user_0696,yorkjoshua@paytm,owensmichael@ybl,137.45,7,ae455cc6-b88e-430f-9e1e-994ac5a11f5c,Bengaluru,229.99,0,0,305.52,none,0
T0014780,2026-01-10 13:04:08.419217,user_0557,fernandothomas@ibl,justin82@oksbi,369.85,17,518b2f21-9cf2-4859-ae6e-2e7253f591dc,Ahmedabad,509.31,0,0,938.42,none,0
T0032992,2026-01-18 22:18:25.926112,user_0455,caitlin82@ibl,wendy79@ybl,977.22,11,2e326567-d284-454e-bebe-c0db9a3a6103,Ahmedabad,1134.15,0,0,1651.46,none,0
T0056163,2026-01-28 22:10:36.821517,user_0629,tjensen@okhdfcbank,robert43@ybl,628.11,13,58c1aad6-f3f8-4ea4-bf14-eafa29f0ef7c,Chennai,912.08,0,0,62.17,none,0
T0056281,2026-01-29 00:48:02.586726,user_0773,daughertybarbara@paytm,hmckee@ybl,189.54,12,c80c2195-8b65-44ce-bacc-99705beec570,Chennai,229.54,0,0,562.69,none,0
T0031576,2026-01-11 18:53:50.308915,user_0070,cummingscraig@okhdfcbank,thomas23@ybl,618.43,10,a04d4d14-197d-4ae1-8bc2-ea720c648ca2,Lucknow,622.18,0,0,900.34,none,0
T0004518,2026-01-03 20:31:07.468508,user_0778,samuelfrost@okhdfcbank,lbarnett@ybl,364.58,13,5e09a9ee-af88-4dec-bb1e-143b196f4dfa,Bengaluru,495.12,0,0,823.24,none,0
T0057648,2026-01-29 19:44:43.476010,user_0303,susan77@paytm,jonesjason@oksbi,1676.36,15,0d557b61-8a17-4dfe-bfc0-0dc804f64d86,Chennai,1184.83,0,0,253.49,none,0
T0028489,2026-01-13 14:04:51.870303,user_0043,rhodescourtney@oksbi,kennethrose@paytm,429.69,12,4f67448e-10ec-4b1f-a4a5-c736ae59aa52,Chennai,435.94,0,0,63.29,none,0
T0048719,2026-01-26 21:04:42.243790,user_0539,meyershannon@ibl,patrick71@ibl,645.25,13,f387e1bd-2d59-42c6-934a-5a2fa7cf705c,Hyderabad,666.75,0,0,631.73,none,0
T0040431,2026-01-19 20:47:21.838894,user_0607,aliciathompson@oksbi,berrytiffany@okhdfcbank,386.67,15,4758367b-a649-4cdc-907b-907265e58f34,Pune,1199.85,0,0,688.88,none,0
T0048934,2026-01-29 03:02:29.567440,user_0391,christophersmith@oksbi,zjohnson@paytm,415.42,11,dd2467ac-778e-4db3-a93d-ffbc6c6fa611,Pune,287.08,0,1,654.26,none,0
T0049325,2026-01-24 16:23:30.799206,user_0157,charles58@ibl,shannonbrown@oksbi,143.91,11,0d67d38e-990f-4c5b-adcc-3daf569f3ab3,Lucknow,315.26,0,0,378.95,none,0
T0006771,2026-01-06 18:07:34.868222,user_0601,morgannicholas@paytm,dcook@oksbi,1629.36,12,436e3c49-770e-49db-b092-d40143675d58,Bengaluru,1806.78,0,0,1585.75,none,0
T0044237,2026-01-25 07:49:00.997770,user_0466,michael66@ybl,michaelfreeman@oksbi,290.61,15,fbe94499-dbc0-40fd-86fb-7bf300b9d4a3,Chennai,760.07,0,0,855.81,none,0
T0005025,2026-01-02 08:49:24.580922,user_0486,scottglass@okhdfcbank,john16@ibl,1512.21,15,0d31812e-30c3-4756-9453-f867b97e6224,Ahmedabad,1538.46,0,0,1146.93,none,0
T0040408,2026-01-24 11:15:06.980814,user_0243,ashleymartin@paytm,fdixon@ybl,1901.56,6,3c20592f-c04a-46c4-b3b6-3fe1d1843324,Lucknow,1881.32,0,0,1067.79,none,0
T0000722,2026-01-01 13:30:19.319228,user_0053,daviddawson@okhdfcbank,isaiah01@ibl,1014.32,19,9f8cc29f-fd35-4c5f-9347-9a3b479bc637,Pune,901.25,0,0,532.04,none,0
T0051344,2026-01-25 03:04:38.160789,user_0062,daniel17@oksbi,brittany11@paytm,670.82,11,186b2880-ab54-4a15-a69d-01ff1634725b,Hyderabad,636.8,0,0,774.08,none,0
T0024538,2026-01-07 01:15:55.238310,user_0326,craignicolas@paytm,emily17@oksbi,1437.32,10,861b4f5b-45a0-4539-ade8-370ace9e9ebd,Bengaluru,1275.28,0,0,31.57,none,0
T0040845,2026-01-26 21:11:00.170332,user_0098,andreagray@ybl,goodmanhaley@oksbi,304.04,14,949077c2-7674-456f-a26d-719d81cf3252,Bengaluru,329.38,0,0,98.83,none,0
T0039894,2026-01-28 08:01:49.922760,user_0676,lkelly@ibl,brandonclark@oksbi,549.37,17,ccac2fb5-1a0c-4c04-93cd-129110042d82,Lucknow,772.58,0,0,505.16,none,0
T0027571,2026-01-16 07:44:44.551899,user_0320,wwhite@oksbi,jonesjamie@oksbi,1105.5,11,35ce8841-4973-4d6c-8dca-bfb7001a9a8b,Mumbai,762.39,0,0,1020.13,none,0
T0044478,2026-01-15 07:39:24.997814,user_0405,teresayoung@ybl,victoria81@ibl,593.81,16,30e912f2-f2b4-4abf-8441-aefd0299436a,Mumbai,1081.13,0,0,152.29,none,0
T0010438,2026-01-10 05:21:17.596638,user_0277,kim62@ybl,renee82@okhdfcbank,1114.09,8,7701f7bb-7bc6-4e1f-864e-e6e389c5b31a,Mumbai,1060.92,0,0,476.51,none,0
T0013922,2026-01-07 22:18:11.736158,user_0514,shane23@ibl,doris13@oksbi,1238.26,12,8cc36f3b-c3af-4cfe-b34a-6ca38116e3fc,Kolkata,795.34,0,0,13.62,none,0
T0042745,2026-01-27 09:58:56.611888,user_0129,jamesweber@ybl,william25@ybl,1573.66,17,44d7df9a-238b-45b7-ab64-777c6177a771,Lucknow,1340.62,0,0,152.87,none,0
T0031900,2026-01-21 01:38:42.003137,user_0111,amy51@oksbi,cspencer@ibl,872.71,11,ef0a573d-53d2-456d-9040-158728e213bc,Jaipur,998.14,0,1,108.38,none,0
T0039991,2026-01-26 09:52:31.561416,user_0396,danielshunter@ibl,palmertami@paytm,470.98,15,517400f8-0b2c-482a-a928-8e92c68a152f,Ahmedabad,547.1,0,1,261.47,none,0
T0037702,2026-01-19 21:27:54.296927,user_0422,lori85@ybl,garciabrandon@ibl,693.22,18,2c3aacdc-aed5-4a46-8bde-005b5d8babd7,Pune,857.81,0,0,144.77,none,0
T0004498,2026-01-05 19:03:40.983200,user_0619,james44@ybl,jefferybaker@ibl,245.23,22,e2acf72f-9e57-4f7a-a0ee-89aed453dd32,Mumbai,552.09,0,0,48.71,none,0
T0041209,2026-01-26 12:18:47.394239,user_0314,maryhuff@okhdfcbank,cwashington@ybl,1515.7,14,c80c2195-8b65-44ce-bacc-99705beec570,Lucknow,1029.39,0,0,727.22,none,0
T0003075,2026-01-02 06:29:08.607678,user_0167,amber40@okhdfcbank,brian62@okhdfcbank,333.75,13,46a02a9b-65ec-4acd-8f80-35f55bd20c98,Chennai,259.99,0,0,91.11,none,0
T0042296,2026-02-02 02:52:53.986934,user_0221,katherinetaylor@paytm,walkersamantha@ybl,417.38,10,b5a6571c-4fa5-435e-90cc-460428b26b1b,Pune,380.32,0,0,2228.2,none,0
T0049755,2026-01-29 17:09:12.188968,user_0034,kimberlyfreeman@okhdfcbank,martinezteresa@ybl,436.95,15,95831d58-ef4c-4119-8da5-d39b42c21797,Chennai,1403.38,0,0,310.8,none,0
T0010649,2026-01-06 13:56:53.654415,user_0371,lindaramos@ybl,frank42@okhdfcbank,331.61,6,ff69723d-584f-485b-a697-384d801e8690,Hyderabad,202.73,0,0,528.84,none,0
T0012159,2026-01-06 00:31:25.247194,user_0001,xpalmer@okhdfcbank,burnssarah@oksbi,481.62,2,2d174fc9-6f7c-45ea-a72a-6d8eb5122df8,Bengaluru,647.79,0,0,612.62,none,0
T0046479,2026-01-27 22:43:54.841677,user_0641,nguyendebra@okhdfcbank,xherrera@ybl,1320.54,12,37bb3eec-4bf5-4b52-b09d-258c27a0c3d7,Mumbai,1536.71,0,0,1063.41,none,0
T0024617,2026-01-13 08:20:33.417347,user_0680,arthur09@paytm,sharon79@paytm,1195.93,17,ef2ddcc4-8df6-41da-9f07-c1a5dfc620ce,Hyderabad,1698.35,0,0,75.11,none,0
T0055843,2026-02-09 03:18:09.376046,user_0104,pamela83@paytm,monica08@ibl,746.42,16,90ce77e9-7513-43b9-87de-96ea2b0fbe44,Hyderabad,677.64,0,0,1268.65,none,0
T0052037,2026-01-28 01:30:17.822045,user_0679,robert89@ibl,noah79@ibl,1627.25,23,15669e36-4708-403b-a716-10c19db54283,Pune,839.11,0,0,974.34,none,0
T0041301,2026-01-29 12:10:07.308220,user_0069,stacychan@ybl,belindavega@okhdfcbank,2517.39,17,8ed8a80d-84cf-4e39-bf31-c29f82bbad84,Kolkata,2969.2,0,0,1179.75,none,0
T0042443,2026-01-29 23:39:52.581594,user_0756,tom73@oksbi,andreswright@paytm,303.86,7,548e1f6b-69ce-4e4e-99a6-92c90d700ea4,Hyderabad,718.24,0,0,53.98,none,0
T0049195,2026-01-24 08:21:21.597342,user_0579,webbhaley@paytm,joseph47@oksbi,1172.01,11,3da9c2a9-0ed4-4f1a-bd4c-bf374eb93eff,Bengaluru,1654.61,0,0,411.7,none,0
T0031031,2026-01-23 12:52:36.567877,user_0185,campbellsara@ybl,tlee@okhdfcbank,1023.41,9,2e326567-d284-454e-bebe-c0db9a3a6103,Chennai,727.57,0,0,38.17,none,0
T0036369,2026-01-16 21:32:01.665000,user_0052,jasonjohnson@paytm,sthomas@oksbi,1317.78,22,9b4e2c24-9479-41e6-8927-7d9b6e0d2648,Bengaluru,1309.91,0,0,1129.74,none,0
T0036129,2026-01-26 13:08:46.299619,user_0125,joshuastuart@ibl,seanpark@oksbi,1559.08,12,ac9ed156-f63f-4e41-ba9a-ca5e176132ed,Mumbai,1422.34,0,0,2785.57,none,0
T0049497,2026-01-25 02:47:21.278709,user_0059,turnerdorothy@ybl,barbara42@oksbi,732.82,21,f3025d16-1eca-4ae9-a5bf-213d9eca381b,Hyderabad,860.77,0,0,101.11,none,0
T0049902,2026-01-29 02:17:45.984994,user_0357,jessicastanley@ybl,susanhudson@ybl,1482.47,21,42378962-e4fd-4c34-9670-7a2129dc073e,Hyderabad,990.97,0,1,659.36,none,0
T0057847,2026-02-04 05:48:48.881838,user_0757,austinjohnson@ibl,lrusso@ybl,1262.94,15,5f89ed12-64d6-4fbf-98c0-1e2bf99f0704,Bengaluru,1337.06,0,0,393.44,none,0
T0045104,2026-01-21 03:57:36.741458,user_0634,michellejensen@ibl,dale60@ybl,517.07,8,13325c31-d010-418a-aadc-9960424211e2,Bengaluru,443.65,0,1,1472.45,none,0
T0056065,2026-02-01 01:19:58.002598,user_0478,timothygonzalez@oksbi,leslie22@ibl,605.52,7,52961fb3-4d40-4b28-9628-ddcd19dd3e8c,Delhi,1365.1,0,0,1396.18,none,0
T0013445,2026-01-10 13:38:34.123872,user_0743,denisesmith@ybl,kevinhuber@ibl,827.97,13,23b8c1e9-3924-46de-beb1-3b9046685257,Ahmedabad,624.7,0,0,507.87,none,0
T0039788,2026-01-25 14:32:45.718068,user_0529,xjoseph@okhdfcbank,qrodriguez@ybl,543.21,11,f065c817-687a-4850-9d9b-62317d45d8ef,Lucknow,467.69,0,0,737.82,none,0
T0044709,2026-01-26 00:01:45.957885,user_0746,zmendoza@paytm,moorejames@paytm,688.47,10,b253d218-6c4a-47ea-8906-17f2747b6dba,Pune,750.52,0,0,397.13,none,0
T0010140,2026-01-07 20:01:41.904031,user_0259,davisdonna@okhdfcbank,fowleranthony@ybl,1507.0,14,c605e58a-4845-4343-9db4-49dc77106966,Chennai,924.46,0,0,930.87,none,0
T0054668,2026-02-01 09:48:03.023102,user_0583,lvasquez@ybl,ibest@okhdfcbank,383.04,12,4b9dfd58-9e5d-4c7a-85ac-c35415f00cb4,Kolkata,433.68,0,0,32.37,none,0
T0026038,2026-01-16 06:26:49.020191,user_0198,enewman@ybl,vcowan@ibl,917.24,12,439e754c-6930-46ea-a0bd-a1ee5807cf74,Hyderabad,851.34,0,0,791.77,none,0
T0012375,2026-01-08 16:35:40.074784,user_0552,heather21@okhdfcbank,scott31@ybl,2316.43,21,5e717fca-020a-4497-b4ed-51458d9765c7,Bengaluru,2146.15,0,0,335.78,none,0
T0058984,2026-02-11 05:10:34.416056,user_0764,johnsondonald@paytm,fmartinez@paytm,86.95,8,b24beb96-c092-4b74-a6b0-7ff60fc79913,Jaipur,74.18,0,0,0.98,none,0
T0034499,2026-01-19 22:57:58.498470,user_0767,jacksonbrendan@okhdfcbank,wvance@paytm,750.92,11,e6b9d31a-361f-4d90-bad1-fa330ae4ac11,Lucknow,708.79,0,0,1091.09,none,0
T0000545,2026-01-01 17:11:20.454458,user_0549,phillipmorris@oksbi,pattonbryan@oksbi,539.89,13,d61169a1-ff46-46bf-894d-916deb6d2fed,Kolkata,823.39,0,0,97.84,none,0
T0053118,2026-01-27 09:01:59.762315,user_0622,clarkmichael@ibl,shaffererin@ybl,1138.08,7,29a3b2e9-5d65-4441-9588-42dea2bc372f,Hyderabad,1402.78,0,0,482.58,none,0
T0014974,2026-01-11 04:25:42.890384,user_0131,jennifer58@oksbi,danielhernandez@ybl,391.01,19,1dba1267-7e1c-45a1-bef5-18a64dead645,Chennai,391.92,0,0,278.5,none,0
T0014536,2026-01-06 14:57:29.278227,user_0460,jesseshepherd@ibl,kristina21@paytm,442.81,15,d4f76322-b362-40d2-a498-8bdecd0254db,Mumbai,1598.12,0,0,358.77,none,0
T0021240,2026-01-06 13:17:29.282547,user_0426,barrettamber@oksbi,stricklandalison@ybl,647.91,20,16591c89-21eb-4aa9-9a2b-d69c450f69ee,Chennai,1021.31,0,0,542.98,none,0
T0010970,2026-01-05 17:31:11.177907,user_0403,kingdanielle@okhdfcbank,jennifercampbell@okhdfcbank,1105.2,9,de431e06-e924-4069-80bb-ae526ec01269,Pune,1418.34,0,0,1063.94,none,0
T0004832,2026-01-02 19:57:08.131311,user_0366,michelle78@ibl,chansen@ibl,181.81,23,af475b49-c775-4395-9494-05f02cd2a404,Chennai,318.7,0,0,112.01,none,0
T0022107,2026-01-11 19:11:48.814387,user_0764,johnsondonald@paytm,wgreen@ybl,55.93,17,b24beb96-c092-4b74-a6b0-7ff60fc79913,Jaipur,74.18,0,0,490.18,none,0
T0050041,2026-01-30 00:45:16.668942,user_0787,burtonkimberly@oksbi,keymatthew@okhdfcbank,218.45,20,7a3a6e96-23ff-43d3-bb4f-b88a2f4dd219,Mumbai,234.93,0,0,203.08,none,0
T0006502,2026-01-01 13:20:12.511097,user_0530,melissahenry@ybl,cnelson@ybl,832.84,15,34981735-4d38-4415-a036-35fca88d4108,Jaipur,931.05,0,0,246.6,none,0
T0031575,2026-01-17 16:33:18.825717,user_0149,shane12@paytm,ghill@paytm,333.3,5,21bddb41-0699-4731-9dcf-8766a93b12cd,Chennai,254.52,0,0,660.22,none,0
T0003782,2026-01-03 14:13:26.943669,user_0703,tracey29@oksbi,davidglover@paytm,1273.91,9,ebd34616-91b7-4d8e-9301-6989bfbbb17f,Pune,734.42,0,0,607.42,none,0
T0030087,2026-01-20 00:14:10.711281,user_0112,princetravis@paytm,christophernelson@ybl,323.92,14,7b85179a-d5b0-47e0-aa5d-932b45ff2c83,Jaipur,607.8,0,0,1355.19,none,0
T0006833,2026-01-06 06:02:21.265868,user_0673,senglish@paytm,kellyalvarez@okhdfcbank,186.91,12,0d18ab95-668c-4477-8b95-017c5dae1201,Chennai,190.08,0,0,442.31,none,0
T0029366,2026-01-16 01:43:50.950026,user_0216,jvaldez@oksbi,danieljeffrey@okhdfcbank,736.25,11,ac3a812f-765e-4cb5-8f0d-55400ec7d662,Kolkata,729.4,0,0,356.89,none,0
T0025612,2026-01-14 06:59:03.717536,user_0537,mparsons@paytm,josephrivera@okhdfcbank,1409.2,9,66245bfa-4fcc-439a-b683-d2e6337ea2df,Delhi,1276.31,0,0,3036.39,none,0
T0026963,2026-01-19 08:44:59.443496,user_0406,knguyen@ybl,reyestina@okhdfcbank,98.34,11,0f6ce9bf-fe7e-4362-8a89-b0f0105291d3,Hyderabad,115.93,0,0,849.94,none,0
T0020591,2026-01-11 20:24:21.176738,user_0443,hlopez@okhdfcbank,angela14@ybl,309.38,8,a6fd0cb1-16e6-45c0-84cb-294fe86e8e63,Pune,190.13,0,0,200.28,none,0
T0007626,2026-01-02 21:35:18.034250,user_0620,kendra14@ibl,ischneider@paytm,623.65,15,21813d25-6552-48a6-83ff-50113d1a85dd,Jaipur,563.99,0,0,498.31,none,0
T0033858,2026-01-22 14:39:51.964421,user_0284,nathanlynch@paytm,danieljohnson@ybl,438.86,5,a65be22b-d5a3-46d9-8362-a810a2611b8d,Ahmedabad,299.61,0,0,1089.15,none,0
T0016901,2026-01-09 15:08:52.809581,user_0056,valdezandrew@ybl,jsmith@okhdfcbank,471.53,15,eb6c1016-cee6-44d0-9dac-6e8345241ea6,Jaipur,415.87,0,0,488.56,none,0
T0008014,2026-01-03 03:19:34.538194,user_0189,susan24@ibl,davidrasmussen@okhdfcbank,1893.29,8,ab9099a4-35a2-40ae-9af3-05535ec42e08,Ahmedabad,2486.04,0,0,78.28,none,0
T0051706,2026-01-29 05:35:49.663531,user_0299,hansenwesley@ybl,phines@ibl,528.31,10,a847bce7-90fa-4b57-a4ac-2130deaf528d,Lucknow,349.25,0,0,796.14,none,0
T0009592,2026-01-08 11:16:29.653677,user_0752,christopher74@okhdfcbank,scott44@okhdfcbank,630.15,12,20156a72-12e1-43a6-932c-ae01d2c65ee4,Mumbai,557.31,0,0,2397.75,none,0
T0051565,2026-01-24 13:05:31.471253,user_0429,marcus51@paytm,chrisperez@ybl,222.48,18,fa207403-4ab4-47e3-a360-76812bbba89d,Pune,222.16,0,1,145.16,none,0
T0024100,2026-01-16 13:13:37.157963,user_0644,terrireyes@oksbi,samanthabowers@okhdfcbank,496.77,17,8e4c3ab5-6d5d-4477-adc2-9178a0411612,Chennai,684.09,0,0,34.73,none,0
T0005502,2026-01-07 14:38:39.527383,user_0445,xreese@oksbi,bmayo@paytm,1158.54,20,4f67448e-10ec-4b1f-a4a5-c736ae59aa52,Kolkata,1091.29,0,0,3750.53,none,0
T0027165,2026-01-19 05:45:19.839223,user_0120,tranryan@ybl,trujillolauren@okhdfcbank,188.35,16,db23aa8c-3bca-4f85-a20a-60ac9261549d,Chennai,356.48,0,0,285.8,none,0
T0000281,2026-01-01 02:06:30.741880,user_0416,norrismichael@okhdfcbank,christinesolomon@ibl,535.66,14,7c16128d-b2c0-4394-a17f-29e170286046,Bengaluru,474.98,0,0,126.51,none,0
T0022903,2026-01-05 14:44:04.628415,user_0409,jbarker@oksbi,fwhite@ybl,1282.86,20,46fde062-a33d-47af-9701-410d3f4b1a70,Jaipur,944.75,0,0,770.61,none,0
T0048247,2026-01-29 13:26:28.597571,user_0288,melissagalvan@ybl,joneseric@ibl,429.67,15,502cf0ee-224a-46a6-ac0f-680115b24e1d,Pune,363.48,0,0,700.16,none,0
T0046782,2026-01-27 21:07:22.593041,user_0703,tracey29@oksbi,hlee@ibl,1086.1,23,48998e5f-d40e-43ce-92a7-4a4144bed486,Pune,734.42,0,0,1190.0,none,0
T0033809,2026-01-16 08:21:36.204648,user_0461,duncanashley@ibl,marthaklein@okhdfcbank,384.2,15,0cb5ee5c-62f5-47c2-8706-fec248fa4e98,Pune,353.19,0,0,1259.28,none,0
T0015105,2026-01-08 02:23:12.294447,user_0347,emily77@ybl,natasha55@ibl,338.77,14,436e3c49-770e-49db-b092-d40143675d58,Hyderabad,344.85,0,1,1180.86,none,0
T0024579,2026-01-09 17:06:46.215330,user_0713,zsmith@paytm,jennifercampos@ybl,698.35,16,b46788bd-d38e-43e4-8de1-087bafa14a55,Jaipur,808.0,0,0,89.26,none,0
T0026692,2026-01-10 12:01:59.558921,user_0656,rgonzalez@ibl,samantha27@okhdfcbank,434.15,23,cf0df860-ebc9-4914-9176-a9d19a3624d6,Kolkata,438.15,0,1,394.11,none,0
T0009202,2026-01-07 15:39:14.875733,user_0316,loweelizabeth@paytm,kristycole@oksbi,678.15,22,781799ff-b49e-44cc-8243-69e72387eaf6,Bengaluru,1061.27,0,0,1.58,none,0
T0015775,2026-01-08 19:07:47.396243,user_0244,macdonalddylan@ybl,kristenschaefer@ibl,909.54,13,4b657bcc-b041-4f19-bbe7-18354e8bf78a,Mumbai,778.2,0,0,239.33,none,0
T0034812,2026-01-19 23:55:47.833494,user_0367,amy28@paytm,garmstrong@okhdfcbank,185.99,16,74797b61-2737-4b52-ba6a-210722319050,Mumbai,175.24,0,0,496.53,none,0
T0039429,2026-01-16 15:29:36.710592,user_0290,christinacraig@oksbi,zsandoval@okhdfcbank,346.11,14,d0e6e660-7c69-4ee1-bb5e-4bcf15ed6269,Kolkata,623.13,0,0,347.94,none,0
T0040832,2026-01-24 08:40:58.780227,user_0679,robert89@ibl,susan57@ybl,919.84,8,abaded87-32b0-4fa3-94dd-a22999a37b40,Pune,839.11,1,0,1.86,mule_burst,1
T0039635,2026-01-21 11:10:29.895540,user_0004,charlene44@ybl,hernandezcourtney@oksbi,1052.47,20,23a13e20-7fd2-45ee-ac48-436668bd80d7,Bengaluru,1909.89,0,0,918.42,none,0
T0053938,2026-01-23 18:44:43.569322,user_0639,cassandra28@paytm,rileymichael@oksbi,751.51,21,2a9528c3-5ae1-4bad-aa29-60fda85894df,Lucknow,687.35,0,0,152.98,none,0
T0003431,2026-01-01 09:04:24.810013,user_0795,brownmichael@ibl,evansjason@oksbi,628.98,14,3c9ad14c-ee0c-4eb5-acfe-db992790cebd,Pune,563.53,0,0,544.41,none,0
T0041411,2026-01-26 23:34:29.012786,user_0032,matthewbenitez@oksbi,lsmith@ibl,194.13,16,7c0e8cd8-8573-4793-8715-b2b9c40c5d91,Chennai,424.64,0,0,244.73,none,0
T0044997,2026-01-21 02:19:21.497339,user_0301,heather69@oksbi,xbrown@paytm,1534.28,18,b02b61c4-a3d7-4628-ace6-6fa2fd5166e6,Hyderabad,1187.78,0,0,1281.77,none,0
T0025172,2026-01-13 08:18:56.339925,user_0791,stevensims@ybl,hwood@oksbi,1184.14,13,ab9099a4-35a2-40ae-9af3-05535ec42e08,Hyderabad,1535.54,0,0,48.64,none,0
T0029085,2026-01-17 02:49:16.575622,user_0352,martinjeremy@okhdfcbank,tracey50@oksbi,1235.73,21,750d112e-8164-4eec-a4ab-851bf1fac6e7,Chennai,871.94,0,0,655.48,none,0
T0052849,2026-01-25 05:33:56.696816,user_0279,craigromero@okhdfcbank,rhondaromero@oksbi,810.03,17,9d264599-c4dd-4df5-9aec-56a857311609,Hyderabad,652.77,0,0,403.44,none,0
T0021570,2026-01-12 12:44:44.300421,user_0004,charlene44@ybl,robinsonmichael@okhdfcbank,2052.11,8,23a13e20-7fd2-45ee-ac48-436668bd80d7,Delhi,1909.89,0,1,22.95,none,0
T0032129,2026-01-20 14:02:54.610774,user_0636,efreeman@oksbi,susan64@ibl,1812.88,7,d0725b5c-a281-4044-af96-288295d82980,Chennai,1274.46,0,0,142.1,none,0
T0047585,2026-01-22 09:51:58.059116,user_0265,eanderson@oksbi,pateljoseph@ibl,863.77,12,73d39457-b25f-43df-b8d4-9848702ba49f,Lucknow,662.91,0,0,96.57,none,0
T0055436,2026-01-29 00:51:03.527849,user_0445,xreese@oksbi,christinasmith@ibl,1701.9,21,4f67448e-10ec-4b1f-a4a5-c736ae59aa52,Kolkata,1091.29,0,0,81.47,none,0
T0044363,2026-01-25 20:20:12.266505,user_0701,kimberly37@paytm,elizabethrice@okhdfcbank,359.25,12,7eccdaf4-c413-4dc2-85c5-ae8abe15ad12,Jaipur,459.14,0,0,845.82,none,0
T0039670,2026-01-17 19:16:28.890125,user_0485,christina79@ibl,dominguezmary@paytm,356.27,6,12a1fe7d-dfa5-4722-8a1f-c9df9a591974,Bengaluru,438.72,0,0,347.16,none,0
T0037268,2026-01-20 07:05:21.065912,user_0302,wcarrillo@ybl,vincentethan@ibl,731.79,18,0e51f30d-c6a7-4e39-84b0-32ccd7c524a5,Bengaluru,769.29,0,0,1269.33,none,0
T0005962,2026-01-02 11:49:39.128235,user_0615,smithsarah@ibl,jessicasmith@oksbi,356.07,20,8fddbebc-f7ff-48d4-b509-f08a2c988bca,Delhi,249.37,0,0,135.04,none,0
T0043270,2026-01-26 10:18:03.996319,user_0626,ruizemma@oksbi,larry34@oksbi,1346.99,9,e2c328aa-3310-4475-8a86-22250b36e356,Lucknow,1171.08,0,0,76.3,none,0
T0006803,2026-01-05 13:17:23.666876,user_0390,jenniferacosta@ibl,david93@oksbi,1254.87,22,292bd156-db94-4570-9ac7-0ec0ab8ddeb4,Delhi,1163.09,0,0,33.66,none,0
T0021926,2026-01-21 14:45:23.673918,user_0437,dowen@okhdfcbank,dcole@ibl,202.13,4,9be71737-06b8-4231-8e86-7f3ca487eeab,Pune,415.49,0,0,1185.37,none,0
T0020833,2026-01-14 08:15:41.471001,user_0034,kimberlyfreeman@okhdfcbank,gmarsh@ibl,1993.21,7,95831d58-ef4c-4119-8da5-d39b42c21797,Chennai,1403.38,0,0,701.96,none,0
T0030714,2026-01-18 17:31:03.923778,user_0266,reneemiller@paytm,melissa17@paytm,262.18,12,2ab8bd33-911f-430b-9bff-00b07fe670f3,Chennai,312.23,0,0,230.8,none,0
T0059792,2026-01-26 04:30:33.396276,user_0126,shawn22@ybl,mario12@oksbi,577.69,16,5d71a898-6497-4593-892e-8c93d105c8d6,Ahmedabad,1019.57,0,0,22.4,none,0
T0002190,2026-01-01 23:01:58.570498,user_0501,mckeetodd@ibl,nicole69@oksbi,478.72,11,4aea1b8f-b43c-4e0a-ba9f-c10e52daf681,Ahmedabad,483.5,0,0,94.43,none,0
T0030441,2026-01-22 01:14:58.378678,user_0305,oschultz@ibl,shannonhall@okhdfcbank,1317.83,15,4baf0f5e-a932-4094-93f2-8f11147f6570,Ahmedabad,1056.87,0,0,235.27,none,0
T0034748,2026-01-19 13:24:22.392759,user_0190,susan08@oksbi,cherylwallace@paytm,1285.47,16,ae62990c-19bd-4f93-b8ef-7666b7a4c719,Chennai,1511.37,0,0,1166.12,none,0
T0006134,2026-01-02 10:02:34.910882,user_0138,maryvaughn@ibl,heidiwilson@okhdfcbank,1346.69,13,e1035e1c-e3bb-42ae-a552-ac5309eda6f5,Kolkata,1132.79,0,0,193.93,none,0
T0048761,2026-01-27 10:02:17.701694,user_0576,thomas14@paytm,mollyrice@ybl,408.62,14,f387e1bd-2d59-42c6-934a-5a2fa7cf705c,Hyderabad,435.29,0,0,724.83,none,0
T0008207,2026-01-04 16:36:40.281863,user_0593,collierjames@paytm,brenda15@oksbi,445.44,11,6c521d13-b719-4b68-a775-ee42a89e22f2,Delhi,496.98,0,1,514.25,none,0
T0028169,2026-01-15 20:50:10.213750,user_0562,fjimenez@oksbi,tinaortega@oksbi,751.67,7,9191b363-4e2d-4645-adc7-cac7fd72b050,Bengaluru,692.33,0,0,12.07,none,0
T0052627,2026-01-31 21:32:05.206930,user_0730,pauladominguez@ybl,nicolethomas@okhdfcbank,940.39,8,a847bce7-90fa-4b57-a4ac-2130deaf528d,Delhi,759.82,0,0,155.12,none,0
T0006635,2026-01-05 10:20:52.535703,user_0416,norrismichael@okhdfcbank,katelyncarey@ybl,568.89,19,92502e59-13f0-4822-9374-8a1145712959,Bengaluru,474.98,0,0,156.16,none,0
T0028666,2026-01-21 07:23:33.926698,user_0291,john02@oksbi,lisanicholson@ibl,927.49,17,f1738856-e25d-46eb-9e9a-9f83066803ee,Bengaluru,1318.43,0,0,551.22,none,0
T0018423,2026-01-07 19:16:33.033436,user_0759,victor70@paytm,mitchell06@ibl,121.01,10,8991b01a-a2b0-4c4b-bc96-6b552f8d8ded,Delhi,230.62,0,0,25.77,none,0
T0019876,2026-01-09 00:45:31.826001,user_0403,kingdanielle@okhdfcbank,nfoster@ybl,1016.98,19,de431e06-e924-4069-80bb-ae526ec01269,Pune,1418.34,0,0,1262.42,none,0
T0058619,2026-02-02 14:55:20.468334,user_0246,kgreene@paytm,robertscole@oksbi,2049.84,19,1519830c-4019-4303-9c45-7e4da79313b8,Chennai,2096.02,0,0,174.52,none,0
T0031368,2026-01-20 23:28:08.712075,user_0414,tonystewart@ybl,xfisher@ybl,851.79,9,52961fb3-4d40-4b28-9628-ddcd19dd3e8c,Lucknow,808.85,0,0,1099.09,none,0
T0040403,2026-01-27 09:47:04.957975,user_0598,annette58@ybl,ejackson@paytm,400.36,5,b0e6a969-e213-42b0-b1ee-dba313432e61,Lucknow,696.98,0,0,38.04,none,0
T0020375,2026-01-11 22:32:14.425892,user_0311,staceyvega@ybl,reednicholas@okhdfcbank,593.18,15,aaf91531-0200-41f0-8768-a84fa76afde6,Lucknow,741.44,0,0,791.62,none,0
T0020690,2026-01-13 17:21:55.424293,user_0660,woodana@oksbi,maryporter@okhdfcbank,2083.39,14,9416e4dc-c6b2-4def-b8d8-b7f1c86c6544,Kolkata,1363.02,0,0,14.3,none,0
T0004850,2026-01-02 10:35:21.515544,user_0150,jillwilson@ybl,richardmiddleton@paytm,1531.07,22,1a89b71e-a0d5-42c8-a837-fe68bba205ca,Hyderabad,1311.85,0,0,307.15,none,0
T0055235,2026-01-28 23:48:29.113578,user_0062,daniel17@oksbi,natalie81@okhdfcbank,549.17,15,186b2880-ab54-4a15-a69d-01ff1634725b,Hyderabad,636.8,0,0,386.46,none,0
T0046591,2026-01-27 00:11:50.714229,user_0311,staceyvega@ybl,dennis45@oksbi,1286.3,12,aaf91531-0200-41f0-8768-a84fa76afde6,Lucknow,741.44,0,0,241.78,none,0
T0055119,2026-02-01 09:41:15.108652,user_0156,tracy98@okhdfcbank,william57@paytm,1231.99,15,c6435300-68a5-4c68-a32d-bb5e486bb6bf,Mumbai,1202.03,0,0,1132.14,none,0
T0033446,2026-01-13 21:11:11.530092,user_0159,robertherrera@oksbi,gloriasolomon@ibl,258.46,19,9c7c7377-79a2-4903-bbe3-3b243eae0032,Lucknow,217.29,0,0,564.52,none,0
T0011799,2026-01-07 18:45:20.481000,user_0594,sandra77@ybl,angelaalvarado@oksbi,2028.21,15,143029a9-d88f-4c94-88b7-63d5e519dd7e,Kolkata,1904.54,0,0,154.83,none,0
T0019634,2026-01-11 13:06:08.520344,user_0202,christine35@ybl,sarah61@ybl,272.62,18,14296c07-f26b-4776-913e-4de2e0c53cb8,Ahmedabad,213.63,0,0,347.91,none,0
T0059120,2026-01-29 00:41:49.445756,user_0016,jenniferrios@ybl,princekimberly@paytm,395.37,17,0eaf04b5-f2a9-4c8a-8a9e-4a62fae3114b,Chennai,452.11,0,0,432.58,none,0
T0020028,2026-01-15 07:30:10.726755,user_0344,andrew15@ybl,fcummings@oksbi,520.05,3,759cde66-bacf-43d0-8b1f-9163ce9ff57f,Kolkata,586.79,0,1,801.54,none,0
T0040595,2026-01-24 17:17:20.905910,user_0427,rlee@oksbi,taylorchloe@paytm,160.42,14,c3a00c6f-2321-41e1-8471-04c036136e15,Hyderabad,407.73,0,0,25.22,none,0
T0025156,2026-01-16 03:07:17.513201,user_0735,scottlisa@ibl,iwilliams@ibl,532.21,13,f7315749-4f39-49a8-bd3a-258288b4f474,Pune,397.6,0,0,2839.08,none,0
T0050091,2026-02-02 20:16:17.060878,user_0358,clarkrandy@ibl,carrie03@oksbi,2678.5,11,d9b59f84-edc3-41c3-adea-2d2d086c405f,Mumbai,1924.22,0,1,168.17,none,0
T0045746,2026-01-31 21:02:33.555036,user_0546,vaughnrebecca@paytm,natalie55@ibl,1174.96,8,94a1875d-2db6-4edb-82de-ffccf86c2ca2,Kolkata,981.44,0,1,1502.56,none,0
T0016476,2026-01-07 23:58:09.380255,user_0187,wellsamanda@okhdfcbank,hannahnelson@ybl,508.64,14,310c0c00-3fa7-4104-9bf9-0e27dc96925e,Delhi,651.69,0,0,201.32,none,0
T0041211,2026-01-22 19:17:17.835412,user_0750,chensusan@oksbi,hesskaren@ibl,732.3,10,3139d32c-93cd-49bf-9c94-1cf0dc98d2c1,Jaipur,612.41,0,0,1658.14,none,0
T0008042,2026-01-06 21:48:00.059998,user_0053,daviddawson@okhdfcbank,fpatterson@ybl,816.52,16,dabf984e-53ff-4461-aa1f-1b61265cb9d9,Pune,901.25,0,0,1926.5,none,0
T0032223,2026-01-24 12:13:27.314836,user_0652,pmurphy@paytm,debracruz@paytm,745.44,19,4c6a70f4-8ede-444d-876c-f68c3f1be0d0,Mumbai,631.23,0,0,2231.19,none,0
T0038473,2026-01-19 18:43:14.554665,user_0165,susanfleming@ibl,johnturner@okhdfcbank,708.98,23,cbb18c79-1036-408d-99a0-90075bb47c18,Jaipur,536.83,0,0,274.19,none,0
T0041755,2026-01-28 00:38:20.298825,user_0315,eric11@paytm,jacksoncathy@okhdfcbank,1806.67,9,43ad3d62-b17c-4b21-8dbc-2c1ca4afe7bd,Delhi,1772.55,0,1,84.43,none,0
T0021238,2026-01-08 00:11:52.166695,user_0558,barneskyle@ybl,rodriguezedward@paytm,57.71,16,c926a021-19da-4262-8790-3dc5900c0af7,Ahmedabad,84.92,0,0,946.91,none,0
T0012494,2026-01-03 21:09:10.560350,user_0670,thomasnicole@ibl,jamesstewart@paytm,208.53,14,0eaf04b5-f2a9-4c8a-8a9e-4a62fae3114b,Chennai,325.38,0,0,198.46,none,0
T0036668,2026-01-19 15:10:20.482311,user_0156,tracy98@okhdfcbank,wsolomon@oksbi,1654.54,6,c6435300-68a5-4c68-a32d-bb5e486bb6bf,Mumbai,1202.03,0,0,402.52,none,0
T0038673,2026-01-20 23:04:02.353256,user_0273,cheryl63@paytm,anita40@okhdfcbank,348.57,13,3be79df4-72ec-416e-88a7-23e9bfa016c2,Mumbai,478.53,0,0,602.86,none,0
T0037258,2026-01-24 08:27:23.813082,user_0505,matthew62@oksbi,martindavid@ybl,642.82,13,2c78644f-d860-45a2-bdd5-b0f8d6d744fd,Delhi,1134.43,0,1,904.46,none,0
T0017677,2026-01-10 07:24:44.618753,user_0257,thompsonrachel@ybl,ahale@ibl,135.69,17,042b03ca-75a7-4686-9632-1d31c8acffcf,Mumbai,117.55,0,0,195.28,none,0
T0046755,2026-01-21 19:58:20.884539,user_0537,mparsons@paytm,dominique51@paytm,920.53,15,66245bfa-4fcc-439a-b683-d2e6337ea2df,Delhi,1276.31,0,0,945.73,none,0
T0024423,2026-01-16 18:00:48.425923,user_0150,jillwilson@ybl,william02@paytm,900.77,23,1a89b71e-a0d5-42c8-a837-fe68bba205ca,Chennai,1311.85,0,1,242.18,none,0
T0019959,2026-01-11 00:27:54.838974,user_0653,davislisa@okhdfcbank,erivera@okhdfcbank,899.98,0,287d06ca-6f4c-469a-8b22-d3081c8eaee9,Jaipur,724.74,0,0,559.17,none,0
T0029149,2026-01-16 18:01:37.564474,user_0792,joshualee@ybl,pjones@oksbi,1313.36,14,9d66e815-5a41-43b3-a95f-176cdebac186,Hyderabad,1161.12,0,0,180.49,none,0
T0048034,2026-01-22 08:29:59.260039,user_0171,jacksonstephanie@oksbi,joshuamcknight@oksbi,309.3,11,f0b2a5d1-8c7e-4f42-a646-eaf9d5c0244d,Pune,444.04,0,0,126.07,none,0
T0008901,2026-01-07 17:48:32.649809,user_0093,jhernandez@ibl,courtneyking@ybl,728.37,12,0cb5ee5c-62f5-47c2-8706-fec248fa4e98,Mumbai,843.94,0,0,373.01,none,0
T0031681,2026-01-17 14:15:14.373151,user_0103,petersenlatoya@oksbi,joshua53@oksbi,408.74,17,0123a348-638a-4df6-adf7-2cd3979aa051,Chennai,398.27,0,0,135.72,none,0
T0046371,2026-01-25 01:43:34.581775,user_0063,chelseastrickland@oksbi,johntodd@ybl,737.98,16,5c62b3a2-3a3c-463e-8bd6-cee631b1b099,Ahmedabad,947.84,0,1,525.91,none,0
T0053580,2026-01-21 12:32:39.604358,user_0570,butlergregory@paytm,ahowell@paytm,623.81,18,81627cf1-4394-42e6-9a58-7e8aa25d6b29,Jaipur,581.79,0,0,69.09,none,0
T0045615,2026-02-01 02:36:54.647119,user_0753,gregorywilliams@oksbi,jessicathompson@ibl,462.62,13,4082cbb9-48bd-4b3e-a2f5-df2badaa44ca,Mumbai,447.43,0,0,3355.93,none,0
T0056027,2026-01-30 09:32:04.674493,user_0619,james44@ybl,aprilhill@paytm,544.13,19,e2acf72f-9e57-4f7a-a0ee-89aed453dd32,Pune,552.09,0,1,42.38,none,0
T0029195,2026-01-12 16:20:47.407119,user_0012,michelle44@ibl,amandapatterson@oksbi,1141.88,11,16de66c9-6210-4ef6-ba9c-43081221cddf,Jaipur,1796.07,0,0,1023.78,none,0
T0028536,2026-01-14 02:45:44.655575,user_0412,sarah00@ibl,robert08@ibl,793.35,8,e8334da5-de95-4695-b579-c1437ab99428,Mumbai,888.58,0,0,1332.43,none,0
T0048625,2026-01-20 09:13:29.913377,user_0670,thomasnicole@ibl,rthomas@oksbi,160.69,7,271e3ee2-b1a6-41f1-a20e-99d33b33f3d8,Chennai,325.38,0,0,97.92,none,0
T0055637,2026-01-24 07:07:08.989988,user_0670,thomasnicole@ibl,danielallen@oksbi,373.24,20,0eaf04b5-f2a9-4c8a-8a9e-4a62fae3114b,Chennai,325.38,0,0,76.25,none,0
T0038402,2026-01-23 08:25:51.599149,user_0427,rlee@oksbi,jason04@paytm,360.3,19,c3a00c6f-2321-41e1-8471-04c036136e15,Hyderabad,407.73,0,1,242.76,none,0
T0010733,2026-01-04 06:43:14.139746,user_0163,wilsonmichael@oksbi,fcalhoun@paytm,703.59,20,b8beff3d-cb9f-4f6d-af3a-6f27ef06fccb,Ahmedabad,984.9,0,0,92.39,none,0
T0010767,2026-01-02 09:05:06.149215,user_0489,mistywilkins@paytm,pbrown@oksbi,760.43,8,929d6377-1cfb-455f-82c4-2e488cbadae5,Chennai,470.23,0,0,289.45,none,0
T0049336,2026-01-26 20:01:27.131995,user_0385,derrickrodriguez@ybl,iterry@okhdfcbank,144.71,14,5230dfbd-5553-42fe-a889-803e5913f9d3,Lucknow,116.88,0,1,1158.68,none,0
T0022881,2026-01-14 05:06:14.025235,user_0723,foxgina@paytm,archersteven@oksbi,1360.3,9,09cb3942-43f5-4a85-bbc9-f87af668a617,Chennai,1342.79,0,0,386.73,none,0
T0011265,2026-01-12 00:32:13.503340,user_0518,dianacunningham@oksbi,yramsey@ybl,795.89,8,c777a07f-6346-44ef-a9ef-74e34ab6821c,Jaipur,740.94,0,0,299.9,none,0
T0016702,2026-01-12 08:05:43.963073,user_0053,daviddawson@okhdfcbank,kellymadison@ibl,1090.55,19,9f8cc29f-fd35-4c5f-9347-9a3b479bc637,Pune,901.25,0,0,7.89,none,0
T0023934,2026-01-15 00:33:32.591594,user_0488,rodriguezbrian@okhdfcbank,justin39@okhdfcbank,337.31,15,03c72ba8-d605-4770-8a63-f881ffd0f9d5,Bengaluru,463.23,0,0,1775.62,none,0
T0050583,2026-01-28 19:56:08.336969,user_0775,kathrynwatkins@ybl,nobleanna@paytm,312.23,8,5a2837b2-cb83-43f2-bb96-f6022b115c36,Chennai,427.41,0,0,947.28,none,0
T0039318,2026-01-14 18:13:59.681072,user_0602,ashleyprice@ybl,anne52@paytm,1111.72,10,2877f5d9-0f56-45f8-b048-faa112ae5c22,Bengaluru,1713.46,0,0,153.92,none,0
T0056271,2026-02-03 00:15:54.316319,user_0745,rebecca90@okhdfcbank,slopez@ibl,1106.35,15,989240ac-e689-43a9-89e4-8e8c25c61c45,Mumbai,1029.31,0,0,139.32,none,0
T0054035,2026-02-01 03:38:44.663596,user_0603,hancockkaren@oksbi,matthewwhite@oksbi,1118.98,16,32f8dbab-b462-43e8-9c41-8a83eb04159c,Jaipur,1005.71,0,0,231.43,none,0
T0016290,2026-01-11 20:56:39.328257,user_0041,jessicadodson@ibl,trevorluna@okhdfcbank,1274.75,9,50032b35-1857-4baf-bac7-e2b96a7e4c36,Jaipur,1690.9,0,0,1158.33,none,0
T0023913,2026-01-09 17:23:31.657564,user_0132,qaguilar@oksbi,seanconway@okhdfcbank,5.55,18,75f71342-d217-4a27-a910-430b5a542589,Ahmedabad,601.7,1,0,264.46,probing,1
T0035187,2026-01-24 01:23:29.556376,user_0192,fmedina@paytm,raymond43@ibl,533.72,15,24108e9a-3f77-4cae-b318-b96d44790612,Mumbai,710.36,0,0,498.8,none,0
T0026168,2026-01-19 03:24:01.637697,user_0111,amy51@oksbi,kristinaallen@ybl,668.03,14,ef0a573d-53d2-456d-9040-158728e213bc,Kolkata,998.14,0,0,433.81,none,0
T0050462,2026-01-28 07:49:37.709243,user_0218,stevendixon@paytm,chadreynolds@oksbi,2644.06,22,5f89ed12-64d6-4fbf-98c0-1e2bf99f0704,Delhi,2561.28,0,0,535.75,none,0
T0055770,2026-02-07 10:00:47.267202,user_0437,dowen@okhdfcbank,harrybrooks@ybl,272.91,16,9be71737-06b8-4231-8e86-7f3ca487eeab,Pune,415.49,0,0,1053.43,none,0
T0029942,2026-01-16 11:04:18.195859,user_0257,thompsonrachel@ybl,kaitlynthompson@okhdfcbank,125.7,7,042b03ca-75a7-4686-9632-1d31c8acffcf,Mumbai,117.55,0,0,328.87,none,0
T0007026,2026-01-05 07:40:36.749685,user_0039,epowell@paytm,calexander@ybl,640.68,23,54c63cd8-8945-4f27-97fa-2d8dfb2ca025,Bengaluru,625.32,0,1,526.21,none,0
T0033651,2026-01-10 12:45:22.395203,user_0126,shawn22@ybl,yhall@okhdfcbank,888.94,9,5d71a898-6497-4593-892e-8c93d105c8d6,Jaipur,1019.57,0,1,258.55,none,0
T0020780,2026-01-15 21:54:09.755666,user_0493,ana92@ibl,jenniferfleming@ybl,299.57,18,b7b8c1a5-9a45-493d-b227-890e4e76833a,Hyderabad,447.65,0,0,28.21,none,0
T0029736,2026-01-13 01:20:05.263500,user_0306,laurengutierrez@ibl,stephen65@paytm,149.56,20,b7f60cdf-41dc-4c60-a5f6-0735757b6b29,Lucknow,179.92,0,0,309.28,none,0
T0033149,2026-01-16 09:14:48.625599,user_0273,cheryl63@paytm,rpayne@oksbi,414.5,13,3be79df4-72ec-416e-88a7-23e9bfa016c2,Mumbai,478.53,0,0,399.07,none,0
T0000420,2026-01-02 00:15:28.686746,user_0291,john02@oksbi,jason88@ibl,1078.47,15,bd1a8f4b-88ff-4d40-bb72-c86d92fa675f,Bengaluru,1318.43,0,0,468.22,none,0
T0006704,2026-01-05 03:41:00.993219,user_0618,andrew43@ybl,destiny35@paytm,566.89,15,033d2bce-575a-4d2c-a5c5-650c8186a576,Hyderabad,552.34,0,0,358.09,none,0
T0042359,2026-01-25 23:43:16.463566,user_0522,tali@oksbi,ricardo82@okhdfcbank,2642.59,4,11b461e9-b15d-472d-94ce-e27c4a94ae9f,Mumbai,1908.09,0,1,133.03,none,0
T0008882,2026-01-05 01:01:48.825385,user_0271,qpearson@paytm,ryan84@oksbi,676.96,18,15969802-b6dd-4257-bb7d-9f1c57eb89b1,Mumbai,660.33,0,0,292.38,none,0
T0030620,2026-01-19 12:12:31.344879,user_0457,andrew48@oksbi,stephanielee@okhdfcbank,468.76,18,aaf91531-0200-41f0-8768-a84fa76afde6,Delhi,484.11,0,1,338.54,none,0
T0030534,2026-01-14 16:43:03.502294,user_0231,nicholasgray@paytm,osmith@ybl,521.51,5,23c8afdb-83f8-4f16-a4a4-474c9b33e3a4,Jaipur,502.55,0,0,1153.91,none,0
T0046444,2026-01-21 09:17:59.524880,user_0797,vwilliams@okhdfcbank,johnsonderek@ybl,743.37,20,74bd0c93-8177-4661-b7fe-032c02571851,Delhi,980.88,0,0,290.58,none,0
T0023393,2026-01-11 00:32:43.241098,user_0716,stephanie69@ybl,brittany44@oksbi,1283.65,17,9be71737-06b8-4231-8e86-7f3ca487eeab,Chennai,1580.38,0,0,5.02,none,0
T0018943,2026-01-12 19:50:02.726067,user_0515,biancasutton@okhdfcbank,wbarnes@ibl,922.93,14,f11c0ac5-8c0b-493a-9333-5bc9bb635ff5,Lucknow,925.75,0,1,830.97,none,0
T0030624,2026-01-20 00:36:17.085901,user_0466,michael66@ybl,williamsfrancisco@ibl,752.31,13,fbe94499-dbc0-40fd-86fb-7bf300b9d4a3,Chennai,760.07,0,0,149.24,none,0
T0050389,2026-01-22 12:42:03.672052,user_0761,sullivanjason@ibl,mckenziewilliam@oksbi,840.43,17,34885a46-9088-4eaf-8977-6598203c8c25,Chennai,1037.19,0,0,411.72,none,0
T0015239,2026-01-10 09:04:53.815710,user_0041,jessicadodson@ibl,acostarhonda@oksbi,2566.94,3,50032b35-1857-4baf-bac7-e2b96a7e4c36,Jaipur,1690.9,0,0,334.16,none,0
T0018888,2026-01-08 15:36:13.051981,user_0778,samuelfrost@okhdfcbank,yparrish@ybl,659.57,8,5e09a9ee-af88-4dec-bb1e-143b196f4dfa,Bengaluru,495.12,0,0,80.8,none,0
T0041086,2026-02-02 13:51:52.580686,user_0106,velasquezmegan@ibl,shawcynthia@ibl,1043.58,14,96792482-a3c9-48e4-8d22-38e6c7bf4fbc,Jaipur,723.4,0,0,1959.68,none,0
T0051758,2026-02-01 07:44:23.948304,user_0248,stacey37@paytm,nicoleburton@oksbi,1997.49,11,71efe72a-ae13-491e-84fa-4c7239e7a4f1,Kolkata,1702.6,0,0,195.72,none,0
T0059376,2026-02-10 18:24:00.364135,user_0315,eric11@paytm,brenda02@paytm,2760.32,10,43ad3d62-b17c-4b21-8dbc-2c1ca4afe7bd,Jaipur,1772.55,0,0,231.32,none,0
T0020916,2026-01-12 12:21:47.158202,user_0004,charlene44@ybl,michael04@paytm,2238.08,13,23a13e20-7fd2-45ee-ac48-436668bd80d7,Bengaluru,1909.89,0,0,60.8,none,0
T0057664,2026-01-25 02:43:33.120438,user_0068,conleyelizabeth@ybl,andrew66@paytm,441.94,12,47a2a10b-b62e-4b49-a472-96a4ff38b918,Lucknow,748.26,0,0,372.62,none,0
T0048531,2026-01-28 16:08:13.879628,user_0391,christophersmith@oksbi,angie44@okhdfcbank,251.58,8,9f8cc29f-fd35-4c5f-9347-9a3b479bc637,Delhi,287.08,0,0,487.98,none,0
T0003737,2026-01-01 16:26:08.783693,user_0234,tommy79@paytm,owenmeagan@okhdfcbank,789.61,16,ebe9e207-4f19-4ec0-832d-4526b3e4110a,Delhi,1581.93,0,0,405.5,none,0
T0035969,2026-01-20 11:10:24.421081,user_0688,harrisonwilliam@okhdfcbank,qgutierrez@ibl,1441.14,11,f6d22a7b-aec7-4a82-948b-4376602a4e57,Bengaluru,1590.87,0,0,189.27,none,0
T0017567,2026-01-08 22:02:19.981885,user_0073,phelpsmichael@oksbi,ellisjames@paytm,968.16,9,92a81713-b90e-444b-951c-25d54d4c5280,Delhi,1185.23,0,0,97.15,none,0
T0010854,2026-01-07 11:32:05.345643,user_0184,kristin49@ybl,dhansen@paytm,1548.4,18,3c20592f-c04a-46c4-b3b6-3fe1d1843324,Jaipur,1643.58,0,1,735.57,none,0
T0013957,2026-01-09 01:11:18.958334,user_0740,gainesjennifer@paytm,esimmons@paytm,373.38,21,3f8c1097-c4da-4c2e-9bff-a27915c1604f,Lucknow,722.03,0,0,590.11,none,0
T0010390,2026-01-06 22:44:56.597170,user_0536,michelle36@okhdfcbank,eric63@paytm,195.64,12,bed63da0-8033-45c2-9413-d64db962c8a7,Mumbai,249.99,0,0,34.22,none,0
T0005034,2026-01-04 10:30:44.945530,user_0574,miguel61@ybl,allennathan@paytm,734.1,3,d5f25073-f414-42b1-a442-9ebbda7b9095,Delhi,1317.21,0,0,692.86,none,0
T0057647,2026-01-20 09:16:02.047818,user_0252,jennifercooper@oksbi,wrightdavid@oksbi,1224.36,5,1f5df912-54e0-4431-8f13-3b65d450afa2,Ahmedabad,1160.09,0,0,571.58,none,0
T0042417,2026-01-28 19:10:00.236779,user_0582,ostone@okhdfcbank,carlaclarke@paytm,1219.09,17,a5135ea0-fa53-434d-a6d5-901d8b621d41,Ahmedabad,824.18,0,0,53.65,none,0
T0036645,2026-01-19 12:14:06.738550,user_0165,susanfleming@ibl,owood@ybl,726.04,15,cbb18c79-1036-408d-99a0-90075bb47c18,Jaipur,536.83,0,0,204.64,none,0
T0021262,2026-01-14 02:20:55.225686,user_0742,kimberly07@ybl,edwinfisher@oksbi,425.34,17,53cd6268-610c-4373-8299-9aa40cdf742b,Hyderabad,448.85,0,1,637.3,none,0
T0004929,2026-01-06 05:14:31.716654,user_0619,james44@ybl,matthew87@ybl,632.85,11,e2acf72f-9e57-4f7a-a0ee-89aed453dd32,Mumbai,552.09,0,0,610.85,none,0
T0027741,2026-01-24 12:36:40.059271,user_0437,dowen@okhdfcbank,mariaschaefer@ibl,179.61,17,cb35097a-e5dd-48f1-88a7-38ab0df83e12,Pune,415.49,0,0,941.33,none,0
T0005082,2026-01-04 03:20:08.193195,user_0302,wcarrillo@ybl,ashley95@ybl,1121.77,12,0e51f30d-c6a7-4e39-84b0-32ccd7c524a5,Bengaluru,769.29,0,0,732.44,none,0
T0000747,2026-01-01 15:15:07.754160,user_0302,wcarrillo@ybl,kelsey58@ybl,779.73,14,0e51f30d-c6a7-4e39-84b0-32ccd7c524a5,Chennai,769.29,0,1,915.13,none,0
T0017192,2026-01-12 00:11:08.557100,user_0374,mauriceharrison@ybl,morgancruz@ibl,1402.86,6,0f1259e0-a18f-46b6-b535-106e122c9a56,Jaipur,1484.05,0,0,196.95,none,0
T0003146,2026-01-02 14:54:31.017680,user_0543,leescott@ybl,sandra38@ybl,127.15,11,27c6cbb1-cedd-469d-b96c-9a0a3404c02a,Delhi,256.73,0,0,735.92,none,0
T0054475,2026-02-03 05:19:40.190046,user_0703,tracey29@oksbi,ronaldcarpenter@okhdfcbank,822.06,3,ebd34616-91b7-4d8e-9301-6989bfbbb17f,Pune,734.42,0,1,132.86,none,0
T0007518,2026-01-04 07:33:57.199120,user_0786,carlsonjennifer@ibl,kevinbrown@okhdfcbank,931.28,14,8d244e3e-c4da-4ddb-a0b1-5abaa6a27967,Jaipur,816.66,0,1,665.55,none,0
T0033083,2026-01-17 02:29:34.494324,user_0735,scottlisa@ibl,mercermichael@okhdfcbank,262.6,3,f7315749-4f39-49a8-bd3a-258288b4f474,Pune,397.6,0,0,60.48,none,0
T0034920,2026-01-16 15:29:33.711086,user_0368,brittanybryant@oksbi,tamara62@ybl,118.23,12,2747b93c-9ae7-4eab-884a-67809136f1f8,Hyderabad,247.77,0,0,166.72,none,0
T0037752,2026-01-24 14:41:16.978820,user_0044,jeremywiley@ybl,carrcaitlin@paytm,445.43,11,fd235def-3e5a-47e3-9560-db22c96b5edb,Ahmedabad,698.34,0,0,59.83,none,0
T0003940,2026-01-01 14:24:29.425074,user_0568,benjamin09@okhdfcbank,mmurphy@ibl,190.7,15,76492e64-f55d-4e6d-ad26-8b378f5242d3,Hyderabad,422.87,0,0,81.95,none,0
T0052068,2026-02-02 14:54:30.766163,user_0339,kristen44@paytm,valerie59@oksbi,291.48,10,f5d8fb91-ee60-41ac-add0-622e266bf2ea,Chennai,367.06,0,0,130.89,none,0
T0023663,2026-01-12 18:54:01.347510,user_0547,cgallegos@paytm,christopherjones@okhdfcbank,1318.6,13,eb6c1016-cee6-44d0-9dac-6e8345241ea6,Mumbai,1106.69,0,0,535.03,none,0
T0020661,2026-01-13 05:12:19.086750,user_0673,senglish@paytm,robinsonann@ibl,207.34,21,0d18ab95-668c-4477-8b95-017c5dae1201,Chennai,190.08,0,0,182.69,none,0
T0059117,2026-02-04 17:24:49.438851,user_0004,charlene44@ybl,huynhbruce@ibl,2206.24,16,23a13e20-7fd2-45ee-ac48-436668bd80d7,Bengaluru,1909.89,0,0,131.03,none,0
T0022535,2026-01-15 18:49:52.886859,user_0793,ginaschmitt@paytm,briantucker@paytm,1174.93,12,6e3cdd4f-55b1-45e4-b0b2-7304545cd88d,Delhi,1374.64,0,0,0.88,mule_burst,1
T0017099,2026-01-10 05:17:09.812157,user_0117,owilliams@paytm,feliciablack@paytm,216.92,20,75f8e3a8-7d97-4c0f-bd56-09c4a4461663,Ahmedabad,200.48,0,0,689.59,none,0
T0040490,2026-01-28 22:36:31.178999,user_0710,vturner@ybl,briannathompson@okhdfcbank,762.71,13,eb6c1016-cee6-44d0-9dac-6e8345241ea6,Ahmedabad,957.3,0,0,48.42,none,0
T0008331,2026-01-07 10:46:39.619188,user_0026,nathan94@ybl,ricemichael@okhdfcbank,608.13,19,4baf0f5e-a932-4094-93f2-8f11147f6570,Kolkata,658.71,0,0,139.29,none,0
T0015557,2026-01-05 22:44:45.776348,user_0581,sara99@okhdfcbank,chelsea22@okhdfcbank,2711.22,13,b5cbe3f5-6a66-4184-bde1-bf5daf4847f0,Mumbai,2074.96,0,1,371.62,none,0
T0022728,2026-01-10 09:11:54.937188,user_0472,wmaddox@ibl,fmckinney@ibl,899.7,9,552e41e9-09f9-46e8-ac23-5236dc5d121a,Jaipur,522.37,1,1,22.32,geo_jump,1
T0016697,2026-01-09 04:23:17.147059,user_0553,wilsonshannon@paytm,ecooper@paytm,797.3,12,7de31a51-6694-4343-90ba-58e3d2762bdc,Ahmedabad,785.03,0,0,206.29,none,0
T0008943,2026-01-06 20:13:30.580324,user_0175,elucas@okhdfcbank,egarcia@okhdfcbank,903.17,11,0997623a-e072-4d96-8a1a-81f5ed10f004,Ahmedabad,888.28,0,0,498.58,none,0
T0020768,2026-01-13 09:32:25.254243,user_0317,duranamber@paytm,ywolfe@okhdfcbank,656.68,18,8ed6ad5e-1831-4aa3-9466-9d1910df9974,Kolkata,617.22,0,0,414.32,none,0
T0033132,2026-01-17 16:52:58.071151,user_0299,hansenwesley@ybl,amy65@okhdfcbank,447.23,12,a847bce7-90fa-4b57-a4ac-2130deaf528d,Lucknow,349.25,0,0,632.69,none,0
T0004172,2026-01-06 18:39:53.063265,user_0675,carnold@paytm,emily07@okhdfcbank,539.47,17,4cc9f5f2-e42e-4037-8a55-2ea08acbbe09,Delhi,607.26,0,0,236.42,none,0
T0046248,2026-01-25 05:30:07.050778,user_0402,sharon20@ibl,jessewashington@ybl,544.65,18,37bb3eec-4bf5-4b52-b09d-258c27a0c3d7,Hyderabad,481.53,0,0,150.12,none,0
T0028963,2026-01-22 16:04:57.446098,user_0313,moniqueclark@ibl,nicolemarshall@ybl,560.78,9,67ce378f-e5a4-483b-a383-889adb2c6ac8,Jaipur,460.93,0,0,1168.9,none,0
T0040740,2026-01-21 13:44:22.042519,user_0465,dmiller@ibl,lauramarshall@ybl,1248.81,17,8603156a-15ea-4bcf-ab10-21ceaa143cd8,Pune,1289.68,0,0,1840.13,none,0
T0009134,2026-01-05 17:48:31.321141,user_0488,rodriguezbrian@okhdfcbank,esmith@paytm,802.77,9,03c72ba8-d605-4770-8a63-f881ffd0f9d5,Bengaluru,463.23,0,0,1752.59,none,0
T0042477,2026-01-26 10:14:31.326373,user_0792,joshualee@ybl,samantha73@paytm,1627.94,14,20156a72-12e1-43a6-932c-ae01d2c65ee4,Hyderabad,1161.12,0,0,137.19,none,0
T0035576,2026-01-15 06:07:25.361543,user_0045,david68@ibl,mckinneycharles@ybl,1529.86,19,7e570ddf-8270-40a8-a369-b584ff5e9ff0,Mumbai,1895.02,0,0,51.4,none,0
T0009415,2026-01-02 08:05:21.852505,user_0356,bjackson@oksbi,baileyjulia@oksbi,246.13,22,9c1c3517-85d2-40a6-8629-5b5d707df251,Mumbai,386.11,0,0,385.33,none,0
T0044509,2026-01-16 11:10:54.872100,user_0796,ryancook@okhdfcbank,qryan@ibl,742.73,16,b42a2d93-9aba-4f15-b214-90623e1a963e,Ahmedabad,595.34,0,1,923.62,none,0
T0025470,2026-01-15 09:30:25.080216,user_0689,vberry@oksbi,sullivanaaron@okhdfcbank,273.08,10,e3c43657-1d8c-4bac-83b4-09ef2260e70f,Ahmedabad,371.65,0,0,101.43,none,0
T0015578,2026-01-07 07:26:49.960113,user_0459,devonrichardson@oksbi,rickymcdonald@ibl,782.2,23,473bd358-610e-4a64-a130-1617c2dff335,Lucknow,569.42,0,0,250.47,none,0
T0026980,2026-01-14 22:10:05.962624,user_0445,xreese@oksbi,patrickwhite@paytm,1204.48,15,4f67448e-10ec-4b1f-a4a5-c736ae59aa52,Kolkata,1091.29,0,0,90.04,none,0
T0024427,2026-01-07 08:12:16.657278,user_0694,douglaskelly@paytm,robertward@paytm,803.23,10,a3595d1f-7fe4-442e-bdb7-88a61cdcc4c2,Delhi,643.6,0,0,118.37,none,0
T0058872,2026-02-06 03:37:56.584026,user_0181,nicholsdarlene@okhdfcbank,krobbins@oksbi,669.24,11,a981b098-b2cf-452d-a7f3-33b3f7baf55e,Mumbai,617.61,0,0,192.21,none,0
T0018447,2026-01-08 16:22:08.930396,user_0083,perrybrittany@oksbi,sotoantonio@oksbi,172.47,12,03edd1f8-74f9-4d17-a912-b4bf86a4bae4,Bengaluru,563.8,0,0,75.47,none,0
T0054699,2026-01-31 04:40:39.114404,user_0644,terrireyes@oksbi,paynesarah@paytm,741.64,8,5da8d6d2-f8b3-4a8b-a05f-b8bc8a16a06c,Chennai,684.09,0,0,561.9,none,0
T0004556,2026-01-04 18:50:58.488297,user_0261,xboyd@oksbi,danielgriffin@oksbi,806.51,10,286ed390-edd9-4a1a-ba58-5b278ce3e7c3,Delhi,684.82,0,0,772.04,none,0
T0038591,2026-01-21 09:25:17.789780,user_0787,burtonkimberly@oksbi,handerson@okhdfcbank,149.8,18,75f8e3a8-7d97-4c0f-bd56-09c4a4461663,Mumbai,234.93,0,0,35.48,none,0
T0024418,2026-01-12 17:18:53.047494,user_0464,larsonkevin@ybl,cindy82@ybl,954.81,13,f5c9b047-9c10-4572-8f6b-40d09efba58b,Delhi,864.3,0,0,211.01,none,0
T0044653,2026-01-23 06:30:15.506749,user_0218,stevendixon@paytm,averymary@ybl,2016.64,7,5f89ed12-64d6-4fbf-98c0-1e2bf99f0704,Delhi,2561.28,0,0,273.75,none,0
T0029262,2026-01-17 09:06:29.354915,user_0115,ylewis@ibl,rosariojim@ibl,696.2,12,43ad3d62-b17c-4b21-8dbc-2c1ca4afe7bd,Chennai,679.76,0,0,704.61,none,0
T0000599,2026-01-01 21:09:49.792563,user_0610,jstein@ybl,victor72@paytm,277.74,20,b0ae8f08-c31e-4bbc-b36c-b62b892e6161,Lucknow,246.69,0,0,781.99,none,0
T0052381,2026-02-02 13:47:06.903949,user_0369,omills@ibl,bill30@oksbi,199.94,12,f8ded777-bb1e-4ae8-97d8-21b8bb93cd40,Mumbai,246.59,0,0,993.48,none,0
T0046036,2026-01-27 11:31:51.543541,user_0269,brooksjamie@ybl,stephen33@oksbi,311.26,8,61a11729-3cb9-4350-9b4d-a0fe7bb38605,Lucknow,416.68,0,0,36.15,none,0
T0058980,2026-01-29 14:52:45.023288,user_0573,sarah14@ibl,estradaashley@paytm,1942.68,11,bc2cbb0d-dd33-4cc7-ab7f-089acd5f4822,Kolkata,1731.83,0,0,1449.83,none,0
T0007000,2026-01-04 14:20:05.237593,user_0462,jessicacummings@ybl,hrose@oksbi,1557.22,15,dbb54645-7dda-41b6-97c4-caed47c4cc51,Lucknow,1777.82,0,0,1252.59,none,0
T0045127,2026-01-28 22:57:31.754658,user_0362,penanicole@paytm,omartin@okhdfcbank,422.0,10,b5a6571c-4fa5-435e-90cc-460428b26b1b,Mumbai,745.86,0,0,526.33,none,0
T0041409,2026-01-27 02:50:20.923181,user_0387,blopez@okhdfcbank,twebb@paytm,393.8,19,31a3ac4d-828c-47e7-87d5-b7be1d30d990,Delhi,390.27,0,0,959.43,none,0
T0049322,2026-01-30 18:14:07.062661,user_0660,woodana@oksbi,laura52@ibl,1638.13,9,9416e4dc-c6b2-4def-b8d8-b7f1c86c6544,Kolkata,1363.02,0,0,188.52,none,0
T0004478,2026-01-04 17:33:43.589384,user_0719,jessicachapman@ibl,nicholas99@ibl,943.32,16,0f5ae9d3-8e6e-4003-a14f-3f12cfd01cbd,Lucknow,792.56,0,0,324.09,none,0
T0042142,2026-01-22 20:19:19.988730,user_0318,charlesnathan@ybl,elizabeth89@ybl,1036.76,23,22bf18f5-1f65-4a87-b33e-e3447dbf4bc1,Pune,927.28,0,0,190.6,none,0
T0048673,2026-01-17 11:16:29.810951,user_0295,calhounandrea@oksbi,johnreid@ibl,430.35,13,2a25a888-0f02-4ad0-a706-7ef466aa9385,Lucknow,495.43,0,1,280.61,none,0
T0048475,2026-01-27 06:30:55.304844,user_0435,smithsamantha@paytm,sanchezpamela@ibl,535.14,11,bcd4344f-cf8a-468e-b5ba-93573ca87f31,Chennai,781.68,0,0,373.75,none,0
T0009681,2026-01-07 12:51:25.537442,user_0066,haleycastillo@ybl,melanie07@paytm,145.64,14,3d44cb2c-ea45-4a41-a589-ada1345af934,Lucknow,135.64,0,0,473.67,none,0
T0001190,2026-01-02 18:31:09.700211,user_0583,lvasquez@ybl,ocameron@ybl,422.22,21,4b9dfd58-9e5d-4c7a-85ac-c35415f00cb4,Kolkata,433.68,0,0,419.77,none,0
T0059576,2026-01-28 18:35:01.509265,user_0142,williamrobles@paytm,matthewsthomas@ibl,282.81,17,c6ac1b04-dd1d-4cd1-811f-6bf5379ef467,Chennai,817.66,0,0,889.74,none,0
T0045318,2026-01-24 03:56:40.882960,user_0272,melissa69@ybl,michellepotts@ybl,789.53,5,c9ea356a-7abf-4ebf-942c-b1ae19f738cb,Hyderabad,608.94,0,0,81.28,none,0
T0007511,2026-01-03 01:00:38.485960,user_0744,ortegajoseph@oksbi,kimberlyjones@ibl,646.69,3,40a26c60-0d27-4659-b72a-da9b2f32751e,Delhi,746.35,0,0,271.09,none,0
T0028177,2026-01-12 20:55:26.994561,user_0243,ashleymartin@paytm,eric52@okhdfcbank,2187.13,7,3c20592f-c04a-46c4-b3b6-3fe1d1843324,Lucknow,1881.32,0,0,49.4,none,0
T0029342,2026-01-20 00:05:34.196591,user_0599,clarkgina@ybl,amanda02@ybl,1248.64,15,76876c62-4c61-445e-ba7e-5d9405d1fb63,Lucknow,1113.45,0,0,1063.5,none,0
T0056257,2026-02-06 16:42:15.547819,user_0145,tammy00@paytm,williamsdiane@ibl,872.14,12,6601ddd0-3170-4437-a8f7-ef5a060edf5b,Lucknow,1012.92,0,0,259.89,none,0
T0026690,2026-01-12 04:21:20.428324,user_0685,sanchezcrystal@paytm,cliffordmack@ybl,376.44,15,31a3ac4d-828c-47e7-87d5-b7be1d30d990,Ahmedabad,258.55,0,0,397.11,none,0
T0029084,2026-01-17 10:42:31.272035,user_0616,cookpamela@okhdfcbank,yatesandrea@okhdfcbank,214.67,20,f165d779-0154-4950-976d-e21f1b46ebdc,Ahmedabad,192.63,0,0,165.29,none,0
T0004953,2026-01-01 16:34:09.157660,user_0173,michellecoleman@ybl,ecampbell@ybl,426.38,16,54c63cd8-8945-4f27-97fa-2d8dfb2ca025,Jaipur,1258.68,0,0,329.46,none,0
T0036720,2026-01-17 22:51:41.309567,user_0508,garrettnatasha@ibl,richardcarter@paytm,2199.07,16,1e38f711-e2ec-43f4-bba1-aed944cdbfdd,Lucknow,1468.73,0,0,903.83,none,0
T0033545,2026-01-20 03:14:44.094872,user_0419,llopez@okhdfcbank,harrellanna@ibl,386.06,15,20733f6d-0d6a-45b3-83ef-20162c9b662e,Hyderabad,328.32,0,0,533.79,none,0
T0042261,2026-01-20 21:52:45.906040,user_0617,meyerdonna@okhdfcbank,proctoralexander@okhdfcbank,799.03,17,0ab54bde-20a0-4502-ae06-809725e97977,Ahmedabad,519.13,0,1,1106.41,none,0
T0036008,2026-01-20 21:53:23.691023,user_0596,imcclain@ibl,isaac48@ybl,2307.62,20,1fe771d6-d917-4793-a9d3-c2e6505cc686,Ahmedabad,1416.75,0,0,43.7,none,0
T0022624,2026-01-14 23:57:40.076951,user_0345,barbarasantos@ybl,katherine89@oksbi,324.74,8,4f9a5f98-4d95-4273-8b2c-c805d1403430,Chennai,328.21,0,0,39.04,none,0
T0048428,2026-01-22 11:01:16.185078,user_0306,laurengutierrez@ibl,campbellcarmen@ibl,269.61,17,b7f60cdf-41dc-4c60-a5f6-0735757b6b29,Lucknow,179.92,0,0,951.07,none,0
T0026224,2026-01-12 16:22:33.278222,user_0590,parkerwilliam@paytm,tgarcia@oksbi,606.22,14,17ec889c-86c1-46cb-a996-30f7af77520e,Pune,780.59,0,0,1074.39,none,0
T0001299,2026-01-02 11:50:12.638225,user_0680,arthur09@paytm,dana94@paytm,1972.69,15,844e250b-e684-490c-923b-78208089b8c5,Hyderabad,1698.35,0,0,2062.68,none,0
T0035242,2026-01-18 23:20:52.382935,user_0682,fnixon@oksbi,jennifer49@paytm,1483.75,14,6afa828c-2cd1-4b9f-abe5-841fe9c96c52,Bengaluru,1038.42,0,0,262.51,none,0
T0033212,2026-01-17 05:19:38.152590,user_0674,dhanson@oksbi,luceroalexander@ibl,333.66,10,d56ce8ea-1959-4b5a-a7a8-f6366a35df59,Delhi,327.13,0,0,94.75,none,0
T0031598,2026-01-15 17:04:46.300108,user_0730,pauladominguez@ybl,maryhill@ybl,747.13,16,a847bce7-90fa-4b57-a4ac-2130deaf528d,Delhi,759.82,0,0,331.2,none,0
T0006414,2026-01-05 03:21:32.998897,user_0408,novakbianca@ybl,butlerdavid@oksbi,594.22,12,771ad655-cdfc-4ee0-a61e-de900267deb3,Hyderabad,473.01,0,1,36.91,none,0
T0023491,2026-01-10 08:10:13.581368,user_0693,sotobelinda@paytm,smithpatricia@ibl,924.1,18,5fa5e0aa-9b11-4530-bd24-7c11bf6b8cdf,Chennai,739.55,0,1,157.15,none,0
T0012852,2026-01-06 22:06:43.595457,user_0553,wilsonshannon@paytm,ihall@paytm,965.14,13,7de31a51-6694-4343-90ba-58e3d2762bdc,Ahmedabad,785.03,0,0,11.09,none,0
T0002315,2026-01-01 15:16:34.429394,user_0542,oblack@oksbi,nataliejohnston@oksbi,1221.08,13,3c07c574-4925-4af1-b6aa-e05b13d5f2f7,Chennai,915.49,0,0,560.77,none,0
T0021630,2026-01-13 03:58:16.940818,user_0156,tracy98@okhdfcbank,mwillis@okhdfcbank,1095.19,16,c6435300-68a5-4c68-a32d-bb5e486bb6bf,Mumbai,1202.03,0,0,620.22,none,0
T0032108,2026-01-18 22:00:47.633256,user_0270,robert12@ybl,sortiz@okhdfcbank,584.35,8,97867b12-1328-4726-a4f4-34d6d1e91691,Lucknow,833.38,0,0,530.2,none,0
T0033728,2026-01-24 11:15:06.063136,user_0125,joshuastuart@ibl,bsmith@oksbi,245.94,19,ac9ed156-f63f-4e41-ba9a-ca5e176132ed,Mumbai,1422.34,0,0,19.74,none,0
T0054577,2026-01-31 18:39:23.504409,user_0556,rhondacunningham@ybl,kevin70@ybl,177.7,4,fa8dae42-ba54-4920-a099-d18087623997,Bengaluru,139.54,0,0,55.14,none,0
T0019786,2026-01-09 16:09:21.310225,user_0465,dmiller@ibl,whunter@oksbi,1502.03,13,8603156a-15ea-4bcf-ab10-21ceaa143cd8,Pune,1289.68,0,0,452.22,none,0
T0021460,2026-01-13 11:08:00.988694,user_0556,rhondacunningham@ybl,sgomez@okhdfcbank,94.28,23,fa8dae42-ba54-4920-a099-d18087623997,Bengaluru,139.54,0,0,737.0,none,0
T0019731,2026-01-10 00:50:57.336574,user_0659,sabbott@ybl,james40@ibl,987.84,19,8e485223-46b9-4991-a14e-b70db380c73a,Chennai,1385.91,0,0,625.97,none,0
T0031926,2026-01-16 21:51:56.764239,user_0212,patriciagonzalez@ybl,hughesnorma@ibl,745.98,23,f2e9702d-11e9-4daa-ae69-81a35d3d9e56,Bengaluru,662.07,0,1,241.5,none,0
T0056176,2026-01-25 04:20:51.797393,user_0456,adam33@ibl,foneal@ybl,1142.37,8,ae27d432-1dc1-47eb-b11c-767385351a69,Lucknow,1328.06,0,0,760.92,none,0
T0042547,2026-01-30 21:13:36.261719,user_0518,dianacunningham@oksbi,katherinedavenport@okhdfcbank,722.23,20,c777a07f-6346-44ef-a9ef-74e34ab6821c,Jaipur,740.94,0,0,143.08,none,0
T0049294,2026-01-30 19:27:41.354721,user_0103,petersenlatoya@oksbi,kevinle@oksbi,493.84,18,0123a348-638a-4df6-adf7-2cd3979aa051,Chennai,398.27,0,0,349.06,none,0
T0015961,2026-01-08 07:42:09.264824,user_0255,harrismichele@paytm,glasschristopher@ybl,148.45,9,3508507a-f622-4842-8402-2b3c508211a5,Delhi,167.2,0,0,265.28,none,0
T0005503,2026-01-05 00:22:49.923759,user_0053,daviddawson@okhdfcbank,jfleming@ibl,1017.19,14,dabf984e-53ff-4461-aa1f-1b61265cb9d9,Pune,901.25,0,0,128.98,none,0
T0031112,2026-01-18 00:11:02.444495,user_0718,destiny67@okhdfcbank,aadams@okhdfcbank,1415.15,14,75f8e3a8-7d97-4c0f-bd56-09c4a4461663,Lucknow,1559.81,0,0,614.72,none,0
T0012973,2026-01-11 01:30:35.213435,user_0400,gmoss@paytm,bakerrenee@okhdfcbank,994.78,15,3d85de89-c217-4429-8e20-07247d137018,Mumbai,899.66,0,1,346.81,none,0
T0051127,2026-01-17 02:00:14.094892,user_0173,michellecoleman@ybl,matthewhansen@oksbi,1006.52,6,54c63cd8-8945-4f27-97fa-2d8dfb2ca025,Jaipur,1258.68,0,0,194.84,none,0
T0045016,2026-01-26 22:58:31.193231,user_0030,dillonpatrick@ibl,fanderson@ibl,701.31,6,8a4b8f7c-2147-4a15-bcce-96f6250a4578,Lucknow,898.42,0,0,592.8,none,0
T0054621,2026-01-26 05:52:28.846995,user_0707,beckywilkinson@ybl,linashley@ibl,105.48,13,044251db-d0d4-4a67-b992-8faa4cbf131d,Jaipur,126.16,0,0,570.13,none,0
T0024545,2026-01-15 14:07:01.068133,user_0455,caitlin82@ibl,mharris@paytm,1167.05,11,2e326567-d284-454e-bebe-c0db9a3a6103,Ahmedabad,1134.15,0,1,315.01,none,0
T0023217,2026-01-12 03:27:47.713628,user_0431,gregoryjohnson@oksbi,blackjeremy@paytm,1886.79,15,b2a6e468-d02b-4243-8091-3ac10463750e,Jaipur,1422.21,0,1,29.37,none,0
T0012147,2026-01-05 14:48:11.377948,user_0079,ynelson@ibl,teresa17@ybl,1078.67,8,5e717fca-020a-4497-b4ed-51458d9765c7,Lucknow,752.7,0,0,579.51,none,0
T0056513,2026-02-05 08:35:46.452241,user_0241,brittanyholland@ybl,john18@okhdfcbank,257.86,4,a8761e85-bddf-403a-aa84-30f84f2da233,Kolkata,196.82,0,0,171.01,none,0
T0011316,2026-01-06 13:37:49.227793,user_0575,ebridges@ybl,htaylor@ibl,893.99,13,ec95b3ac-0beb-4c34-8566-7c4879ba630a,Jaipur,747.94,0,0,93.28,none,0
T0052604,2026-01-31 11:04:40.998520,user_0637,erodriguez@ybl,michaelcampbell@okhdfcbank,1175.9,21,502cf0ee-224a-46a6-ac0f-680115b24e1d,Hyderabad,1006.79,0,0,368.2,none,0
T0006357,2026-01-01 07:43:18.194561,user_0426,barrettamber@oksbi,curtisfranklin@oksbi,1378.16,15,16591c89-21eb-4aa9-9a2b-d69c450f69ee,Chennai,1021.31,0,0,42.86,none,0
T0042442,2026-01-20 10:33:16.631169,user_0337,thomassmith@ybl,meghanphelps@okhdfcbank,305.8,20,c88a618e-fed4-457d-bb02-6576f512c4c3,Lucknow,2711.07,0,0,224.9,none,0
T0010688,2026-01-07 09:59:53.088956,user_0775,kathrynwatkins@ybl,willisperry@paytm,532.41,7,5a2837b2-cb83-43f2-bb96-f6022b115c36,Chennai,427.41,0,0,1073.56,none,0
T0056085,2026-02-01 22:35:51.425269,user_0265,eanderson@oksbi,mitchell28@oksbi,723.73,10,73d39457-b25f-43df-b8d4-9848702ba49f,Lucknow,662.91,0,0,5427.34,none,0
T0002089,2026-01-01 01:12:35.156075,user_0119,tamarasmith@ybl,angelaboyer@oksbi,144.19,19,5380b904-688c-4015-aab9-7e494f2d4796,Lucknow,258.1,0,0,72.59,none,0
T0024371,2026-01-09 21:35:08.805089,user_0139,james80@oksbi,mschultz@ibl,666.47,16,af475b49-c775-4395-9494-05f02cd2a404,Kolkata,740.48,0,0,272.34,none,0
T0001029,2026-01-01 21:43:00.716422,user_0046,gary04@ybl,timothy30@ibl,1027.89,18,98af5cca-6b11-47cb-a372-542482c56b21,Jaipur,762.64,0,0,515.58,none,0
T0046920,2026-01-26 08:35:52.275435,user_0411,ndavis@paytm,villanuevarebekah@okhdfcbank,1123.77,12,a56b61e0-4ba8-44ca-a449-cb6fbf72ae52,Bengaluru,797.33,0,0,1199.52,none,0
T0020792,2026-01-17 06:03:30.846691,user_0106,velasquezmegan@ibl,christine42@oksbi,788.85,17,96792482-a3c9-48e4-8d22-38e6c7bf4fbc,Jaipur,723.4,0,0,464.17,none,0
T0028260,2026-01-14 19:44:39.025749,user_0363,jerome47@ibl,bowenchristian@ibl,1467.95,11,f18cccdc-131e-4723-bbcd-f203459ee674,Ahmedabad,1456.37,0,0,765.87,none,0
T0026460,2026-01-16 05:14:19.338190,user_0684,steven18@okhdfcbank,ydavis@okhdfcbank,469.21,14,5a5226e6-9d64-4932-8066-853d6de299a1,Jaipur,429.59,0,0,63.81,none,0
T0029374,2026-01-17 17:31:55.078351,user_0686,suttonamber@ybl,amanda18@okhdfcbank,357.34,14,702f31e5-62cc-4604-8c53-644b0053f649,Mumbai,419.05,0,0,354.3,none,0
T0028635,2026-01-19 10:42:13.996828,user_0444,ashleymeza@oksbi,bartonholly@ibl,867.16,19,47c68688-ecf3-4053-af36-b8cc13087974,Lucknow,678.96,0,0,199.9,none,0
T0021191,2026-01-11 21:20:52.076194,user_0786,carlsonjennifer@ibl,katrinamontgomery@oksbi,670.44,9,8d244e3e-c4da-4ddb-a0b1-5abaa6a27967,Kolkata,816.66,0,1,479.05,none,0
T0024653,2026-01-15 14:29:11.632630,user_0109,wwilson@oksbi,deniseshepherd@paytm,373.48,14,1519830c-4019-4303-9c45-7e4da79313b8,Lucknow,364.77,0,1,244.48,none,0
T0012331,2026-01-07 04:17:55.701478,user_0476,zbaker@paytm,costawendy@ibl,1202.1,15,3b9b2d45-a350-45e4-b9c5-9df987f255d6,Hyderabad,698.92,0,1,749.52,none,0
T0011682,2026-01-06 19:07:27.064127,user_0263,yclarke@paytm,xchavez@oksbi,541.0,15,db23aa8c-3bca-4f85-a20a-60ac9261549d,Chennai,478.62,0,1,27.72,none,0
T0029891,2026-01-16 03:42:09.344946,user_0410,kelli32@okhdfcbank,parkerjulie@oksbi,1004.04,19,fb10987f-20ac-4703-ab67-146a77a6e17c,Bengaluru,777.41,0,0,923.28,none,0
T0022914,2026-01-14 01:59:17.686180,user_0200,jessicafreeman@ibl,josephcrosby@ibl,530.46,16,670acc5c-b321-4f21-8dd8-eb85b04d3376,Delhi,501.81,0,0,1046.71,none,0
T0013693,2026-01-09 16:58:42.070051,user_0124,william66@okhdfcbank,christopherpeterson@ibl,2330.3,12,b63b4dc3-a559-4463-b9e1-3ceab0cbc61f,Ahmedabad,1446.93,0,0,335.13,none,0
T0037870,2026-01-20 13:27:06.946213,user_0740,gainesjennifer@paytm,donaldrobinson@ibl,373.6,21,3f8c1097-c4da-4c2e-9bff-a27915c1604f,Lucknow,722.03,0,0,982.35,none,0
T0002901,2026-01-05 07:20:24.405537,user_0464,larsonkevin@ybl,hallisabella@ybl,709.51,10,f5c9b047-9c10-4572-8f6b-40d09efba58b,Delhi,864.3,0,0,2330.96,none,0
T0008312,2026-01-05 23:28:41.146778,user_0720,aprilbyrd@paytm,scottryan@okhdfcbank,619.86,7,1cce08e9-6b6a-4061-881c-8d3185c69fbf,Pune,820.84,0,0,231.17,none,0
T0031257,2026-01-16 00:58:55.421670,user_0556,rhondacunningham@ybl,miranda10@ibl,113.9,16,fa8dae42-ba54-4920-a099-d18087623997,Bengaluru,139.54,0,0,6.09,none,0
T0050869,2026-01-28 20:36:24.635241,user_0312,victorgonzalez@ibl,coopercrystal@paytm,1284.14,3,e25df9a8-9ca8-45c4-a138-afe08d38bbd8,Chennai,1383.02,0,0,1040.53,none,0
T0022061,2026-01-09 05:43:44.601354,user_0540,richjohn@oksbi,melissa57@oksbi,307.2,11,6a36af18-06d3-4b93-ae33-688d597e6845,Lucknow,419.4,0,0,174.87,none,0
T0000240,2026-01-01 06:07:09.667094,user_0596,imcclain@ibl,stewartrodney@ybl,1182.76,7,1fe771d6-d917-4793-a9d3-c2e6505cc686,Ahmedabad,1416.75,0,0,367.16,none,0
T0024264,2026-01-13 05:00:24.802868,user_0708,maykarla@paytm,ronaldwilson@okhdfcbank,1177.87,6,d25864f2-25d4-40fc-a154-2765d756ba9c,Lucknow,929.09,0,0,1334.47,none,0
T0015760,2026-01-11 08:35:32.755859,user_0131,jennifer58@oksbi,maryhunter@ibl,344.03,11,71efe72a-ae13-491e-84fa-4c7239e7a4f1,Chennai,391.92,0,0,249.83,none,0
T0023276,2026-01-11 03:07:59.003117,user_0550,whitebrittany@ibl,jason58@oksbi,991.59,15,ccac2fb5-1a0c-4c04-93cd-129110042d82,Pune,1153.91,0,0,924.13,none,0
T0001647,2026-01-01 13:38:31.807940,user_0797,vwilliams@okhdfcbank,weberbrooke@ybl,819.51,13,74bd0c93-8177-4661-b7fe-032c02571851,Delhi,980.88,0,0,818.53,none,0
T0021831,2026-01-15 13:31:12.613163,user_0753,gregorywilliams@oksbi,mriddle@ybl,421.82,15,4082cbb9-48bd-4b3e-a2f5-df2badaa44ca,Mumbai,447.43,0,0,1899.82,none,0
T0033201,2026-01-27 16:38:41.998467,user_0289,james98@ibl,christopherjones@ybl,346.53,17,97777f10-f2d2-493f-8e85-140d0f9aeb70,Kolkata,311.68,0,0,540.78,none,0
T0054487,2026-01-31 16:15:46.671433,user_0208,erinrivera@okhdfcbank,marshsteven@paytm,299.95,17,e7ba26ac-ab7a-4d1c-8cfe-f6833e11bafe,Lucknow,707.15,0,0,781.64,none,0
T0018119,2026-01-18 05:54:14.348869,user_0695,mitchellchristopher@ibl,patriciahernandez@ybl,437.19,10,9b792afa-2a3d-418d-a754-a29ff143e545,Kolkata,468.23,0,0,904.26,none,0
T0046727,2026-01-24 07:56:42.115546,user_0272,melissa69@ybl,lopezryan@paytm,879.26,11,c9ea356a-7abf-4ebf-942c-b1ae19f738cb,Hyderabad,608.94,0,0,240.02,none,0
T0025691,2026-01-18 23:52:00.122774,user_0194,gwhitehead@ybl,amanda57@okhdfcbank,889.47,23,adf4e62d-6651-429e-8268-690ba43825b5,Lucknow,1357.64,0,0,1929.35,none,0
T0036437,2026-01-25 00:06:52.200983,user_0491,shannon05@oksbi,owensryan@ibl,3630.11,8,f68c62e6-e2a4-4909-a2dd-22d52afaab7b,Delhi,1877.63,0,1,2081.91,none,0
T0056157,2026-01-25 03:40:27.039235,user_0479,mpearson@oksbi,kelsey41@okhdfcbank,564.89,13,5e6fea07-c453-4f1d-8199-2fdfb31022f0,Pune,612.16,0,0,1114.83,none,0
T0042574,2026-01-14 02:56:28.154310,user_0350,robert99@okhdfcbank,theodore27@oksbi,145.76,13,24933b83-7577-40a9-a491-f0b2ea1fca65,Hyderabad,155.41,0,0,761.73,none,0
T0007157,2026-01-03 21:42:38.525301,user_0229,padillaadrienne@paytm,donnapetty@okhdfcbank,2255.94,14,269cd696-236c-4b87-94a0-bccb8a476a87,Mumbai,2180.16,0,0,909.75,none,0
T0041635,2026-01-24 18:24:30.351743,user_0571,cheryl99@ybl,slong@ibl,403.36,12,0d18ab95-668c-4477-8b95-017c5dae1201,Hyderabad,463.07,0,0,1441.06,none,0
T0021423,2026-01-17 00:48:14.306778,user_0523,oreese@ibl,davisryan@paytm,863.01,11,57d337d3-4fd8-4bbb-992c-11072444d301,Chennai,1082.43,0,0,672.61,none,0
T0040725,2026-01-22 22:41:34.260423,user_0227,dharrison@ybl,stephaniemcdonald@ibl,1245.93,15,5bd93609-b297-4782-bcf4-74aace63cb1a,Hyderabad,1004.32,0,0,466.92,none,0
T0045585,2026-01-22 20:39:49.437380,user_0122,heatherthompson@paytm,gutierrezsarah@okhdfcbank,904.97,13,7a3a6e96-23ff-43d3-bb4f-b88a2f4dd219,Lucknow,747.18,0,0,707.71,none,0
T0048527,2026-01-29 03:15:50.283809,user_0061,huntchristine@paytm,sean50@ybl,289.78,13,f5c9b047-9c10-4572-8f6b-40d09efba58b,Kolkata,522.18,0,0,1843.99,none,0
T0029856,2026-01-12 06:17:00.173402,user_0758,tracybrown@okhdfcbank,rodriguezcory@okhdfcbank,152.57,16,94a1875d-2db6-4edb-82de-ffccf86c2ca2,Ahmedabad,206.29,0,0,538.65,none,0
T0013759,2026-01-04 00:10:11.630076,user_0350,robert99@okhdfcbank,rileyalexandra@ybl,81.69,10,c5144d98-b41c-404f-a346-f415e5267a2b,Hyderabad,155.41,0,0,171.84,none,0
T0002075,2026-01-03 13:37:24.793550,user_0393,dbolton@paytm,gwilliams@oksbi,1349.98,7,0a0537f0-2c2c-422b-a568-95c6812a1f9b,Bengaluru,1002.66,0,0,393.83,none,0
T0016458,2026-01-04 23:11:54.436680,user_0421,caseymoore@okhdfcbank,sgregory@ybl,738.87,14,f1043785-658b-4523-a014-1de9f54ad0a2,Mumbai,991.71,0,0,112.79,none,0
T0049896,2026-01-22 18:55:06.158448,user_0413,deanna81@ibl,hansenandrew@oksbi,86.58,11,59e7703a-70aa-4b0d-aa03-8ad4a667b982,Jaipur,166.1,0,0,339.4,none,0
T0048239,2026-01-26 09:08:30.929174,user_0411,ndavis@paytm,kgraham@ibl,1257.02,16,a56b61e0-4ba8-44ca-a449-cb6fbf72ae52,Bengaluru,797.33,0,0,32.64,none,0
T0041023,2026-01-15 11:11:54.979952,user_0415,linda73@oksbi,laura81@oksbi,576.47,18,972a8469-1641-4f82-8b9d-2434e465e150,Chennai,626.1,0,0,157.36,none,0
T0028721,2026-01-20 02:47:33.454002,user_0554,christopher68@okhdfcbank,carpenterveronica@ybl,585.75,11,38e7e019-fb89-46c8-87ec-fe71d49347fc,Jaipur,423.19,0,0,507.64,none,0
T0033027,2026-01-17 13:47:54.179291,user_0190,susan08@oksbi,gsmith@ybl,1114.43,15,c194f97f-00e3-4026-95b6-de85390239d9,Chennai,1511.37,0,0,1657.78,none,0
T0050646,2026-01-29 18:07:50.841867,user_0574,miguel61@ybl,gobrien@paytm,1195.66,9,d5f25073-f414-42b1-a442-9ebbda7b9095,Delhi,1317.21,0,0,339.75,none,0
T0007505,2026-01-02 07:36:09.528309,user_0189,susan24@ibl,haleyhughes@ybl,1711.6,8,ab9099a4-35a2-40ae-9af3-05535ec42e08,Ahmedabad,2486.04,0,0,497.15,none,0
T0023030,2026-01-18 10:05:09.829433,user_0756,tom73@oksbi,christopher12@paytm,838.45,20,548e1f6b-69ce-4e4e-99a6-92c90d700ea4,Hyderabad,718.24,0,0,2116.98,none,0
T0000333,2026-01-01 19:51:05.525728,user_0188,julierobles@ybl,prhodes@okhdfcbank,432.78,11,9d3616a1-08de-4921-a60c-b547e2280fe3,Jaipur,377.12,0,0,1191.09,none,0
T0029107,2026-01-14 23:16:22.954809,user_0061,huntchristine@paytm,williamlee@ibl,600.88,8,f5c9b047-9c10-4572-8f6b-40d09efba58b,Kolkata,522.18,0,0,1020.62,none,0
T0005149,2026-01-02 03:51:30.031996,user_0528,wattsthomas@okhdfcbank,johnsonjennifer@paytm,476.19,19,033d2bce-575a-4d2c-a5c5-650c8186a576,Jaipur,416.54,0,0,590.69,none,0
T0036164,2026-01-15 12:34:53.458507,user_0526,catherine93@paytm,joseph76@ybl,746.91,9,a8addf36-ddf2-45eb-a8a3-f341c8819065,Pune,822.0,0,0,1050.64,none,0
T0034472,2026-01-20 17:27:31.154308,user_0155,ayalacolleen@ibl,william49@ibl,975.48,13,2b1ac76c-89ec-4c51-98cb-aa5247f53019,Pune,973.12,0,0,398.28,none,0
T0044276,2026-01-19 17:07:23.359017,user_0658,veronica90@oksbi,ericgarcia@ibl,1599.97,7,692ac139-1f4a-4ca1-ab85-fd595463adc7,Delhi,1974.9,0,0,405.37,none,0
T0043545,2026-01-22 21:11:30.865211,user_0218,stevendixon@paytm,karenwilliams@oksbi,2759.65,15,5f89ed12-64d6-4fbf-98c0-1e2bf99f0704,Delhi,2561.28,0,0,1919.52,none,0
T0014165,2026-01-11 02:16:11.016964,user_0150,jillwilson@ybl,bcarr@okhdfcbank,2029.13,15,1a89b71e-a0d5-42c8-a837-fe68bba205ca,Delhi,1311.85,0,1,1003.98,none,0
T0008138,2026-01-03 15:23:19.065866,user_0377,myates@ibl,zjohnson@paytm,871.34,16,0ec0ad4b-d644-4a9d-b362-d476d53ae57f,Kolkata,747.72,0,0,663.73,none,0
T0008645,2026-01-06 13:20:44.460874,user_0154,billmcfarland@oksbi,ehardin@okhdfcbank,452.88,2,5c9deee0-b42a-4456-8736-5a84725e134d,Mumbai,413.93,0,0,2232.95,none,0
T0056427,2026-01-27 02:50:49.753362,user_0193,jason53@ybl,javier50@paytm,337.74,20,b8a6171f-1ee3-4dc4-bb04-8a8b405bfdc9,Mumbai,352.38,0,0,532.24,none,0
T0005951,2026-01-04 20:05:10.838055,user_0116,jenniferrodriguez@paytm,zachary32@oksbi,255.31,17,5c9deee0-b42a-4456-8736-5a84725e134d,Pune,368.02,0,1,864.52,none,0
T0051907,2026-02-04 15:04:35.080440,user_0512,robertberry@okhdfcbank,ymcclure@okhdfcbank,1566.42,20,eec259dc-7f95-497c-a76a-a6ced50755d9,Hyderabad,1110.9,0,0,1078.18,none,0
T0019333,2026-01-13 03:17:21.954277,user_0487,jamesbrooks@ybl,jimmygarner@oksbi,2622.11,10,51facefa-d6f8-4f7a-82fa-1da878308631,Mumbai,1752.15,0,0,142.99,none,0
T0048085,2026-01-31 16:21:10.797853,user_0676,lkelly@ibl,casepatrick@paytm,534.37,21,ccac2fb5-1a0c-4c04-93cd-129110042d82,Lucknow,772.58,0,0,260.41,none,0
T0049467,2026-01-29 21:43:28.296123,user_0765,ruizsamantha@paytm,walkermary@paytm,358.67,13,899ca782-e323-4d1a-bc1b-dacc18e19331,Chennai,472.5,0,0,160.91,none,0
T0037434,2026-01-17 03:03:34.104352,user_0622,clarkmichael@ibl,taylor07@oksbi,2025.85,9,29a3b2e9-5d65-4441-9588-42dea2bc372f,Hyderabad,1402.78,0,1,286.37,none,0
T0048973,2026-01-31 18:28:12.772417,user_0529,xjoseph@okhdfcbank,wwilliams@oksbi,217.9,21,f065c817-687a-4850-9d9b-62317d45d8ef,Lucknow,467.69,0,0,1382.6,none,0
T0053553,2026-01-29 13:57:03.214136,user_0087,qwilliams@paytm,rogersjonathan@paytm,998.39,13,3f738f50-19a2-476f-a8dd-2bfdf956be95,Delhi,816.63,0,0,319.81,none,0
T0019675,2026-01-15 05:25:44.667342,user_0769,marybrown@ybl,allison33@paytm,1046.83,8,67fd64c4-a334-458a-abd2-b5121335e5db,Lucknow,1545.14,0,0,628.49,none,0
T0048651,2026-01-29 06:14:43.969860,user_0056,valdezandrew@ybl,wporter@ybl,664.06,12,eb6c1016-cee6-44d0-9dac-6e8345241ea6,Jaipur,415.87,0,0,212.62,none,0
T0046912,2026-01-25 01:57:27.836919,user_0299,hansenwesley@ybl,terri30@okhdfcbank,319.5,8,a847bce7-90fa-4b57-a4ac-2130deaf528d,Lucknow,349.25,0,0,148.95,none,0
T0023454,2026-01-16 23:46:10.879548,user_0399,joanjohnson@ybl,hogankaren@okhdfcbank,644.98,23,6601ddd0-3170-4437-a8f7-ef5a060edf5b,Mumbai,569.25,0,0,59.24,none,0
T0020075,2026-01-10 18:07:06.119592,user_0553,wilsonshannon@paytm,marroyo@okhdfcbank,778.74,7,7de31a51-6694-4343-90ba-58e3d2762bdc,Ahmedabad,785.03,0,0,15.51,none,0
T0047345,2026-01-28 15:43:47.206478,user_0244,macdonalddylan@ybl,wardscott@paytm,825.53,12,4b657bcc-b041-4f19-bbe7-18354e8bf78a,Mumbai,778.2,0,0,366.36,none,0
T0043772,2026-01-23 01:50:37.225396,user_0693,sotobelinda@paytm,megangonzalez@oksbi,397.52,17,ad238d36-dc32-4c97-b9c1-e262f76c8ede,Pune,739.55,0,0,216.56,none,0
T0030679,2026-01-17 01:58:10.507923,user_0638,ssingleton@ybl,lisa83@ibl,3835.61,18,76c5a0dc-7e7e-4419-a0c1-4035c5d95f51,Kolkata,2887.29,0,0,6.76,none,0
T0020461,2026-01-09 01:04:26.579509,user_0570,butlergregory@paytm,bsmith@oksbi,645.45,1,81627cf1-4394-42e6-9a58-7e8aa25d6b29,Jaipur,581.79,0,0,472.83,none,0
T0042189,2026-01-26 12:32:14.939469,user_0030,dillonpatrick@ibl,cperkins@oksbi,1692.4,17,ec95b3ac-0beb-4c34-8566-7c4879ba630a,Lucknow,898.42,0,0,2385.65,none,0
T0004008,2026-01-02 22:19:24.779442,user_0226,aprilmoody@okhdfcbank,iharrington@oksbi,478.07,16,0b531932-bd94-49aa-bea6-e5b20c760d28,Chennai,352.03,0,0,1228.83,none,0
T0010539,2026-01-06 17:00:49.860807,user_0792,joshualee@ybl,smithrobin@ybl,1285.4,14,9d66e815-5a41-43b3-a95f-176cdebac186,Hyderabad,1161.12,0,0,258.6,none,0
T0003740,2026-01-03 07:48:42.277932,user_0657,kevin46@paytm,coreypope@ybl,145.49,22,370b9a29-0a53-4df9-9a72-083cb266986c,Bengaluru,240.26,0,0,1206.8,none,0
T0054396,2026-01-17 21:09:14.606315,user_0236,jerryrobertson@ibl,brownbrittany@paytm,813.79,14,6786d506-38ba-4abc-8b53-05e517d2582e,Chennai,741.22,0,0,604.58,none,0
T0002389,2026-01-03 12:21:03.375335,user_0009,anna99@oksbi,warebrian@ibl,154.18,14,b12b6680-7f07-4cb9-afd3-40c0f945f2fd,Kolkata,136.37,0,0,683.87,none,0
T0027651,2026-01-15 09:16:40.228425,user_0642,amanda69@oksbi,christopher10@oksbi,1267.91,17,ae9bec36-35c7-436c-9b99-62c6e61fecc0,Kolkata,1965.93,0,0,463.26,none,0
T0058337,2026-02-02 09:59:40.899323,user_0487,jamesbrooks@ybl,estradazachary@ybl,1314.3,10,51facefa-d6f8-4f7a-82fa-1da878308631,Mumbai,1752.15,0,0,4.97,none,0
T0020263,2026-01-09 14:24:28.630991,user_0726,maysdiane@ibl,danielle70@paytm,125.35,19,42c18a62-ef48-48d5-90fd-9d3f85d51695,Bengaluru,146.96,0,0,979.4,none,0
T0025231,2026-01-19 11:55:42.688662,user_0084,ywhite@okhdfcbank,wattsdaniel@ybl,1362.54,3,8a4b8f7c-2147-4a15-bcce-96f6250a4578,Jaipur,1231.18,0,0,1101.92,none,0
T0034908,2026-01-14 07:33:57.368036,user_0632,tdavis@paytm,wlarsen@paytm,943.01,9,e8334da5-de95-4695-b579-c1437ab99428,Delhi,1468.29,0,0,56.27,none,0
T0000149,2026-01-01 11:57:04.082749,user_0799,washingtondarren@ibl,aperez@paytm,968.11,12,e08596db-1d87-4966-8710-d430f071d879,Chennai,1319.75,0,0,365.54,none,0
T0040375,2026-01-23 07:36:42.944251,user_0348,jamesjustin@ybl,jeremy74@ibl,838.79,18,905f9096-2996-46e2-8c9d-690713b22cec,Delhi,953.76,0,0,592.79,none,0
T0050382,2026-01-28 00:58:05.925196,user_0536,michelle36@okhdfcbank,steven95@paytm,396.09,19,bed63da0-8033-45c2-9413-d64db962c8a7,Mumbai,249.99,0,0,435.67,none,0
T0053675,2026-01-23 14:16:08.994842,user_0716,stephanie69@ybl,roberthenderson@oksbi,1535.0,15,9be71737-06b8-4231-8e86-7f3ca487eeab,Chennai,1580.38,0,0,119.85,none,0
T0043800,2026-01-19 13:58:51.303669,user_0567,brandonhernandez@oksbi,ukelley@ybl,468.97,13,ceae71cf-ce00-4af0-beb0-51817ba24588,Chennai,597.0,0,0,404.87,none,0
T0031326,2026-01-13 12:06:21.974584,user_0395,brianrowe@paytm,jacobfitzgerald@oksbi,567.64,15,c626e38f-716f-4276-be64-ac2af96671a5,Ahmedabad,541.24,0,0,92.27,none,0
T0052770,2026-01-30 06:46:55.277944,user_0053,daviddawson@okhdfcbank,mhouston@ybl,535.04,13,dabf984e-53ff-4461-aa1f-1b61265cb9d9,Pune,901.25,0,0,31.23,none,0
T0038138,2026-01-19 08:48:25.057701,user_0542,oblack@oksbi,christopher76@ibl,866.12,11,3c07c574-4925-4af1-b6aa-e05b13d5f2f7,Chennai,915.49,0,0,164.64,none,0
T0012291,2026-01-09 11:04:59.049362,user_0345,barbarasantos@ybl,johnbrown@okhdfcbank,322.23,18,4f9a5f98-4d95-4273-8b2c-c805d1403430,Chennai,328.21,0,0,105.28,none,0
T0006141,2026-01-04 03:11:23.437666,user_0375,wattstravis@ibl,joseph00@oksbi,962.1,10,3e42df5b-90a3-4bbf-b580-e05067f1698c,Ahmedabad,587.23,0,0,683.27,none,0
T0024734,2026-01-14 13:51:20.893490,user_0146,james73@oksbi,ineal@okhdfcbank,769.96,13,dd59ba71-36b8-4481-bb3a-4e3e7c52fa17,Delhi,1271.12,0,0,383.11,none,0
T0020479,2026-01-08 22:38:39.461717,user_0796,ryancook@okhdfcbank,luisblack@paytm,471.49,17,b42a2d93-9aba-4f15-b214-90623e1a963e,Pune,595.34,0,0,166.14,none,0
T0052296,2026-01-29 01:18:36.381205,user_0650,zthompson@paytm,wendy30@ybl,278.52,13,d65e59dd-e62d-4d06-8f9b-85581a7f195b,Mumbai,574.51,0,0,1225.34,none,0
T0045487,2026-02-06 12:59:53.320495,user_0046,gary04@ybl,mmurphy@oksbi,746.13,5,98af5cca-6b11-47cb-a372-542482c56b21,Jaipur,762.64,0,0,12.35,none,0
T0037576,2026-01-19 20:39:31.193132,user_0581,sara99@okhdfcbank,michael14@oksbi,1557.22,10,b5cbe3f5-6a66-4184-bde1-bf5daf4847f0,Ahmedabad,2074.96,0,1,743.62,none,0
T0010676,2026-01-06 21:25:11.951156,user_0554,christopher68@okhdfcbank,mckenzie26@ybl,324.75,8,38e7e019-fb89-46c8-87ec-fe71d49347fc,Jaipur,423.19,0,0,634.62,none,0
T0054671,2026-01-31 14:43:58.253029,user_0137,tonyavega@paytm,robertblair@ybl,506.59,17,a075e927-5110-4492-b442-7e0b61484bb3,Ahmedabad,411.31,0,0,601.24,none,0
T0021957,2026-01-11 13:46:07.831438,user_0605,crawfordjohn@ibl,nromero@ybl,435.32,8,cc1b4157-ec9f-4c54-9e0a-72ab7f5db163,Chennai,703.56,0,0,837.48,none,0
T0058487,2026-02-05 04:53:26.942841,user_0033,tthomas@okhdfcbank,welchjohn@ibl,1054.47,21,67ce378f-e5a4-483b-a383-889adb2c6ac8,Kolkata,1085.05,0,0,403.43,none,0
T0045779,2026-01-20 11:40:24.492032,user_0035,lawrencebrown@oksbi,jriley@ybl,1079.03,21,bd1531c8-3764-4bda-b108-d4482f65fafa,Chennai,1322.48,0,0,53.69,none,0
T0036782,2026-01-19 18:06:30.471269,user_0745,rebecca90@okhdfcbank,ephelps@oksbi,1449.5,11,989240ac-e689-43a9-89e4-8e8c25c61c45,Mumbai,1029.31,0,0,211.29,none,0
T0039666,2026-01-26 18:55:21.773428,user_0621,ericwilson@okhdfcbank,taylorlarry@oksbi,2242.58,10,ac93281a-92eb-4ab0-a4ee-c67c1a57f9e4,Lucknow,2466.93,0,0,345.54,none,0
T0006749,2026-01-03 15:13:30.507610,user_0722,deckeralexander@paytm,kelly83@oksbi,1414.65,16,14296c07-f26b-4776-913e-4de2e0c53cb8,Bengaluru,1153.26,0,1,277.46,none,0
T0013044,2026-01-06 11:49:45.238580,user_0079,ynelson@ibl,nperez@ibl,722.75,22,5e717fca-020a-4497-b4ed-51458d9765c7,Lucknow,752.7,0,0,761.45,none,0
T0055239,2026-02-03 05:30:59.873153,user_0386,rwilliamson@ybl,osimmons@ibl,206.28,19,74eff545-3e65-4603-b8e3-654bfaf14ff0,Pune,221.98,0,0,331.82,none,0
T0009635,2026-01-05 17:17:38.005517,user_0370,regina78@ibl,rebeccamoore@ybl,552.39,14,7317591a-3283-4aa4-a212-ab7c9d361cb6,Jaipur,591.4,0,0,556.92,none,0
T0034589,2026-01-17 12:15:33.552809,user_0669,dennisjones@paytm,swansonteresa@okhdfcbank,502.32,10,f836f571-3cce-476c-b836-c448ad261ec5,Lucknow,581.98,0,0,211.27,none,0
T0013105,2026-01-09 21:08:55.134129,user_0104,pamela83@paytm,ugray@ybl,710.68,12,90ce77e9-7513-43b9-87de-96ea2b0fbe44,Hyderabad,677.64,0,0,2.17,none,0
T0057874,2026-02-04 07:22:36.726379,user_0382,christian38@ibl,jonathongarcia@ibl,687.79,13,fdb1429e-7010-4d13-b526-b22d3f6c21f7,Delhi,593.48,0,0,706.51,none,0
T0023908,2026-01-14 17:33:59.079503,user_0692,jessica94@ybl,whitemary@ibl,1178.86,8,d773f98d-550c-4fe9-a54c-11d9f2e61828,Mumbai,954.0,0,1,65.47,none,0
T0053006,2026-01-23 18:05:58.599839,user_0601,morgannicholas@paytm,lawrencekyle@okhdfcbank,838.77,15,436e3c49-770e-49db-b092-d40143675d58,Bengaluru,1806.78,0,0,102.58,none,0
T0022714,2026-01-05 05:28:18.517231,user_0350,robert99@okhdfcbank,brendasimmons@ybl,169.81,13,24933b83-7577-40a9-a491-f0b2ea1fca65,Hyderabad,155.41,0,0,317.71,none,0
T0017071,2026-01-09 07:31:23.239602,user_0273,cheryl63@paytm,johnporter@okhdfcbank,541.58,13,3be79df4-72ec-416e-88a7-23e9bfa016c2,Mumbai,478.53,0,0,1292.28,none,0
T0037918,2026-01-19 00:10:23.422772,user_0664,jennifer66@paytm,susan75@oksbi,2239.96,12,8412a335-d88c-456d-b61e-5fdb1a435206,Hyderabad,1717.44,0,0,248.61,none,0
T0048147,2026-01-31 02:31:04.534327,user_0677,kjacobs@oksbi,mark34@ibl,121.84,15,8e969227-72e7-4b51-ae54-ac6d2ff8e87e,Jaipur,237.82,0,0,289.18,none,0
T0056750,2026-01-31 15:53:36.315610,user_0628,mwhite@ybl,charles87@oksbi,1272.92,15,722dce13-47a4-4c42-8665-34972fe922aa,Ahmedabad,1310.64,0,0,828.62,none,0
T0024520,2026-01-08 05:44:36.069274,user_0229,padillaadrienne@paytm,yadams@paytm,635.41,12,269cd696-236c-4b87-94a0-bccb8a476a87,Mumbai,2180.16,0,0,202.41,none,0
T0040587,2026-01-19 07:51:00.192787,user_0402,sharon20@ibl,michaeljackson@ibl,494.92,10,37bb3eec-4bf5-4b52-b09d-258c27a0c3d7,Hyderabad,481.53,0,1,517.83,none,0
T0003711,2026-01-02 17:12:29.193276,user_0116,jenniferrodriguez@paytm,yhenry@ibl,276.56,6,5c9deee0-b42a-4456-8736-5a84725e134d,Lucknow,368.02,0,0,500.0,none,0
T0006242,2026-01-06 03:24:35.611055,user_0418,ihansen@paytm,heather59@ibl,826.48,14,9780c215-2b2b-48e9-a417-c09380a8a23d,Jaipur,823.0,0,0,221.11,none,0
T0030145,2026-01-13 18:09:17.845078,user_0027,eyork@okhdfcbank,vcook@okhdfcbank,539.15,11,aee14f87-fcff-49e3-940f-f5896c624c2c,Jaipur,572.95,0,0,389.86,none,0
T0020439,2026-01-12 22:37:08.305019,user_0545,robertoaustin@paytm,kristie44@oksbi,711.61,16,a1e518a2-93d2-48d4-a465-5c397d4d2add,Bengaluru,909.77,0,0,21.83,none,0
T0021247,2026-01-11 13:05:39.636774,user_0038,andersonryan@ybl,riceedwin@okhdfcbank,269.11,14,94340a03-3f07-4814-91d6-3f78e3e9de99,Chennai,498.57,0,0,609.24,none,0
T0033327,2026-01-21 18:39:22.735322,user_0585,wilsonsteven@ibl,ubeltran@oksbi,1312.07,11,84182d35-3e71-4433-bd90-b81afbe0e6b8,Bengaluru,1024.75,0,0,2176.05,none,0
T0005761,2026-01-03 06:53:01.458731,user_0583,lvasquez@ybl,fernandezbrandon@okhdfcbank,542.45,18,4b9dfd58-9e5d-4c7a-85ac-c35415f00cb4,Kolkata,433.68,0,0,81.75,none,0
T0051521,2026-01-24 17:38:38.172446,user_0431,gregoryjohnson@oksbi,huffjennifer@ybl,1359.7,14,b2a6e468-d02b-4243-8091-3ac10463750e,Delhi,1422.21,0,1,167.11,none,0
T0052128,2026-01-30 05:45:32.761799,user_0763,joycehall@ibl,tuckertimothy@ybl,385.64,17,694d7b00-8d38-4327-883f-13c601b158e9,Chennai,461.07,0,0,236.86,none,0
T0031729,2026-01-16 11:46:03.948249,user_0337,thomassmith@ybl,dawn78@ybl,2364.96,15,c88a618e-fed4-457d-bb02-6576f512c4c3,Lucknow,2711.07,0,0,315.28,none,0
T0003649,2026-01-01 05:16:34.675768,user_0794,kjimenez@paytm,johnsonmartin@okhdfcbank,494.36,21,34885a46-9088-4eaf-8977-6598203c8c25,Bengaluru,397.25,0,0,123.98,none,0
T0021676,2026-01-14 14:52:34.759236,user_0168,willie87@paytm,melissastephens@ibl,601.87,23,f7336094-6b2b-48b9-85c7-f3bed183010f,Chennai,641.32,0,0,36.43,none,0
T0029518,2026-01-14 13:03:20.866796,user_0468,walterscrystal@ybl,tracywilliams@paytm,292.06,11,3d44cb2c-ea45-4a41-a589-ada1345af934,Lucknow,483.63,0,0,283.51,none,0
T0028040,2026-01-11 21:21:03.464502,user_0751,diazmelissa@paytm,rparker@okhdfcbank,907.28,9,4fa03f26-f6f7-40cc-a9ec-8e49d1bdb8c0,Mumbai,796.42,0,0,968.39,none,0
T0040272,2026-01-24 13:07:19.564531,user_0198,enewman@ybl,megan39@oksbi,658.25,12,439e754c-6930-46ea-a0bd-a1ee5807cf74,Hyderabad,851.34,0,0,322.52,none,0
T0014438,2026-01-10 16:29:24.222605,user_0529,xjoseph@okhdfcbank,ymorton@paytm,617.22,7,f065c817-687a-4850-9d9b-62317d45d8ef,Lucknow,467.69,0,0,742.18,none,0
T0045232,2026-01-27 05:10:21.064239,user_0702,laurenatkins@oksbi,andre15@paytm,284.41,13,271e3ee2-b1a6-41f1-a20e-99d33b33f3d8,Lucknow,317.95,0,0,86.71,none,0
T0016816,2026-01-08 12:55:53.176788,user_0302,wcarrillo@ybl,carterjoshua@okhdfcbank,670.97,18,0e51f30d-c6a7-4e39-84b0-32ccd7c524a5,Bengaluru,769.29,0,0,797.52,none,0
T0047620,2026-01-23 22:56:42.644345,user_0699,reneestevenson@paytm,ashleymartin@okhdfcbank,660.89,7,551ac8ea-585a-4afa-bbfd-cc1289e06ab3,Pune,1055.77,0,0,1179.93,none,0
T0049789,2026-01-21 21:22:10.793708,user_0430,millscarl@paytm,phillipmills@oksbi,362.77,22,49bc473f-ed7b-4656-a18a-15368c99a894,Kolkata,329.04,0,0,597.92,none,0
T0019552,2026-01-11 17:42:26.887095,user_0124,william66@okhdfcbank,rileynicole@ybl,1270.18,17,5cd8fe1a-dafe-48a9-bc71-e0bef3579560,Ahmedabad,1446.93,0,0,523.48,none,0
T0041429,2026-01-19 17:00:20.063248,user_0495,scottbrian@ibl,wesley79@oksbi,333.62,23,1519830c-4019-4303-9c45-7e4da79313b8,Ahmedabad,875.45,0,0,1018.18,none,0
T0012263,2026-01-08 04:26:58.999160,user_0257,thompsonrachel@ybl,jessica84@ibl,82.9,21,042b03ca-75a7-4686-9632-1d31c8acffcf,Mumbai,117.55,0,0,1072.04,none,0
T0024066,2026-01-19 09:58:48.867932,user_0031,robert22@ibl,xjackson@ybl,269.75,12,1b0c62eb-27c8-4c6c-9be5-a4c395af6d0c,Hyderabad,536.93,0,0,165.0,none,0
T0056787,2026-02-11 02:40:54.713136,user_0150,jillwilson@ybl,zoe14@ybl,1178.64,13,1a89b71e-a0d5-42c8-a837-fe68bba205ca,Hyderabad,1311.85,0,0,155.03,none,0
T0002559,2026-01-01 14:17:16.830734,user_0771,bryanharris@ybl,peterlove@oksbi,472.04,16,cb08587d-1963-426d-ae21-8b099afd4015,Mumbai,512.96,0,0,197.84,none,0
T0027767,2026-01-14 04:07:59.965626,user_0429,marcus51@paytm,jenna62@ybl,258.05,16,1f5d988f-776a-4f09-bde2-885951b1943c,Pune,222.16,0,0,349.06,none,0
T0032092,2026-01-19 08:44:14.728726,user_0040,ismith@paytm,ijefferson@okhdfcbank,1401.81,14,07f194f9-c115-4d6d-8a4e-5b70a6d964a3,Mumbai,1230.44,0,0,721.06,none,0
T0004841,2026-01-02 08:05:55.497461,user_0263,yclarke@paytm,thomasjones@okhdfcbank,412.13,20,db23aa8c-3bca-4f85-a20a-60ac9261549d,Chennai,478.62,0,0,293.33,none,0
T0041878,2026-01-19 14:40:49.593446,user_0790,montgomerymichelle@ibl,vmcgee@paytm,1083.09,10,5da8d6d2-f8b3-4a8b-a05f-b8bc8a16a06c,Lucknow,1033.97,0,0,1085.09,none,0
T0010791,2026-01-05 05:25:54.674396,user_0761,sullivanjason@ibl,richardrojas@ibl,662.68,17,34885a46-9088-4eaf-8977-6598203c8c25,Chennai,1037.19,0,0,491.43,none,0
T0007867,2026-01-06 09:13:47.500502,user_0453,michael77@ybl,lmiller@oksbi,1217.9,10,3ae28023-5472-4d2d-b239-9ffb27046f25,Delhi,1421.8,0,0,199.32,none,0
T0007204,2026-01-03 07:33:46.701756,user_0052,jasonjohnson@paytm,newmanthomas@okhdfcbank,1610.84,8,9b4e2c24-9479-41e6-8927-7d9b6e0d2648,Bengaluru,1309.91,0,0,199.32,none,0
T0032374,2026-01-23 14:11:01.223139,user_0677,kjacobs@oksbi,xstewart@oksbi,295.74,12,5f987c71-a65e-488e-abf3-ad39fec21bbe,Jaipur,237.82,0,0,127.79,none,0
T0040489,2026-01-25 01:52:04.754736,user_0285,zarias@okhdfcbank,nicholas02@ybl,2510.41,23,ccf3a171-56dc-4907-ba6c-34ab6712303a,Mumbai,2022.54,0,0,18.27,none,0
T0007113,2026-01-05 20:57:18.501845,user_0618,andrew43@ybl,kwalker@oksbi,460.04,9,033d2bce-575a-4d2c-a5c5-650c8186a576,Hyderabad,552.34,0,0,146.04,none,0
T0033925,2026-01-10 23:21:05.666963,user_0229,padillaadrienne@paytm,lisa42@oksbi,3458.65,23,269cd696-236c-4b87-94a0-bccb8a476a87,Mumbai,2180.16,0,0,1012.17,none,0
T0011946,2026-01-05 22:49:28.952182,user_0211,wilkinsonmichele@ibl,roykayla@paytm,414.46,6,5780be17-12fe-4c2b-9acf-42c5f3a02120,Hyderabad,374.23,0,0,13.87,none,0
T0025292,2026-01-10 08:12:51.937732,user_0070,cummingscraig@okhdfcbank,lindsey47@okhdfcbank,6629.63,4,c7824938-f33f-4817-a1d6-d1ef413dce06,Delhi,622.18,1,1,839.06,takeover,1
T0033721,2026-01-18 21:27:00.083815,user_0134,natalie60@ybl,pnewman@oksbi,187.79,20,5cb85aed-f5f6-4c97-aefb-63b11b049863,Jaipur,142.59,0,0,26.92,none,0
T0012246,2026-01-05 00:07:44.853439,user_0373,smithlisa@okhdfcbank,deborah41@paytm,2560.96,13,893ad232-98c3-43ca-bff4-cec6e7b7b4c6,Ahmedabad,2199.82,0,0,577.92,none,0
T0008288,2026-01-04 20:10:28.771198,user_0105,xclements@ibl,bradfordsheila@ibl,976.23,10,ec8be537-58ab-4778-943b-45e3b6d1f6bb,Pune,908.81,0,1,685.42,none,0
T0002183,2026-01-02 08:26:24.459639,user_0053,daviddawson@okhdfcbank,patriciajoseph@ybl,1082.42,17,dabf984e-53ff-4461-aa1f-1b61265cb9d9,Pune,901.25,0,0,233.46,none,0
T0026113,2026-01-21 14:12:54.079967,user_0296,michael43@ybl,hramirez@oksbi,958.2,12,f7eae66e-ca6c-4f9b-8969-71018b2c550a,Bengaluru,742.04,0,0,467.84,none,0
T0042735,2026-01-23 10:45:08.387026,user_0576,thomas14@paytm,jose49@ybl,285.2,16,f387e1bd-2d59-42c6-934a-5a2fa7cf705c,Hyderabad,435.29,0,0,461.85,none,0
T0049102,2026-01-27 04:35:06.156473,user_0183,howardwesley@ibl,carlaknight@ibl,1514.38,15,2e9ce8ff-084a-4c4b-9146-8cdcf7164b73,Delhi,1231.18,0,1,140.67,none,0
T0056167,2026-02-05 05:44:45.997282,user_0241,brittanyholland@ybl,arobinson@ybl,264.96,13,51e744e4-b864-4a08-aa75-752d6a8fcacb,Kolkata,196.82,0,0,49.65,none,0
T0057428,2026-02-03 15:19:29.644380,user_0660,woodana@oksbi,dsharp@oksbi,1559.65,15,9416e4dc-c6b2-4def-b8d8-b7f1c86c6544,Kolkata,1363.02,0,0,478.17,none,0
T0001515,2026-01-02 14:01:16.754764,user_0438,angela65@ybl,shanebarnes@ibl,871.96,23,ba108217-0ad7-49a2-b277-16ec59fefbbc,Mumbai,698.76,0,0,148.35,none,0
T0035918,2026-01-13 04:53:30.127764,user_0167,amber40@okhdfcbank,robert17@paytm,179.99,20,46a02a9b-65ec-4acd-8f80-35f55bd20c98,Chennai,259.99,0,0,913.51,none,0
T0008397,2026-01-09 03:42:35.908775,user_0675,carnold@paytm,ychapman@oksbi,673.66,9,4cc9f5f2-e42e-4037-8a55-2ea08acbbe09,Delhi,607.26,0,0,798.06,none,0
T0008028,2026-01-05 14:58:17.621354,user_0562,fjimenez@oksbi,levydiane@paytm,860.91,23,9191b363-4e2d-4645-adc7-cac7fd72b050,Bengaluru,692.33,0,0,1005.68,none,0
T0055505,2026-01-29 01:09:08.560015,user_0790,montgomerymichelle@ibl,grahamkristy@paytm,1616.29,17,5da8d6d2-f8b3-4a8b-a05f-b8bc8a16a06c,Lucknow,1033.97,0,0,767.61,none,0
T0019810,2026-01-10 17:54:52.114642,user_0612,kimberly21@oksbi,noahvargas@okhdfcbank,933.11,16,5f32d5d8-2abe-4585-825e-0259b88416d2,Bengaluru,692.73,0,0,648.54,none,0
T0049681,2026-01-17 18:38:32.064728,user_0531,frankperez@oksbi,emily68@ibl,2547.14,16,66c14dca-8255-4a61-9a3b-031932f57510,Hyderabad,1895.91,0,0,1340.39,none,0
T0021850,2026-01-06 16:48:38.491643,user_0226,aprilmoody@okhdfcbank,jefferybeck@ybl,314.37,23,0b531932-bd94-49aa-bea6-e5b20c760d28,Chennai,352.03,0,0,531.62,none,0
T0052148,2026-02-07 11:52:39.373268,user_0338,oporter@okhdfcbank,brookegregory@ibl,343.68,12,6b790d01-3cf8-4d20-bbad-793f87a1ec02,Delhi,506.48,0,0,512.86,none,0
T0002666,2026-01-06 00:31:55.299054,user_0742,kimberly07@ybl,jameshudson@oksbi,413.38,9,53cd6268-610c-4373-8299-9aa40cdf742b,Ahmedabad,448.85,0,0,1356.86,none,0
T0057383,2026-02-04 16:24:23.428678,user_0703,tracey29@oksbi,rodgersdylan@paytm,487.88,12,ebd34616-91b7-4d8e-9301-6989bfbbb17f,Pune,734.42,0,0,359.78,none,0
T0054069,2026-01-31 22:22:21.485748,user_0212,patriciagonzalez@ybl,cguzman@paytm,1017.73,9,f2e9702d-11e9-4daa-ae69-81a35d3d9e56,Chennai,662.07,0,1,951.83,none,0
T0012023,2026-01-05 05:39:30.849601,user_0419,llopez@okhdfcbank,xmcdowell@okhdfcbank,445.04,15,20733f6d-0d6a-45b3-83ef-20162c9b662e,Hyderabad,328.32,0,0,22.11,none,0
T0008124,2026-01-02 11:26:16.396144,user_0696,yorkjoshua@paytm,kimberlyerickson@ybl,213.56,7,f3abea0d-5be9-4db3-9d92-dd7c0db977a9,Bengaluru,229.99,0,0,12.42,none,0
T0046411,2026-01-20 13:05:39.928278,user_0742,kimberly07@ybl,georgetiffany@paytm,208.06,17,53cd6268-610c-4373-8299-9aa40cdf742b,Ahmedabad,448.85,0,0,137.94,none,0
T0035428,2026-01-20 08:01:07.964531,user_0688,harrisonwilliam@okhdfcbank,cwilliams@okhdfcbank,1589.7,16,f6d22a7b-aec7-4a82-948b-4376602a4e57,Bengaluru,1590.87,0,0,2179.56,none,0
T0032767,2026-01-20 15:53:02.860102,user_0706,kbarber@ybl,cookvictoria@paytm,146.15,16,9ca3fbb3-ff11-48ba-b6ee-1640723ef466,Mumbai,192.76,0,0,14.78,none,0
T0015092,2026-01-09 11:03:22.278207,user_0584,jeanettekrause@oksbi,crossdonald@paytm,551.81,20,a6129a1c-889d-4b76-b75c-30b561730c48,Hyderabad,496.71,0,0,2411.34,none,0
T0055369,2026-02-01 08:29:03.486901,user_0500,yhall@ibl,wolfcatherine@oksbi,1989.83,13,22ab7752-c4db-4a62-ae13-418d68ab80ea,Delhi,2139.08,0,0,64.69,none,0
T0051279,2026-01-29 14:45:09.806123,user_0312,victorgonzalez@ibl,carrmargaret@ibl,2107.04,12,e25df9a8-9ca8-45c4-a138-afe08d38bbd8,Chennai,1383.02,0,0,1088.75,none,0
T0022146,2026-01-14 11:44:26.699678,user_0438,angela65@ybl,rachel41@ibl,306.89,2,ba108217-0ad7-49a2-b277-16ec59fefbbc,Mumbai,698.76,0,0,544.22,none,0
T0015451,2026-01-12 13:30:03.391467,user_0101,fstewart@ibl,ujordan@ybl,997.05,14,5c70ee97-fca4-4567-8316-d2d6fa4a58ef,Chennai,953.35,0,0,216.31,none,0
T0024156,2026-01-15 17:44:00.513363,user_0733,kimberlyramirez@okhdfcbank,zcohen@okhdfcbank,784.39,7,b7f60cdf-41dc-4c60-a5f6-0735757b6b29,Chennai,896.97,0,0,1129.04,none,0
T0005464,2026-01-04 12:55:23.723999,user_0191,davidsmith@paytm,uhamilton@okhdfcbank,1597.79,9,c9d6a63b-ca3c-4f5f-9bb5-c40c03cde2e3,Delhi,1214.74,0,1,70.51,none,0
T0012198,2026-01-04 21:04:59.744319,user_0683,jessicafox@ibl,patricia11@okhdfcbank,375.42,3,ca9f1d59-83e8-4700-8e63-813ed22e3226,Kolkata,415.9,0,0,859.36,none,0
T0020704,2026-01-11 14:43:23.955257,user_0590,parkerwilliam@paytm,wyork@ybl,735.35,12,17ec889c-86c1-46cb-a996-30f7af77520e,Pune,780.59,0,1,664.85,none,0
T0037026,2026-01-26 17:52:44.611880,user_0248,stacey37@paytm,nmcclain@paytm,1822.98,21,71efe72a-ae13-491e-84fa-4c7239e7a4f1,Kolkata,1702.6,0,0,321.39,none,0
T0033227,2026-01-22 21:11:25.688391,user_0053,daviddawson@okhdfcbank,josephmatthews@ybl,959.93,10,9f8cc29f-fd35-4c5f-9347-9a3b479bc637,Pune,901.25,0,0,3583.79,none,0
T0005014,2026-01-04 04:56:02.908274,user_0152,eugenesingleton@ibl,holtthomas@paytm,1962.06,1,956269f0-e5d7-4875-adad-d6c795a76d79,Bengaluru,1404.59,0,0,322.3,none,0
T0039262,2026-01-22 09:49:22.824776,user_0293,elizabeth69@okhdfcbank,gchavez@okhdfcbank,707.38,15,ebe9e207-4f19-4ec0-832d-4526b3e4110a,Hyderabad,1051.69,0,0,328.56,none,0
T0033286,2026-01-18 23:23:12.616809,user_0455,caitlin82@ibl,christopher90@ybl,294.44,8,2e326567-d284-454e-bebe-c0db9a3a6103,Ahmedabad,1134.15,0,0,64.78,none,0
T0031090,2026-01-14 03:45:57.960913,user_0253,ecarlson@okhdfcbank,aaronhutchinson@ibl,854.34,19,9feefdff-c566-4a81-b15e-54f6d4d30795,Hyderabad,1960.9,0,0,111.42,none,0
T0048046,2026-01-15 21:40:51.150710,user_0008,smithyvonne@okhdfcbank,brownjoseph@oksbi,503.37,13,74962764-12a4-4ef0-84bb-b7a9d98868dd,Pune,849.58,0,1,678.06,none,0
T0000500,2026-01-01 06:47:02.208384,user_0145,tammy00@paytm,natalie39@paytm,1391.82,13,6601ddd0-3170-4437-a8f7-ef5a060edf5b,Lucknow,1012.92,0,0,407.04,none,0
T0024017,2026-01-13 13:07:39.301670,user_0465,dmiller@ibl,marvin88@okhdfcbank,1130.29,18,8603156a-15ea-4bcf-ab10-21ceaa143cd8,Pune,1289.68,0,0,3900.7,none,0
T0016057,2026-01-10 14:25:08.095125,user_0078,ian66@oksbi,rebeccapark@okhdfcbank,294.07,12,16591c89-21eb-4aa9-9a2b-d69c450f69ee,Delhi,193.73,0,0,2104.94,none,0
T0055431,2026-01-27 03:59:26.368073,user_0740,gainesjennifer@paytm,jessicacastro@oksbi,841.16,18,3f8c1097-c4da-4c2e-9bff-a27915c1604f,Lucknow,722.03,0,0,170.47,none,0
T0034538,2026-01-20 02:58:10.321850,user_0116,jenniferrodriguez@paytm,aaronwilliams@paytm,410.61,21,5c9deee0-b42a-4456-8736-5a84725e134d,Lucknow,368.02,0,0,104.36,none,0
T0055820,2026-02-07 11:47:11.509783,user_0454,csmith@ybl,hogannicole@oksbi,936.29,10,75b17a55-d426-4982-a43e-4288a2b5b498,Mumbai,696.45,0,0,779.69,none,0
T0019534,2026-01-09 12:11:58.467197,user_0593,collierjames@paytm,brittanyoneill@paytm,495.86,19,94340a03-3f07-4814-91d6-3f78e3e9de99,Delhi,496.98,0,0,506.1,none,0
T0041230,2026-01-19 23:12:36.916238,user_0625,amber02@ybl,medinaautumn@okhdfcbank,438.62,15,965befdf-6b4b-4411-8a4a-0e2df22b5b98,Jaipur,697.63,0,1,826.26,none,0
T0004984,2026-01-03 10:25:51.540286,user_0438,angela65@ybl,kennethsmith@okhdfcbank,862.48,10,f50d7a37-a44d-4fec-bd85-d7fa8ac97b01,Mumbai,698.76,0,0,937.8,none,0
T0046798,2026-01-25 18:03:25.221465,user_0583,lvasquez@ybl,crawfordjohn@ibl,374.06,15,bfbf397b-ac3e-4b0d-9e5b-a13d746cdb77,Mumbai,433.68,0,1,484.55,none,0
T0004760,2026-01-07 13:29:04.445049,user_0264,brianna91@paytm,tarashaw@okhdfcbank,504.08,12,a2a9d4d8-102e-4de5-a5cc-8bf738ab854c,Ahmedabad,385.33,0,0,374.55,none,0
T0040807,2026-01-24 00:40:12.282968,user_0292,sheakimberly@oksbi,aaron44@ybl,224.97,9,8de1596c-5a9a-406a-96f1-42a206b919aa,Mumbai,223.86,0,0,117.98,none,0
T0059379,2026-01-24 01:09:30.649333,user_0011,rogersjoshua@okhdfcbank,vdelacruz@ibl,913.43,19,3967e60a-823d-4107-9c8a-c066cb2fafa3,Jaipur,892.47,0,0,242.37,none,0
T0033089,2026-01-21 04:14:13.720736,user_0120,tranryan@ybl,rita49@paytm,454.77,20,db23aa8c-3bca-4f85-a20a-60ac9261549d,Chennai,356.48,0,0,378.72,none,0
T0050280,2026-01-22 17:32:02.294444,user_0680,arthur09@paytm,williamsstephanie@paytm,1623.4,22,ef2ddcc4-8df6-41da-9f07-c1a5dfc620ce,Hyderabad,1698.35,0,0,371.45,none,0
T0055888,2026-02-03 20:23:38.393675,user_0092,rreed@ybl,donna57@oksbi,293.95,15,1b0c62eb-27c8-4c6c-9be5-a4c395af6d0c,Pune,423.55,0,0,1729.68,none,0
T0009780,2026-01-07 03:17:10.656216,user_0741,johnsonchad@okhdfcbank,rhonda24@ibl,169.48,18,23e2fcb4-72d8-467d-894a-05e430b187ef,Pune,242.79,0,0,316.08,none,0
T0020485,2026-01-15 18:45:59.457873,user_0743,denisesmith@ybl,leecharlene@ybl,904.28,16,23b8c1e9-3924-46de-beb1-3b9046685257,Ahmedabad,624.7,0,0,390.66,none,0
T0044540,2026-01-24 15:50:03.304330,user_0153,riverajenna@paytm,joannahill@ybl,1827.88,17,78660765-14f7-4e8d-95bc-b8d04094dded,Delhi,1608.24,0,0,663.82,none,0
T0018397,2026-01-13 04:41:26.843724,user_0146,james73@oksbi,jmorse@oksbi,1273.06,16,dd59ba71-36b8-4481-bb3a-4e3e7c52fa17,Delhi,1271.12,0,0,317.07,none,0
T0029095,2026-01-14 19:41:40.945204,user_0605,crawfordjohn@ibl,fergusonkaylee@paytm,663.1,3,cc1b4157-ec9f-4c54-9e0a-72ab7f5db163,Chennai,703.56,0,1,103.63,none,0
T0033843,2026-01-15 16:31:31.072049,user_0119,tamarasmith@ybl,summer94@ybl,280.61,17,5380b904-688c-4015-aab9-7e494f2d4796,Lucknow,258.1,0,0,149.17,none,0
T0024518,2026-01-18 18:23:23.728011,user_0333,ashleykrause@okhdfcbank,timothy19@paytm,105.03,11,3ed8c56c-da09-4fa0-9282-8d8044b591f7,Delhi,102.67,0,0,615.31,none,0
T0038499,2026-01-19 17:41:47.698926,user_0663,ryanlawrence@oksbi,tom92@oksbi,204.51,18,ce3714af-99b4-4350-af2b-99b4d9acd158,Ahmedabad,176.85,0,0,322.25,none,0
T0049763,2026-01-21 15:40:05.551727,user_0601,morgannicholas@paytm,briannapham@ibl,1958.97,15,436e3c49-770e-49db-b092-d40143675d58,Bengaluru,1806.78,0,0,924.71,none,0
T0019914,2026-01-11 12:44:56.086579,user_0431,gregoryjohnson@oksbi,salazarmark@okhdfcbank,2349.56,8,b2a6e468-d02b-4243-8091-3ac10463750e,Ahmedabad,1422.21,0,0,13.67,none,0
T0055389,2026-02-04 16:00:06.427304,user_0194,gwhitehead@ybl,andrewmooney@paytm,1273.42,18,adf4e62d-6651-429e-8268-690ba43825b5,Lucknow,1357.64,0,0,578.14,none,0
T0037112,2026-01-18 04:06:01.920618,user_0323,shawphillip@paytm,nsingh@ibl,739.01,13,3922a7e4-2de9-42f8-8d7b-ec04e6e59b32,Kolkata,525.79,0,0,761.31,none,0
T0041516,2026-01-23 03:02:20.960157,user_0170,lukemiller@ybl,bowmankyle@oksbi,1349.19,12,d18183d1-ac2b-4cfc-85c5-1060991121e7,Pune,872.55,0,0,41.29,none,0
T0018293,2026-01-05 04:48:29.357391,user_0670,thomasnicole@ibl,randall55@okhdfcbank,233.46,5,271e3ee2-b1a6-41f1-a20e-99d33b33f3d8,Chennai,325.38,0,0,964.58,none,0
T0009404,2026-01-05 11:18:48.869947,user_0060,cindy26@ybl,danieldavis@okhdfcbank,303.68,7,e00da49d-effa-4002-b040-413c4690fb15,Delhi,220.34,0,0,985.34,none,0
T0036868,2026-01-20 19:28:30.037128,user_0401,thomasmaldonado@oksbi,graymichael@oksbi,373.43,17,cf0e6d2b-315c-467a-85d8-a6ad77d0359e,Mumbai,256.83,0,0,141.21,none,0
T0000000,2026-01-01 08:43:58.278074,user_0339,kristen44@paytm,jenniferwatkins@ybl,449.19,16,f5d8fb91-ee60-41ac-add0-622e266bf2ea,Chennai,367.06,0,0,523.97,none,0
T0057744,2026-01-20 09:58:52.028236,user_0167,amber40@okhdfcbank,johnwu@ybl,158.49,10,46a02a9b-65ec-4acd-8f80-35f55bd20c98,Chennai,259.99,0,0,158.55,none,0
T0055617,2026-01-27 12:39:58.107690,user_0634,michellejensen@ibl,ahenderson@ybl,397.62,4,13325c31-d010-418a-aadc-9960424211e2,Bengaluru,443.65,0,0,1349.69,none,0
T0038357,2026-01-27 12:33:14.718696,user_0141,juliahoffman@ybl,ghahn@paytm,110.07,17,e0527739-4d40-4f1b-bca5-be2952171bf3,Lucknow,122.4,0,0,103.28,none,0
T0015152,2026-01-07 14:47:50.470340,user_0658,veronica90@oksbi,bernardlinda@paytm,3840.68,19,692ac139-1f4a-4ca1-ab85-fd595463adc7,Jaipur,1974.9,0,1,592.11,none,0
T0034730,2026-01-23 12:27:40.713088,user_0305,oschultz@ibl,yhowe@ybl,889.53,11,797e3984-ded7-43ef-b5e4-a9c12d761ffa,Ahmedabad,1056.87,0,0,1372.12,none,0
T0047558,2026-01-18 15:36:33.640001,user_0415,linda73@oksbi,brownjoseph@ybl,1130.28,16,f8ded777-bb1e-4ae8-97d8-21b8bb93cd40,Chennai,626.1,0,0,914.03,none,0
T0016006,2026-01-05 16:20:10.626297,user_0681,hbush@oksbi,robertbradford@ibl,878.68,9,f5b78cc7-e6b3-4944-8b32-3e357922bac2,Mumbai,781.84,0,0,219.77,none,0
T0007723,2026-01-08 05:31:14.752113,user_0183,howardwesley@ibl,qalvarado@ybl,1392.24,18,2e9ce8ff-084a-4c4b-9146-8cdcf7164b73,Ahmedabad,1231.18,0,0,53.45,none,0
T0015931,2026-01-11 21:29:48.178529,user_0339,kristen44@paytm,molly35@okhdfcbank,272.25,13,f5d8fb91-ee60-41ac-add0-622e266bf2ea,Chennai,367.06,0,0,86.8,none,0
T0028058,2026-01-16 04:16:51.092387,user_0494,bennettrebecca@ibl,kim76@ibl,446.41,11,84a2576c-1fc9-45f8-94d6-07350e2f8958,Chennai,535.83,0,0,82.46,none,0
T0009933,2026-01-09 23:50:09.638600,user_0312,victorgonzalez@ibl,tammy78@paytm,1369.44,13,e25df9a8-9ca8-45c4-a138-afe08d38bbd8,Chennai,1383.02,0,0,190.79,none,0
T0009768,2026-01-06 07:47:40.350970,user_0340,rosshannah@ybl,lindahurst@paytm,792.67,13,6dda4f8d-cea6-4f4c-b9e5-8ff092f837d4,Lucknow,754.31,0,0,400.14,none,0
T0040452,2026-01-26 08:07:07.941186,user_0057,butleromar@paytm,westjanice@okhdfcbank,511.64,16,c63d04ee-541c-4a86-bba5-cd2fdea45c19,Chennai,561.37,0,0,525.76,none,0
T0044700,2026-01-19 22:48:56.538966,user_0670,thomasnicole@ibl,walter85@ybl,192.98,22,271e3ee2-b1a6-41f1-a20e-99d33b33f3d8,Chennai,325.38,0,0,37.13,none,0
T0021281,2026-01-15 22:41:51.262759,user_0014,trujilloleah@oksbi,olyons@paytm,340.23,17,c7cfeca8-22b9-424c-a744-3fb881bd55d5,Hyderabad,473.21,0,0,390.2,none,0
T0042431,2026-01-23 00:13:28.818006,user_0228,williamsdeborah@paytm,rmartin@ibl,266.74,12,dcb9075e-cdd7-4460-a140-77d39ec4ea48,Chennai,240.9,0,0,54.04,none,0
T0054994,2026-01-31 22:03:24.472614,user_0053,daviddawson@okhdfcbank,frogers@ybl,1047.38,22,9f8cc29f-fd35-4c5f-9347-9a3b479bc637,Pune,901.25,0,0,101.66,none,0
T0011568,2026-01-08 17:37:08.352152,user_0131,jennifer58@oksbi,anna94@oksbi,10.0,4,71efe72a-ae13-491e-84fa-4c7239e7a4f1,Chennai,391.92,0,0,178.41,none,0
T0028643,2026-01-14 13:48:04.410922,user_0412,sarah00@ibl,serranobrett@okhdfcbank,839.53,19,e8334da5-de95-4695-b579-c1437ab99428,Mumbai,888.58,0,0,662.33,none,0
T0033761,2026-01-25 03:46:51.954378,user_0747,fernandezaaron@okhdfcbank,anita60@ybl,128.54,13,ae455cc6-b88e-430f-9e1e-994ac5a11f5c,Chennai,128.4,0,0,1007.51,none,0
T0048153,2026-01-20 20:32:43.933020,user_0372,robert24@okhdfcbank,rowecody@ybl,589.47,4,bf337a15-1e08-4f20-bdd1-51b0f64ab6ec,Pune,689.02,0,0,33.76,none,0
T0042453,2026-01-19 02:40:13.928796,user_0408,novakbianca@ybl,lschmidt@ibl,601.14,14,771ad655-cdfc-4ee0-a61e-de900267deb3,Hyderabad,473.01,0,0,88.65,none,0
T0058162,2026-01-29 14:12:50.433715,user_0577,alison83@ybl,ndavis@oksbi,1816.43,22,edcabf94-65f6-4a53-9226-a8b3b674410d,Jaipur,1294.02,0,1,190.96,none,0
T0016482,2026-01-08 03:22:57.127831,user_0452,nicholaspierce@ybl,kaitlyncastro@paytm,286.59,5,e1cde87f-ec95-4f87-ae5e-c36572eb7474,Mumbai,299.74,0,0,1964.16,none,0
T0055198,2026-02-04 03:49:59.216414,user_0141,juliahoffman@ybl,karen12@okhdfcbank,78.91,13,e0527739-4d40-4f1b-bca5-be2952171bf3,Lucknow,122.4,0,0,949.0,none,0
T0042518,2026-01-20 21:44:50.223631,user_0790,montgomerymichelle@ibl,swilliams@ybl,722.92,14,5da8d6d2-f8b3-4a8b-a05f-b8bc8a16a06c,Lucknow,1033.97,0,0,1511.45,none,0
T0035804,2026-01-20 22:29:45.684258,user_0083,perrybrittany@oksbi,lance49@oksbi,655.35,5,03edd1f8-74f9-4d17-a912-b4bf86a4bae4,Bengaluru,563.8,0,0,261.07,none,0
T0031185,2026-01-13 01:21:09.643040,user_0589,hannahking@okhdfcbank,darlenesherman@ybl,673.82,5,548c1d84-340d-4049-8147-65063e2bf9c9,Delhi,736.48,0,0,953.61,none,0
T0031876,2026-01-20 16:52:24.399709,user_0146,james73@oksbi,bkane@ybl,1028.78,13,dd59ba71-36b8-4481-bb3a-4e3e7c52fa17,Delhi,1271.12,0,0,125.69,none,0
T0046493,2026-01-21 18:06:49.782311,user_0005,wwoodard@ibl,gvelez@ibl,1628.23,12,55c551fc-fba5-4cc8-adaf-37661b780ede,Jaipur,1196.68,0,0,16.09,none,0
T0044421,2026-01-21 16:56:31.582587,user_0255,harrismichele@paytm,pittmanjames@ybl,73.95,10,3508507a-f622-4842-8402-2b3c508211a5,Ahmedabad,167.2,0,1,392.79,none,0
T0020067,2026-01-08 06:07:44.995264,user_0253,ecarlson@okhdfcbank,christopher32@oksbi,1172.55,11,9feefdff-c566-4a81-b15e-54f6d4d30795,Hyderabad,1960.9,0,0,71.62,none,0
T0022154,2026-01-12 04:12:08.891584,user_0081,danielhorton@ibl,nblack@ybl,827.52,12,7af6cd41-99a7-499b-a005-f5e1a97a2846,Mumbai,1880.08,0,0,1328.74,none,0
T0006216,2026-01-03 21:00:25.524122,user_0460,jesseshepherd@ibl,angelacooper@oksbi,1440.85,17,e723ada3-8c32-4db2-942a-895e0fcf601f,Mumbai,1598.12,0,0,106.26,none,0
T0044692,2026-01-15 10:13:22.800758,user_0167,amber40@okhdfcbank,qsanchez@ybl,218.72,23,46a02a9b-65ec-4acd-8f80-35f55bd20c98,Chennai,259.99,0,0,367.27,none,0
T0005009,2026-01-02 09:54:08.485571,user_0359,brownnatasha@ybl,melanie48@paytm,381.96,6,a48e40f1-d042-4dfa-96ab-087a8bc78e81,Bengaluru,485.99,0,0,113.79,none,0
T0004592,2026-01-01 07:21:36.010362,user_0220,melaniedrake@oksbi,belindahaas@ybl,1319.68,14,a9e27ba9-952e-4abb-94dd-5061555736f8,Ahmedabad,2607.34,0,0,28.58,none,0
T0003994,2026-01-01 22:11:41.343481,user_0498,pricejoseph@ibl,markrogers@ibl,345.84,15,cfd7f3b9-c68f-4ba5-9e0d-02b5fe7402cd,Delhi,383.56,0,0,324.58,none,0
T0000581,2026-01-01 05:09:42.704150,user_0700,lwood@paytm,jennifer58@paytm,754.89,16,268b84b6-3ec0-4285-8bc4-ec0ec2aef674,Mumbai,1960.67,0,0,309.71,none,0
T0030266,2026-01-19 16:58:26.548346,user_0104,pamela83@paytm,dylan74@ibl,516.4,11,90ce77e9-7513-43b9-87de-96ea2b0fbe44,Lucknow,677.64,0,1,453.95,none,0
T0002955,2026-01-01 23:30:12.799217,user_0043,rhodescourtney@oksbi,christopher06@oksbi,474.29,13,4f67448e-10ec-4b1f-a4a5-c736ae59aa52,Pune,435.94,0,1,177.77,none,0
T0006245,2026-01-07 19:02:52.909016,user_0445,xreese@oksbi,mario05@okhdfcbank,1318.56,6,4f67448e-10ec-4b1f-a4a5-c736ae59aa52,Kolkata,1091.29,0,0,264.22,none,0
T0039234,2026-01-14 13:32:20.405282,user_0555,nicholasjames@ybl,sharon42@okhdfcbank,547.15,7,d8dff535-c62d-4aea-9e70-bd3000a21367,Chennai,511.78,0,0,596.94,none,0
T0031372,2026-01-17 11:39:14.011358,user_0342,colematthew@ibl,maureenrollins@paytm,990.71,16,97867b12-1328-4726-a4f4-34d6d1e91691,Mumbai,1408.8,0,0,1186.49,none,0
T0026380,2026-01-13 04:14:08.381642,user_0051,osmith@paytm,amendoza@okhdfcbank,386.9,11,fc737d92-11ab-4d11-a4eb-8000ef40d162,Lucknow,489.68,0,0,368.72,none,0
T0023246,2026-01-13 14:54:19.904633,user_0204,heather29@ibl,rebecca22@paytm,524.8,18,66132e69-7418-4109-93d1-bf0f56c438e4,Mumbai,410.23,0,0,483.39,none,0
T0015132,2026-01-09 14:36:59.318294,user_0402,sharon20@ibl,fraziermichele@ibl,286.1,16,741b77f5-4c24-4053-a7f5-ae02af5b8f47,Hyderabad,481.53,0,0,810.72,none,0
T0023402,2026-01-13 06:49:44.306835,user_0279,craigromero@okhdfcbank,christopherhansen@okhdfcbank,531.78,12,9d264599-c4dd-4df5-9aec-56a857311609,Hyderabad,652.77,0,0,197.29,none,0
T0019646,2026-01-11 06:14:57.782263,user_0353,denise49@paytm,dakota28@okhdfcbank,214.81,3,216e9fe5-93f3-4596-8c1c-8b0556771f36,Pune,288.0,0,0,569.14,none,0
T0000814,2026-01-02 04:20:27.686146,user_0157,charles58@ibl,petersonbrittany@oksbi,259.16,15,0d67d38e-990f-4c5b-adcc-3daf569f3ab3,Lucknow,315.26,0,0,1061.63,none,0
T0017879,2026-01-17 18:30:02.864200,user_0676,lkelly@ibl,nmarsh@oksbi,317.48,8,24108e9a-3f77-4cae-b318-b96d44790612,Lucknow,772.58,0,0,857.43,none,0
T0010651,2026-01-07 00:46:51.620646,user_0637,erodriguez@ybl,westmichelle@ybl,1126.5,14,502cf0ee-224a-46a6-ac0f-680115b24e1d,Hyderabad,1006.79,0,0,25.12,none,0
T0059848,2026-01-19 17:50:16.896647,user_0350,robert99@okhdfcbank,stephanie67@ibl,109.41,11,c5144d98-b41c-404f-a346-f415e5267a2b,Hyderabad,155.41,0,1,206.24,none,0
T0034003,2026-01-21 12:57:36.501386,user_0120,tranryan@ybl,jwatson@okhdfcbank,395.51,15,db23aa8c-3bca-4f85-a20a-60ac9261549d,Chennai,356.48,0,0,523.38,none,0
T0007904,2026-01-02 01:41:25.500487,user_0540,richjohn@oksbi,maria80@paytm,466.81,22,6a36af18-06d3-4b93-ae33-688d597e6845,Lucknow,419.4,0,0,656.04,none,0
T0031846,2026-01-14 15:50:23.862086,user_0772,lisa65@ibl,chenalyssa@oksbi,488.69,4,51beb80e-b7e6-414c-9c8a-49225005680f,Hyderabad,356.19,0,0,596.38,none,0
T0037236,2026-01-18 08:09:07.543366,user_0579,webbhaley@paytm,xcollins@paytm,1608.73,14,3da9c2a9-0ed4-4f1a-bd4c-bf374eb93eff,Bengaluru,1654.61,0,0,369.23,none,0
T0051914,2026-02-03 14:57:55.532952,user_0168,willie87@paytm,ythompson@oksbi,747.19,17,5cd8fe1a-dafe-48a9-bc71-e0bef3579560,Chennai,641.32,0,0,43.56,none,0
T0053662,2026-02-01 03:49:33.569546,user_0006,dking@ybl,lewismichael@okhdfcbank,520.09,16,032a461a-df9b-4c1f-aacb-1f6d7549c9f9,Chennai,502.43,0,0,1143.8,none,0
T0022299,2026-01-11 02:10:06.338634,user_0755,omosley@ibl,markbrown@ybl,663.61,8,d9b59f84-edc3-41c3-adea-2d2d086c405f,Delhi,803.07,0,1,579.54,none,0
T0018939,2026-01-09 08:58:55.292096,user_0042,katherine83@ybl,walkerbrian@oksbi,952.36,19,6e417d47-5ff5-45ea-9bc4-40f14b1a269b,Lucknow,921.39,0,0,1336.02,none,0
T0008877,2026-01-07 16:43:37.996953,user_0222,haroldfry@ibl,nshepherd@ybl,97.68,13,7f0386fa-13ba-4c91-a0a5-fde6939f71a2,Jaipur,111.41,0,0,1497.89,none,0
T0036105,2026-01-21 12:57:09.893528,user_0616,cookpamela@okhdfcbank,mmedina@oksbi,229.05,18,f165d779-0154-4950-976d-e21f1b46ebdc,Ahmedabad,192.63,0,1,764.79,none,0
T0054429,2026-01-30 12:25:39.347752,user_0343,michael84@ybl,rhart@oksbi,508.03,11,310c0c00-3fa7-4104-9bf9-0e27dc96925e,Ahmedabad,486.46,0,0,383.36,none,0
T0007741,2026-01-04 20:37:59.818933,user_0150,jillwilson@ybl,karen31@ybl,958.72,11,1a89b71e-a0d5-42c8-a837-fe68bba205ca,Hyderabad,1311.85,0,0,969.97,none,0
T0024267,2026-01-18 21:41:10.446340,user_0335,angelachase@oksbi,qvazquez@paytm,1610.16,22,1a432f0a-7daa-49f0-80b6-fce2de53790a,Ahmedabad,1498.89,0,0,693.61,none,0
T0008807,2026-01-05 03:55:57.520400,user_0341,lewisjonathan@paytm,stuarthorn@ybl,324.13,9,5a5226e6-9d64-4932-8066-853d6de299a1,Jaipur,499.18,0,0,449.32,none,0
T0054159,2026-01-28 22:37:17.544026,user_0265,eanderson@oksbi,steven53@ybl,786.52,19,73d39457-b25f-43df-b8d4-9848702ba49f,Lucknow,662.91,0,0,706.13,none,0
T0053928,2026-01-30 07:40:09.106540,user_0424,bgross@ybl,fproctor@ybl,125.95,13,5f987c71-a65e-488e-abf3-ad39fec21bbe,Mumbai,146.3,0,0,17.52,none,0
T0009006,2026-01-05 11:38:11.127274,user_0734,reyesmarvin@oksbi,william47@okhdfcbank,317.38,13,6319629b-d73e-4bb9-8f9c-a17b8db8dadf,Mumbai,630.34,0,1,832.13,none,0
T0024620,2026-01-13 02:42:55.317544,user_0302,wcarrillo@ybl,orussell@ybl,983.35,13,0e51f30d-c6a7-4e39-84b0-32ccd7c524a5,Bengaluru,769.29,0,0,1813.44,none,0
T0010611,2026-01-07 15:52:04.787496,user_0340,rosshannah@ybl,brian15@ibl,674.15,9,6dda4f8d-cea6-4f4c-b9e5-8ff092f837d4,Bengaluru,754.31,0,1,244.51,none,0
T0058955,2026-02-09 04:44:17.672121,user_0786,carlsonjennifer@ibl,ysmith@ybl,1062.88,22,8d244e3e-c4da-4ddb-a0b1-5abaa6a27967,Jaipur,816.66,0,0,76.22,none,0
T0042764,2026-01-24 21:24:42.536766,user_0748,imartinez@paytm,tayloralexander@oksbi,204.44,2,aee1e86b-9ea5-46aa-a1ee-6c5bdeef580f,Mumbai,266.78,0,0,1620.49,none,0
T0046587,2026-01-29 07:09:38.295767,user_0161,mark43@okhdfcbank,alexander99@okhdfcbank,262.04,15,5df06e8c-878a-4ed9-a33f-fc8292ec89af,Pune,216.11,0,0,691.9,none,0
T0054138,2026-01-27 00:36:29.591558,user_0654,shermandonna@ibl,kelleymichael@ybl,1721.99,13,7eccdaf4-c413-4dc2-85c5-ae8abe15ad12,Pune,1925.58,0,0,116.95,none,0
T0028802,2026-01-16 17:19:57.181865,user_0543,leescott@ybl,davidneal@oksbi,222.84,18,27c6cbb1-cedd-469d-b96c-9a0a3404c02a,Delhi,256.73,0,0,623.26,none,0
T0020487,2026-01-12 11:47:45.813545,user_0142,williamrobles@paytm,rhonda10@paytm,1155.86,12,c6ac1b04-dd1d-4cd1-811f-6bf5379ef467,Chennai,817.66,0,0,1163.12,none,0
T0046484,2026-01-23 10:41:07.922247,user_0085,cheryl27@okhdfcbank,fernandeznicholas@ybl,154.8,13,a748dbcf-ac61-4e63-8dde-29a6baa4b71a,Kolkata,261.66,0,0,245.93,none,0
T0048198,2026-01-31 04:58:11.685270,user_0212,patriciagonzalez@ybl,santoskellie@oksbi,618.83,11,f2e9702d-11e9-4daa-ae69-81a35d3d9e56,Chennai,662.07,0,0,322.95,none,0
T0019597,2026-01-13 08:34:10.307529,user_0703,tracey29@oksbi,mary15@ybl,762.67,15,ebd34616-91b7-4d8e-9301-6989bfbbb17f,Pune,734.42,0,0,970.43,none,0
T0056707,2026-02-01 21:41:44.450877,user_0743,denisesmith@ybl,ubell@okhdfcbank,593.55,13,f4e95734-5052-4700-a077-96a38685abaa,Ahmedabad,624.7,0,0,1795.26,none,0
T0002361,2026-01-01 01:20:32.347338,user_0162,wbarajas@paytm,jeanlynch@ibl,149.43,9,ab9099a4-35a2-40ae-9af3-05535ec42e08,Jaipur,327.42,0,0,80.54,none,0
T0036676,2026-01-21 23:02:30.603186,user_0599,clarkgina@ybl,shelleygross@ibl,1357.75,18,76876c62-4c61-445e-ba7e-5d9405d1fb63,Lucknow,1113.45,0,0,329.94,none,0
T0008182,2026-01-04 12:02:05.825437,user_0337,thomassmith@ybl,jason85@oksbi,3421.04,14,c88a618e-fed4-457d-bb02-6576f512c4c3,Lucknow,2711.07,0,0,505.61,none,0
T0026749,2026-01-16 20:44:13.309066,user_0633,oruiz@okhdfcbank,kerryaguirre@paytm,434.05,17,e6b9d31a-361f-4d90-bad1-fa330ae4ac11,Pune,310.94,0,0,178.75,none,0
T0004655,2026-01-03 23:39:25.037450,user_0009,anna99@oksbi,kruegermark@ybl,101.23,8,b12b6680-7f07-4cb9-afd3-40c0f945f2fd,Kolkata,136.37,0,0,163.9,none,0
T0023360,2026-01-14 19:19:56.127016,user_0228,williamsdeborah@paytm,russellmary@okhdfcbank,185.82,17,dcb9075e-cdd7-4460-a140-77d39ec4ea48,Chennai,240.9,0,0,841.01,none,0
T0018844,2026-01-14 06:25:22.104210,user_0053,daviddawson@okhdfcbank,robert76@oksbi,1327.29,13,9f8cc29f-fd35-4c5f-9347-9a3b479bc637,Pune,901.25,0,0,284.06,none,0
T0027011,2026-01-16 05:11:07.659416,user_0232,blacknicholas@ibl,nortonkimberly@oksbi,2185.96,17,546252e7-f43b-4052-8459-bd6ec0f63229,Ahmedabad,1688.68,0,0,535.72,none,0
T0028753,2026-01-15 04:21:32.584909,user_0123,dalesandoval@paytm,anna39@oksbi,284.86,17,52961fb3-4d40-4b28-9628-ddcd19dd3e8c,Lucknow,283.49,0,0,163.14,none,0
T0046719,2026-01-28 17:05:08.191157,user_0768,lori17@paytm,hcallahan@ibl,1365.8,15,4fa03f26-f6f7-40cc-a9ec-8e49d1bdb8c0,Pune,1062.79,0,0,2275.41,none,0
T0045939,2026-01-26 09:02:54.946168,user_0013,edwardcannon@okhdfcbank,steven96@oksbi,590.97,21,cf03f0c8-0eff-45bd-87eb-340dc74e48ff,Pune,606.74,0,0,77.19,none,0
T0025624,2026-01-19 23:05:25.763944,user_0031,robert22@ibl,millerchristopher@okhdfcbank,740.06,8,1b0c62eb-27c8-4c6c-9be5-a4c395af6d0c,Hyderabad,536.93,0,1,319.05,none,0
T0012479,2026-01-07 20:07:32.719486,user_0402,sharon20@ibl,sgonzalez@oksbi,225.8,16,741b77f5-4c24-4053-a7f5-ae02af5b8f47,Hyderabad,481.53,0,0,108.73,none,0
T0007478,2026-01-04 22:24:18.928498,user_0690,zgomez@oksbi,jenniferhanson@okhdfcbank,3761.89,22,98ae4334-6c12-4ce8-ae34-0454cac5b68c,Hyderabad,2551.25,0,0,712.39,none,0
T0039731,2026-01-19 17:00:29.587798,user_0742,kimberly07@ybl,rachelbuchanan@paytm,632.47,13,53cd6268-610c-4373-8299-9aa40cdf742b,Ahmedabad,448.85,0,0,514.52,none,0
T0001501,2026-01-01 01:21:33.741778,user_0231,nicholasgray@paytm,rodriguezjason@oksbi,578.2,19,23c8afdb-83f8-4f16-a4a4-474c9b33e3a4,Jaipur,502.55,0,0,81.56,none,0
T0027360,2026-01-20 22:17:57.719055,user_0344,andrew15@ybl,cwilson@ibl,781.8,8,759cde66-bacf-43d0-8b1f-9163ce9ff57f,Kolkata,586.79,0,0,216.68,none,0
T0006879,2026-01-09 15:48:13.299513,user_0095,kchristian@oksbi,nunezsherry@ybl,422.4,10,1d53434b-b881-49b9-ae27-0da702f06b90,Delhi,411.63,0,0,355.7,none,0
T0010016,2026-01-08 12:36:43.740479,user_0687,chloe58@paytm,ulewis@ybl,524.86,6,d6312a80-1c61-4ec2-9014-2131750565f5,Pune,575.66,0,0,460.94,none,0
T0013859,2026-01-05 20:15:33.407276,user_0715,davisamanda@ybl,dawn76@ybl,435.94,9,f6ff3521-c225-4530-952a-53459682d9ff,Lucknow,404.41,0,0,1104.75,none,0
T0043394,2026-01-22 11:03:51.303452,user_0164,rebeccaaustin@ybl,mariamendoza@ybl,875.9,23,257f7595-cdfb-4db9-85e7-8b23f4613f09,Ahmedabad,753.37,0,0,235.95,none,0
T0038737,2026-01-21 03:59:57.388521,user_0060,cindy26@ybl,stevenmartin@okhdfcbank,158.39,9,c6ac1b04-dd1d-4cd1-811f-6bf5379ef467,Lucknow,220.34,0,1,357.37,none,0
T0050615,2026-01-27 04:40:50.570789,user_0575,ebridges@ybl,dianamiller@oksbi,890.34,7,39669fa7-5997-4043-b3b1-025bfff9f585,Jaipur,747.94,0,0,828.82,none,0
T0002218,2026-01-01 18:55:26.652059,user_0222,haroldfry@ibl,brian16@oksbi,89.9,9,7f0386fa-13ba-4c91-a0a5-fde6939f71a2,Jaipur,111.41,0,0,534.72,none,0
T0057706,2026-01-30 02:16:35.093046,user_0484,carrillogary@oksbi,kimberly21@oksbi,386.72,9,54bbbcf8-28fe-4761-8d49-fe3f2ca8f783,Delhi,478.34,0,0,673.83,none,0
T0029368,2026-01-12 20:31:23.509784,user_0017,jordan66@oksbi,jodi86@oksbi,371.65,15,b4323070-a23d-4c2f-82a7-96891933918c,Pune,577.1,0,0,77.95,none,0
T0047176,2026-01-25 18:29:24.961658,user_0573,sarah14@ibl,xhuff@ibl,2511.13,15,5bb8b9c8-8932-49f3-9ee8-9a4c681134e2,Kolkata,1731.83,0,0,409.75,none,0
T0018002,2026-01-07 07:54:23.644562,user_0306,laurengutierrez@ibl,oconnorchristine@oksbi,136.97,11,b7f60cdf-41dc-4c60-a5f6-0735757b6b29,Lucknow,179.92,0,0,366.63,none,0
T0052096,2026-01-15 15:56:43.436246,user_0189,susan24@ibl,belljennifer@ibl,1775.07,14,ab9099a4-35a2-40ae-9af3-05535ec42e08,Pune,2486.04,0,1,905.56,none,0
T0045374,2026-01-22 22:17:52.506621,user_0235,shawdon@oksbi,marc86@paytm,823.15,18,9a1de644-815e-46d1-bb8f-aa1837f8a88b,Pune,719.38,0,0,1024.96,none,0
T0046081,2026-01-25 15:54:01.786479,user_0781,amiller@ybl,parksjonathan@okhdfcbank,678.16,10,fb8fe8c4-d8b4-4ead-9360-8edf382b5b86,Mumbai,1640.13,0,0,1149.67,none,0
T0050806,2026-01-21 01:03:42.056893,user_0732,kayla54@ibl,robert55@okhdfcbank,1097.72,23,4767d76c-162f-4a24-af43-613cd4aac9a3,Bengaluru,864.5,0,0,1694.29,none,0
T0045252,2026-01-26 11:48:43.010875,user_0522,tali@oksbi,jennifer31@paytm,1679.76,17,5b6a8102-0428-4378-bf50-23f440ef3935,Pune,1908.09,0,0,190.21,none,0
T0053811,2026-02-05 19:01:30.303072,user_0313,moniqueclark@ibl,randy32@oksbi,465.84,18,67ce378f-e5a4-483b-a383-889adb2c6ac8,Jaipur,460.93,0,0,441.09,none,0
T0017390,2026-01-09 21:46:39.628854,user_0303,susan77@paytm,kathy66@ybl,1837.16,10,0d557b61-8a17-4dfe-bfc0-0dc804f64d86,Chennai,1184.83,0,0,126.33,none,0
T0047312,2026-01-22 13:25:24.061390,user_0321,raymond92@ibl,taylorbrandon@ibl,714.03,13,97154633-9d4e-4b71-ab2e-c80e4c255823,Delhi,639.46,0,0,429.34,none,0
T0049106,2026-02-01 01:19:50.461465,user_0657,kevin46@paytm,hsnow@paytm,218.81,10,370b9a29-0a53-4df9-9a72-083cb266986c,Bengaluru,240.26,0,0,16.83,none,0
T0030593,2026-01-16 08:46:39.799906,user_0374,mauriceharrison@ybl,opetersen@ibl,1878.87,8,0f1259e0-a18f-46b6-b535-106e122c9a56,Jaipur,1484.05,0,0,28.08,none,0
T0003282,2026-01-03 13:45:38.748753,user_0384,elopez@okhdfcbank,kimberlyblair@ibl,1860.3,11,4baf0f5e-a932-4094-93f2-8f11147f6570,Mumbai,1589.38,0,0,243.74,none,0
T0050585,2026-01-23 17:49:31.380834,user_0355,julie87@ibl,michaelgamble@okhdfcbank,1427.21,9,6c4c450b-623a-40fc-9326-7d25234b4562,Bengaluru,1166.07,0,0,57.67,none,0
T0011116,2026-01-06 16:17:58.644184,user_0542,oblack@oksbi,georgehawkins@okhdfcbank,474.38,14,3c07c574-4925-4af1-b6aa-e05b13d5f2f7,Chennai,915.49,0,1,482.72,none,0
T0037637,2026-01-18 06:16:27.182239,user_0508,garrettnatasha@ibl,ilivingston@oksbi,1717.74,8,1e38f711-e2ec-43f4-bba1-aed944cdbfdd,Lucknow,1468.73,0,0,444.76,none,0
T0059364,2026-01-29 14:16:55.364415,user_0663,ryanlawrence@oksbi,bmiller@ybl,118.62,21,ce3714af-99b4-4350-af2b-99b4d9acd158,Ahmedabad,176.85,0,0,1268.96,none,0
T0020436,2026-01-06 04:36:10.877302,user_0495,scottbrian@ibl,vhenry@ybl,798.34,18,1519830c-4019-4303-9c45-7e4da79313b8,Ahmedabad,875.45,0,0,168.67,none,0
T0036799,2026-01-23 18:53:58.393913,user_0543,leescott@ybl,william12@paytm,361.34,3,27c6cbb1-cedd-469d-b96c-9a0a3404c02a,Delhi,256.73,0,0,2772.36,none,0
T0033546,2026-01-22 09:36:44.274454,user_0519,lonniegrant@oksbi,gmedina@ibl,922.75,12,1777e8cb-7468-4b98-92fe-2fded918b3e5,Chennai,1108.63,0,0,346.85,none,0
T0031450,2026-01-20 15:38:16.049238,user_0706,kbarber@ybl,darren02@paytm,166.5,16,9ca3fbb3-ff11-48ba-b6ee-1640723ef466,Mumbai,192.76,0,0,350.81,none,0
T0021246,2026-01-17 05:32:12.833682,user_0335,angelachase@oksbi,maciassusan@okhdfcbank,1914.83,23,1a432f0a-7daa-49f0-80b6-fce2de53790a,Ahmedabad,1498.89,0,0,436.73,none,0
T0004963,2026-01-04 10:23:25.453506,user_0781,amiller@ybl,briannamclaughlin@ybl,1688.37,21,fb8fe8c4-d8b4-4ead-9360-8edf382b5b86,Mumbai,1640.13,0,0,185.62,none,0
T0007091,2026-01-03 12:26:29.502247,user_0320,wwhite@oksbi,bfoster@paytm,1172.47,17,788fd0cd-65c0-4b93-88ed-abdd4ef03f80,Mumbai,762.39,0,0,141.34,none,0
T0035086,2026-01-22 05:24:44.654495,user_0040,ismith@paytm,ronaldmartinez@ybl,859.94,19,07f194f9-c115-4d6d-8a4e-5b70a6d964a3,Mumbai,1230.44,0,0,578.5,none,0
T0018600,2026-01-13 20:15:24.013862,user_0031,robert22@ibl,randy55@ybl,785.78,13,1b0c62eb-27c8-4c6c-9be5-a4c395af6d0c,Hyderabad,536.93,0,0,605.96,none,0
T0005204,2026-01-01 15:51:42.224998,user_0497,marshallsierra@oksbi,zmoore@ibl,781.36,14,33261887-9058-41df-ae9b-f3e11d27c09a,Kolkata,629.4,0,1,638.28,none,0
T0055992,2026-02-03 22:48:37.657243,user_0161,mark43@okhdfcbank,johnsondavid@oksbi,208.97,17,eb93f78c-620a-4158-9d2d-904f78c59073,Pune,216.11,0,0,499.97,none,0
T0000687,2026-01-03 11:51:55.778064,user_0647,gilbertcaldwell@okhdfcbank,georgebrandon@paytm,662.23,21,9a069295-3b8d-4447-8e61-065f171b1b80,Chennai,979.37,0,0,570.59,none,0
T0017023,2026-01-11 02:03:19.257155,user_0285,zarias@okhdfcbank,michael35@ibl,2746.16,16,ccf3a171-56dc-4907-ba6c-34ab6712303a,Mumbai,2022.54,0,0,19.31,none,0
T0026755,2026-01-13 18:08:09.134507,user_0019,matthewreeves@ibl,patriciapratt@okhdfcbank,267.5,16,ea74bb18-de3b-496f-ac45-96f6c012a0ff,Bengaluru,306.05,0,1,258.31,none,0
T0029148,2026-01-15 13:32:31.734725,user_0584,jeanettekrause@oksbi,jennifersmith@okhdfcbank,593.29,18,a6129a1c-889d-4b76-b75c-30b561730c48,Ahmedabad,496.71,0,1,23.84,none,0
T0037727,2026-01-24 19:39:22.331555,user_0533,stephanie33@paytm,jerry33@paytm,254.69,21,4926ce5f-7878-4140-ac2a-4f71a77d95f1,Hyderabad,213.64,0,0,40.72,none,0
T0019150,2026-01-10 00:39:15.288492,user_0640,sullivanjennifer@ybl,lawrenceklein@okhdfcbank,783.12,15,8471b4b0-ae1b-4f69-b740-d83173318749,Jaipur,1466.02,0,0,910.05,none,0
T0044723,2026-01-24 18:22:53.291239,user_0487,jamesbrooks@ybl,ldoyle@ybl,1290.45,23,51facefa-d6f8-4f7a-82fa-1da878308631,Mumbai,1752.15,0,0,1011.37,none,0
T0057012,2026-01-29 03:10:24.276097,user_0773,daughertybarbara@paytm,sierrasutton@ibl,117.56,7,c80c2195-8b65-44ce-bacc-99705beec570,Delhi,229.54,0,1,2.92,none,0
T0031848,2026-01-20 09:16:21.300696,user_0439,colonjoseph@paytm,melaniewilliams@oksbi,1400.65,13,22b5f457-1860-4d28-90af-b235ade68f51,Hyderabad,2112.92,0,0,765.86,none,0
T0047027,2026-01-26 10:43:16.739387,user_0557,fernandothomas@ibl,richardmacdonald@paytm,404.28,13,518b2f21-9cf2-4859-ae6e-2e7253f591dc,Ahmedabad,509.31,0,0,697.45,none,0
T0005705,2026-01-03 18:09:57.912327,user_0168,willie87@paytm,olsenlinda@oksbi,571.9,20,f7336094-6b2b-48b9-85c7-f3bed183010f,Chennai,641.32,0,0,323.46,none,0
T0059912,2026-02-10 10:55:53.722557,user_0676,lkelly@ibl,pmccoy@okhdfcbank,534.72,14,ccac2fb5-1a0c-4c04-93cd-129110042d82,Lucknow,772.58,0,0,1060.16,none,0
T0014949,2026-01-07 00:10:02.998082,user_0731,kenneth17@oksbi,ryanmurphy@okhdfcbank,598.31,11,30e912f2-f2b4-4abf-8441-aefd0299436a,Mumbai,666.89,0,1,33.78,none,0
T0002983,2026-01-02 06:26:40.669482,user_0563,franklintrevor@ybl,smithjack@ibl,775.66,17,73e7f042-516c-4b0a-9385-3918bc4015fa,Jaipur,714.81,0,0,365.4,none,0
T0019674,2026-01-12 20:06:37.834405,user_0261,xboyd@oksbi,gedwards@oksbi,786.79,11,286ed390-edd9-4a1a-ba58-5b278ce3e7c3,Delhi,684.82,0,0,123.41,none,0
T0021660,2026-01-19 07:41:43.781306,user_0676,lkelly@ibl,wrightcynthia@paytm,989.32,10,24108e9a-3f77-4cae-b318-b96d44790612,Lucknow,772.58,0,1,30.7,none,0
T0054900,2026-01-31 17:58:24.286976,user_0661,smithann@oksbi,yorkrachel@oksbi,290.96,22,2e326567-d284-454e-bebe-c0db9a3a6103,Ahmedabad,562.6,0,0,484.47,none,0
T0037892,2026-01-18 05:43:28.919765,user_0464,larsonkevin@ybl,kathrynwatkins@ybl,1365.15,9,f5c9b047-9c10-4572-8f6b-40d09efba58b,Delhi,864.3,0,0,143.03,none,0
T0026750,2026-01-17 11:51:46.829221,user_0100,fmiller@okhdfcbank,christinaarnold@paytm,1284.28,5,604e46cb-3712-42d1-87cd-b6a1bf012e32,Kolkata,1348.16,0,0,167.68,none,0
T0004812,2026-01-02 22:02:31.804848,user_0751,diazmelissa@paytm,derrick31@paytm,272.34,12,1f5df912-54e0-4431-8f13-3b65d450afa2,Mumbai,796.42,0,0,72.46,none,0
T0035851,2026-01-20 09:17:35.579665,user_0684,steven18@okhdfcbank,ryannathan@oksbi,2544.95,2,993f670e-6278-46af-9dca-d782339a0de4,Ahmedabad,429.59,1,1,554.12,takeover,1
T0014792,2026-01-10 19:33:41.789817,user_0743,denisesmith@ybl,jonathan41@ibl,569.65,10,f4e95734-5052-4700-a077-96a38685abaa,Ahmedabad,624.7,0,1,169.82,none,0
T0016815,2026-01-07 23:52:25.194713,user_0597,steven60@paytm,glopez@oksbi,1440.43,10,8fca7b6a-8fc4-4092-b4e5-59e596229348,Bengaluru,1443.24,0,0,68.04,none,0
T0054506,2026-01-31 22:17:23.304226,user_0501,mckeetodd@ibl,hcarter@ibl,482.27,8,4aea1b8f-b43c-4e0a-ba9f-c10e52daf681,Ahmedabad,483.5,0,0,1296.82,none,0
T0016247,2026-01-11 09:09:31.710176,user_0062,daniel17@oksbi,christopheraguilar@okhdfcbank,639.55,23,186b2880-ab54-4a15-a69d-01ff1634725b,Hyderabad,636.8,0,0,240.42,none,0
T0025991,2026-01-13 06:25:19.260149,user_0211,wilkinsonmichele@ibl,lisabailey@paytm,271.12,10,5780be17-12fe-4c2b-9acf-42c5f3a02120,Hyderabad,374.23,0,0,26.68,none,0
T0053205,2026-01-26 09:26:54.462043,user_0158,susanmeyer@okhdfcbank,ddavis@oksbi,2267.95,13,3d225c30-b28f-41de-bb14-0bc3304b8590,Kolkata,1964.86,0,0,1101.7,none,0
T0023830,2026-01-17 05:50:56.865970,user_0270,robert12@ybl,fullersusan@paytm,1075.79,18,97867b12-1328-4726-a4f4-34d6d1e91691,Lucknow,833.38,0,0,1107.01,none,0
T0001612,2026-01-01 08:55:30.396121,user_0021,william28@paytm,timothy88@okhdfcbank,192.66,14,a981b098-b2cf-452d-a7f3-33b3f7baf55e,Bengaluru,264.07,0,0,327.76,none,0
T0045358,2026-01-30 11:23:42.113568,user_0102,garciarobert@okhdfcbank,kkane@ybl,536.81,9,81f76d1c-2dbc-4134-830f-f46e8026695f,Kolkata,597.81,0,0,380.01,none,0
T0011616,2026-01-07 11:15:32.550263,user_0610,jstein@ybl,palmerkatherine@ibl,108.42,17,a21b0307-82af-485c-938d-994c2b0abedd,Lucknow,246.69,0,0,92.55,none,0
T0030980,2026-01-19 11:32:40.980673,user_0285,zarias@okhdfcbank,nancy08@paytm,1001.94,17,ccf3a171-56dc-4907-ba6c-34ab6712303a,Mumbai,2022.54,0,0,14.41,none,0
T0045033,2026-01-22 22:10:56.925144,user_0755,omosley@ibl,westsue@paytm,8.37,13,38ae070b-08e5-46a0-a655-4bc554a15293,Delhi,803.07,1,0,539.25,probing,1
T0032509,2026-01-19 08:42:23.185330,user_0517,russellstout@paytm,garciamorgan@oksbi,1279.14,13,77fc9703-1fd5-4423-b06c-5c5649e2623d,Ahmedabad,820.3,0,0,959.04,none,0
T0056191,2026-01-29 04:49:08.112082,user_0539,meyershannon@ibl,fordtamara@ybl,864.68,11,f387e1bd-2d59-42c6-934a-5a2fa7cf705c,Hyderabad,666.75,0,0,272.19,none,0
T0005526,2026-01-03 02:56:15.136533,user_0237,jason22@ibl,kevin42@ibl,717.38,13,8412a335-d88c-456d-b61e-5fdb1a435206,Ahmedabad,510.22,0,0,1517.59,none,0
T0000030,2026-01-01 08:40:28.630815,user_0783,robert72@oksbi,morgansullivan@ybl,1532.72,23,2812859a-1337-439e-8d4f-5d272c7f0b79,Jaipur,983.52,0,0,520.48,none,0
T0045798,2026-01-27 13:46:08.903989,user_0270,robert12@ybl,obartlett@ybl,684.43,7,97867b12-1328-4726-a4f4-34d6d1e91691,Lucknow,833.38,0,0,2750.93,none,0
T0006604,2026-01-04 16:24:55.265383,user_0458,clintonstevens@paytm,taylor70@paytm,505.6,14,9f8cc29f-fd35-4c5f-9347-9a3b479bc637,Kolkata,516.52,0,0,902.59,none,0
T0000513,2026-01-01 11:10:14.719204,user_0012,michelle44@ibl,martinezmitchell@paytm,1428.38,10,16de66c9-6210-4ef6-ba9c-43081221cddf,Jaipur,1796.07,0,0,670.25,none,0
T0040427,2026-01-21 16:19:04.181543,user_0007,erica96@ybl,uharris@paytm,1095.91,10,177d6e7e-07d9-44ce-b8c8-8faea2178f84,Kolkata,1037.93,0,0,74.13,none,0
T0018652,2026-01-11 01:23:27.709348,user_0537,mparsons@paytm,cindyjohnson@paytm,1165.36,22,ac9ed156-f63f-4e41-ba9a-ca5e176132ed,Pune,1276.31,0,1,726.35,none,0
T0052830,2026-01-29 23:00:03.897540,user_0799,washingtondarren@ibl,raymond24@oksbi,929.29,19,e08596db-1d87-4966-8710-d430f071d879,Chennai,1319.75,0,0,440.34,none,0
T0049100,2026-01-31 10:12:53.595716,user_0344,andrew15@ybl,penasusan@okhdfcbank,400.5,19,759cde66-bacf-43d0-8b1f-9163ce9ff57f,Kolkata,586.79,0,0,1052.73,none,0
T0004100,2026-01-04 17:37:49.085641,user_0129,jamesweber@ybl,janetmoore@okhdfcbank,1726.79,3,44d7df9a-238b-45b7-ab64-777c6177a771,Lucknow,1340.62,0,0,904.87,none,0
T0024605,2026-01-14 08:19:22.824407,user_0691,keith09@ybl,melissa66@paytm,1295.94,7,64953d5f-0cb4-4891-988d-f23b3ccff6eb,Mumbai,1100.43,0,0,1414.48,none,0
T0026553,2026-01-12 21:02:17.752309,user_0727,stephanielittle@ibl,nmullins@oksbi,1033.17,20,7eccdaf4-c413-4dc2-85c5-ae8abe15ad12,Pune,1014.9,0,0,508.2,none,0
T0050928,2026-01-25 03:50:08.757753,user_0290,christinacraig@oksbi,szimmerman@oksbi,302.52,9,d0e6e660-7c69-4ee1-bb5e-4bcf15ed6269,Bengaluru,623.13,0,1,559.27,none,0
T0044358,2026-01-27 19:15:51.712115,user_0452,nicholaspierce@ybl,mikewright@ibl,369.05,7,e1cde87f-ec95-4f87-ae5e-c36572eb7474,Mumbai,299.74,0,0,903.78,none,0
T0038107,2026-01-31 11:05:26.350027,user_0178,angela93@ibl,amanda16@paytm,556.13,17,9c89d374-c664-45a7-8077-3e33690e7e62,Jaipur,705.93,0,0,1574.91,none,0
T0000770,2026-01-01 02:11:06.796481,user_0209,wford@paytm,jacobbrown@ibl,740.9,14,cc152a1b-e278-4642-a484-e035330faaa3,Ahmedabad,578.44,0,0,131.11,none,0
T0008234,2026-01-06 03:10:01.557766,user_0780,bstrickland@ybl,zward@okhdfcbank,535.68,17,0a0537f0-2c2c-422b-a568-95c6812a1f9b,Delhi,450.25,0,1,1033.91,none,0
T0018940,2026-01-07 12:11:13.255099,user_0628,mwhite@ybl,dustinhuff@paytm,1029.86,8,722dce13-47a4-4c42-8665-34972fe922aa,Ahmedabad,1310.64,0,0,1051.65,none,0
T0038154,2026-01-20 17:53:35.257854,user_0007,erica96@ybl,qfigueroa@ybl,958.93,10,177d6e7e-07d9-44ce-b8c8-8faea2178f84,Kolkata,1037.93,0,0,242.25,none,0
T0007354,2026-01-07 00:28:18.648166,user_0327,nguyenchloe@ibl,kimberly37@ybl,532.77,11,c1b5b5ca-bc35-46df-94f7-9dbac5811d2d,Bengaluru,562.08,0,0,834.62,none,0
T0009380,2026-01-03 03:29:02.887117,user_0126,shawn22@ybl,elizabethmoore@paytm,852.39,18,5d71a898-6497-4593-892e-8c93d105c8d6,Ahmedabad,1019.57,0,0,384.39,none,0
T0025829,2026-01-16 00:34:58.971781,user_0367,amy28@paytm,walkercynthia@ybl,187.18,8,74797b61-2737-4b52-ba6a-210722319050,Mumbai,175.24,0,0,997.44,none,0
T0005022,2026-01-02 11:32:33.833482,user_0022,kellyruiz@ibl,daniellindsey@paytm,227.94,16,0e5dd462-cbd0-4ef2-930a-37df0bc61066,Chennai,239.12,0,0,1221.64,none,0
T0024834,2026-01-17 12:23:41.811198,user_0282,morrowthomas@ibl,nancy83@okhdfcbank,203.91,9,c0398710-8976-4334-a281-7efdae849217,Bengaluru,218.91,0,0,1346.33,none,0
T0008388,2026-01-02 16:12:19.828562,user_0015,rguerrero@paytm,pdavis@oksbi,678.7,14,ce7ae7f6-3982-4cff-8f77-a665ac3c5640,Mumbai,775.6,0,0,586.71,none,0
T0037380,2026-01-19 11:47:35.620289,user_0699,reneestevenson@paytm,jennifer96@oksbi,1149.59,12,551ac8ea-585a-4afa-bbfd-cc1289e06ab3,Pune,1055.77,0,0,922.05,none,0
T0037766,2026-01-20 01:26:22.532164,user_0559,lroberts@paytm,myerscarrie@oksbi,1876.93,14,b3eda8f1-026b-4383-a301-ec030e5d8c6a,Lucknow,1210.35,0,1,168.86,none,0
T0031236,2026-01-11 22:19:23.724954,user_0393,dbolton@paytm,blackkatie@oksbi,845.37,20,0a0537f0-2c2c-422b-a568-95c6812a1f9b,Bengaluru,1002.66,0,0,58.23,none,0
T0054908,2026-01-25 12:56:17.606621,user_0413,deanna81@ibl,ycurtis@ibl,208.72,20,59e7703a-70aa-4b0d-aa03-8ad4a667b982,Jaipur,166.1,0,0,704.96,none,0
T0013855,2026-01-08 22:42:32.654009,user_0512,robertberry@okhdfcbank,sallywilliams@paytm,1345.13,15,eec259dc-7f95-497c-a76a-a6ced50755d9,Hyderabad,1110.9,0,0,748.52,none,0
T0028431,2026-01-17 19:47:38.558292,user_0364,davidroberson@paytm,georgechambers@oksbi,229.15,14,4e7ed827-455a-4762-b428-a656b3ee4d3b,Pune,638.36,0,0,2278.41,none,0
T0015098,2026-01-06 12:45:55.209426,user_0701,kimberly37@paytm,ruth44@ibl,728.01,4,7eccdaf4-c413-4dc2-85c5-ae8abe15ad12,Jaipur,459.14,0,1,859.92,none,0
T0057437,2026-01-23 20:20:06.491107,user_0230,mary49@oksbi,joanne51@oksbi,1279.61,16,12a1fe7d-dfa5-4722-8a1f-c9df9a591974,Mumbai,1530.03,0,0,1.06,none,0
T0028081,2026-01-19 01:14:34.284311,user_0692,jessica94@ybl,tammywilliams@ibl,1074.95,9,d773f98d-550c-4fe9-a54c-11d9f2e61828,Jaipur,954.0,0,0,211.4,none,0
T0050168,2026-01-24 11:19:30.537779,user_0132,qaguilar@oksbi,michele13@paytm,849.99,9,7a5d7c82-86c5-447c-851a-00393803dcee,Ahmedabad,601.7,0,0,542.54,none,0
T0034198,2026-01-21 11:35:10.359516,user_0392,matthewcollins@paytm,brandy71@okhdfcbank,475.34,12,64880945-ad1d-4537-97f3-4368c2efeecb,Bengaluru,480.83,0,0,676.08,none,0
T0026992,2026-01-15 14:20:01.631187,user_0763,joycehall@ibl,tonyamarquez@ybl,443.22,12,694d7b00-8d38-4327-883f-13c601b158e9,Chennai,461.07,0,0,2044.75,none,0
T0053734,2026-02-02 17:01:41.621641,user_0703,tracey29@oksbi,dmiller@ibl,748.62,15,ebd34616-91b7-4d8e-9301-6989bfbbb17f,Pune,734.42,0,0,141.92,none,0
T0052837,2026-01-23 16:18:37.141659,user_0368,brittanybryant@oksbi,bestsandra@paytm,297.05,11,2747b93c-9ae7-4eab-884a-67809136f1f8,Hyderabad,247.77,0,0,294.62,none,0
T0058270,2026-01-25 04:21:11.133516,user_0548,sharpdaniel@oksbi,gortiz@okhdfcbank,1599.8,14,5be6128e-18c2-4797-a142-ea7d17be3111,Pune,1665.54,0,0,684.55,none,0
T0035629,2026-01-21 18:40:47.229680,user_0285,zarias@okhdfcbank,michael03@ybl,4.67,8,31bd4709-312d-4ac3-acf2-e99cd11c22eb,Mumbai,2022.54,1,0,411.88,probing,1
T0039434,2026-01-18 15:45:43.994174,user_0495,scottbrian@ibl,roberta78@okhdfcbank,915.03,14,1519830c-4019-4303-9c45-7e4da79313b8,Ahmedabad,875.45,0,0,750.38,none,0
T0007078,2026-01-02 16:29:33.725253,user_0697,christinahill@oksbi,laurieburgess@okhdfcbank,403.12,17,541cdfcd-da0d-4a5f-948f-8b74a65bb1f2,Hyderabad,381.81,0,0,506.0,none,0
T0059867,2026-02-02 17:37:55.544355,user_0018,ldoyle@ybl,floresjulie@paytm,948.01,8,bd5ff093-c16f-4bcc-a243-bed754ec3f33,Mumbai,709.72,0,0,879.15,none,0
T0029660,2026-01-17 23:21:25.427990,user_0081,danielhorton@ibl,timothycampbell@okhdfcbank,2145.56,14,7af6cd41-99a7-499b-a005-f5e1a97a2846,Mumbai,1880.08,0,0,150.83,none,0
T0027423,2026-01-12 20:28:41.915908,user_0472,wmaddox@ibl,sean69@paytm,549.33,7,567e642e-052d-4b9a-9f58-4603e5a3d8e9,Chennai,522.37,0,0,459.8,none,0
T0010296,2026-01-04 07:16:02.747483,user_0763,joycehall@ibl,cmedina@oksbi,700.04,19,694d7b00-8d38-4327-883f-13c601b158e9,Chennai,461.07,0,0,261.9,none,0
T0003545,2026-01-02 07:50:52.543223,user_0487,jamesbrooks@ybl,hmcneil@ibl,2411.17,8,51facefa-d6f8-4f7a-82fa-1da878308631,Mumbai,1752.15,0,0,233.66,none,0
T0038322,2026-01-25 17:24:21.289052,user_0296,michael43@ybl,pmoore@paytm,801.56,18,f7eae66e-ca6c-4f9b-8969-71018b2c550a,Bengaluru,742.04,0,0,60.67,none,0
T0056906,2026-01-30 13:11:32.370208,user_0370,regina78@ibl,slarson@oksbi,551.43,14,7317591a-3283-4aa4-a212-ab7c9d361cb6,Kolkata,591.4,0,1,488.27,none,0
T0033587,2026-01-15 20:42:40.611413,user_0319,travis94@okhdfcbank,rosstyrone@ibl,457.93,16,3270e4fa-abae-4f43-bcae-8081bdf070aa,Ahmedabad,450.88,0,0,113.58,none,0
T0030323,2026-01-16 04:25:07.143845,user_0116,jenniferrodriguez@paytm,wesley03@ybl,266.45,9,5c9deee0-b42a-4456-8736-5a84725e134d,Lucknow,368.02,0,0,592.1,none,0
T0016588,2026-01-08 15:17:11.212226,user_0505,matthew62@oksbi,edward32@oksbi,1028.12,20,72f60958-12ef-4101-a082-786fca00ef58,Jaipur,1134.43,0,0,884.45,none,0
T0050361,2026-01-28 22:01:28.145011,user_0641,nguyendebra@okhdfcbank,lisasmith@oksbi,1743.27,10,37bb3eec-4bf5-4b52-b09d-258c27a0c3d7,Mumbai,1536.71,0,0,41.83,none,0
T0031097,2026-01-12 17:31:33.682200,user_0195,eugenewalker@ibl,dking@oksbi,603.99,15,49e64c22-89a0-47eb-b98f-569b465cc2cb,Mumbai,643.57,0,0,1365.27,none,0
T0036169,2026-01-21 10:38:10.692696,user_0721,lawrencesmith@okhdfcbank,ypierce@ybl,663.72,16,34323ec6-b0c4-401c-a9b7-c0fa26c432f6,Jaipur,569.44,0,0,90.91,none,0
T0002911,2026-01-01 01:12:39.423579,user_0607,aliciathompson@oksbi,holmescolleen@okhdfcbank,1078.98,20,4758367b-a649-4cdc-907b-907265e58f34,Pune,1199.85,0,0,72.66,none,0
T0048275,2026-02-05 12:05:26.770312,user_0232,blacknicholas@ibl,meadowsanthony@oksbi,1283.84,17,546252e7-f43b-4052-8459-bd6ec0f63229,Ahmedabad,1688.68,0,0,468.57,none,0
T0047218,2026-01-25 23:56:31.139943,user_0402,sharon20@ibl,tmiller@ibl,494.31,11,37bb3eec-4bf5-4b52-b09d-258c27a0c3d7,Hyderabad,481.53,0,0,148.24,none,0
T0052913,2026-01-19 00:58:01.086740,user_0173,michellecoleman@ybl,arroyobrittney@ybl,1373.21,18,54c63cd8-8945-4f27-97fa-2d8dfb2ca025,Jaipur,1258.68,0,0,915.86,none,0
T0041080,2026-01-30 06:32:25.081381,user_0271,qpearson@paytm,hardybrendan@paytm,393.19,14,15969802-b6dd-4257-bb7d-9f1c57eb89b1,Mumbai,660.33,0,0,2766.96,none,0
T0010944,2026-01-04 19:32:55.685485,user_0537,mparsons@paytm,collinsmichelle@oksbi,1086.86,12,ac9ed156-f63f-4e41-ba9a-ca5e176132ed,Delhi,1276.31,0,0,421.85,none,0
T0027892,2026-01-18 14:55:25.333439,user_0104,pamela83@paytm,felicia65@okhdfcbank,831.96,7,90ce77e9-7513-43b9-87de-96ea2b0fbe44,Hyderabad,677.64,0,0,318.99,none,0
T0003952,2026-01-02 01:55:02.647240,user_0279,craigromero@okhdfcbank,barnesjames@ibl,658.73,10,9d264599-c4dd-4df5-9aec-56a857311609,Kolkata,652.77,0,1,119.42,none,0
T0057688,2026-01-29 14:28:30.967121,user_0182,avilabrenda@ybl,wespinoza@paytm,1375.43,15,7b85179a-d5b0-47e0-aa5d-932b45ff2c83,Jaipur,1240.2,0,0,1514.99,none,0
T0021538,2026-01-14 22:06:50.630679,user_0224,billy73@okhdfcbank,wwashington@paytm,1086.25,0,1758d47e-a7cd-4143-ade2-14293bf0d9c1,Pune,909.18,0,0,4001.08,none,0
T0044169,2026-01-25 17:24:38.153010,user_0746,zmendoza@paytm,jkim@ibl,812.07,12,b253d218-6c4a-47ea-8906-17f2747b6dba,Pune,750.52,0,0,758.36,none,0
T0049630,2026-02-01 07:05:45.927721,user_0344,andrew15@ybl,kingjacob@paytm,671.83,7,759cde66-bacf-43d0-8b1f-9163ce9ff57f,Kolkata,586.79,0,0,930.44,none,0
T0043660,2026-01-26 08:15:37.836920,user_0384,elopez@okhdfcbank,rholland@okhdfcbank,1966.46,23,3ae28023-5472-4d2d-b239-9ffb27046f25,Mumbai,1589.38,0,1,527.62,none,0
T0030898,2026-01-18 03:32:36.690432,user_0623,joseph49@ibl,amyarmstrong@okhdfcbank,1324.27,9,9132b63e-f162-47e4-a9c3-49e03602f8ac,Chennai,847.74,0,0,359.4,none,0
T0059873,2026-02-06 09:56:20.270019,user_0340,rosshannah@ybl,brandonadkins@ibl,586.76,13,cdd0b4d4-5542-47de-b6ad-f48b2314d0c8,Lucknow,754.31,0,0,42.53,none,0
T0042590,2026-01-25 04:33:20.760020,user_0174,harrismaria@ybl,jennifer33@ybl,1697.72,16,51b30182-f7fe-404f-a5f3-0779f6ee5cdb,Kolkata,1297.48,0,0,200.44,none,0
T0047157,2026-01-21 00:25:26.598436,user_0019,matthewreeves@ibl,basstammy@ybl,386.37,10,ea74bb18-de3b-496f-ac45-96f6c012a0ff,Delhi,306.05,0,0,17.12,none,0
T0047022,2026-01-20 07:47:24.848577,user_0050,stacyhull@ibl,lawrence57@oksbi,271.57,11,92a54d04-f2dd-41f5-b3b6-d344f2e3c6f0,Bengaluru,380.25,0,0,227.49,none,0
T0001524,2026-01-01 12:39:00.060899,user_0756,tom73@oksbi,inewton@ibl,399.66,20,548e1f6b-69ce-4e4e-99a6-92c90d700ea4,Hyderabad,718.24,0,0,159.65,none,0
T0026073,2026-01-13 08:06:52.491024,user_0699,reneestevenson@paytm,xsanchez@ybl,1258.35,16,551ac8ea-585a-4afa-bbfd-cc1289e06ab3,Pune,1055.77,0,0,674.41,none,0
T0024526,2026-01-17 19:40:48.578802,user_0596,imcclain@ibl,jmcclain@okhdfcbank,1709.73,5,1fe771d6-d917-4793-a9d3-c2e6505cc686,Ahmedabad,1416.75,0,0,131.56,none,0
T0047925,2026-01-26 01:39:19.682211,user_0087,qwilliams@paytm,vcallahan@okhdfcbank,488.2,17,01bb819c-4dfe-4117-a2af-711f1b628a9d,Delhi,816.63,0,1,985.27,none,0
T0004719,2026-01-03 10:00:51.434729,user_0720,aprilbyrd@paytm,michaelwilliams@paytm,973.75,20,1cce08e9-6b6a-4061-881c-8d3185c69fbf,Pune,820.84,0,0,1633.87,none,0
T0036737,2026-01-22 08:57:35.910696,user_0455,caitlin82@ibl,stevengillespie@paytm,1669.98,13,2e326567-d284-454e-bebe-c0db9a3a6103,Ahmedabad,1134.15,0,0,673.67,none,0
T0009344,2026-01-03 20:14:09.764710,user_0160,baileynicole@okhdfcbank,castillolinda@ibl,2299.6,9,3f8c1097-c4da-4c2e-9bff-a27915c1604f,Lucknow,1772.26,0,0,81.35,none,0
T0059298,2026-01-22 07:03:51.521274,user_0489,mistywilkins@paytm,omeyers@okhdfcbank,662.54,12,d28fcf68-c871-47b3-8468-b74d85e3ade5,Chennai,470.23,0,1,578.31,none,0
T0042882,2026-01-21 14:30:59.783883,user_0332,melissa47@ybl,qpacheco@ybl,1269.23,7,1a2a73ed-562b-4f79-8374-59eef50bea63,Pune,1243.24,0,1,847.56,none,0
T0027859,2026-01-13 10:48:55.634495,user_0590,parkerwilliam@paytm,daniel25@paytm,971.96,13,67c0518b-17ef-4621-881c-79d4c27437eb,Pune,780.59,0,0,158.12,none,0
T0011607,2026-01-06 07:15:53.725576,user_0733,kimberlyramirez@okhdfcbank,katherinekemp@oksbi,503.71,12,b7f60cdf-41dc-4c60-a5f6-0735757b6b29,Hyderabad,896.97,0,1,133.17,none,0
T0009276,2026-01-05 14:14:34.026198,user_0303,susan77@paytm,angelashepherd@paytm,1353.84,10,0d557b61-8a17-4dfe-bfc0-0dc804f64d86,Chennai,1184.83,0,0,1261.18,none,0
T0041741,2026-01-28 22:05:08.464430,user_0747,fernandezaaron@okhdfcbank,rojaslauren@okhdfcbank,123.02,15,ae455cc6-b88e-430f-9e1e-994ac5a11f5c,Chennai,128.4,0,0,281.87,none,0
T0046674,2026-01-21 22:17:26.916599,user_0510,edwardprince@ibl,zsanders@oksbi,970.34,14,398d1ca6-8b68-40b5-9d61-fac36cd5e859,Lucknow,1014.43,0,0,107.05,none,0
T0016460,2026-01-14 18:12:46.234740,user_0032,matthewbenitez@oksbi,megannichols@ybl,546.31,8,7c0e8cd8-8573-4793-8715-b2b9c40c5d91,Chennai,424.64,0,0,289.15,none,0
T0005252,2026-01-02 05:52:12.885436,user_0090,april91@ybl,billydavis@ibl,1007.8,13,43ad3d62-b17c-4b21-8dbc-2c1ca4afe7bd,Jaipur,1024.15,0,0,290.93,none,0
T0052611,2026-01-30 16:32:03.516403,user_0060,cindy26@ybl,imaxwell@paytm,62.81,7,e00da49d-effa-4002-b040-413c4690fb15,Delhi,220.34,0,0,766.76,none,0
T0027106,2026-01-15 20:30:33.755395,user_0174,harrismaria@ybl,lynchdanielle@oksbi,999.96,5,8d536c75-65b9-4e94-8e6d-e263635a775d,Kolkata,1297.48,0,0,242.2,none,0
T0003699,2026-01-01 09:47:46.661774,user_0683,jessicafox@ibl,michael35@okhdfcbank,455.78,20,ed1115d7-50a4-4c85-99d5-7b0242d04d55,Kolkata,415.9,0,0,65.74,none,0
T0057429,2026-01-24 18:17:46.530935,user_0058,thomas23@ibl,tracy93@ibl,1018.06,11,2a25a888-0f02-4ad0-a706-7ef466aa9385,Jaipur,881.57,0,0,498.38,none,0
T0032273,2026-01-21 09:11:00.103305,user_0194,gwhitehead@ybl,davidsontyler@okhdfcbank,2002.83,8,adf4e62d-6651-429e-8268-690ba43825b5,Lucknow,1357.64,0,0,405.76,none,0
T0008264,2026-01-05 10:46:44.154920,user_0063,chelseastrickland@oksbi,wadepamela@ibl,1250.85,8,1d0bc9bd-e9b5-45cf-9766-5cdafe049059,Kolkata,947.84,0,0,201.29,none,0
T0036792,2026-01-20 17:50:15.624551,user_0373,smithlisa@okhdfcbank,avilakathleen@paytm,2342.76,8,893ad232-98c3-43ca-bff4-cec6e7b7b4c6,Ahmedabad,2199.82,0,0,851.94,none,0
T0051930,2026-01-23 19:55:09.227157,user_0608,kristen31@ybl,chad69@oksbi,461.68,12,72f60958-12ef-4101-a082-786fca00ef58,Kolkata,546.47,0,0,391.31,none,0
T0016944,2026-01-06 16:55:55.596691,user_0728,millercassandra@oksbi,laura86@paytm,1664.08,17,cf89569d-e550-4736-8780-6e713811b519,Delhi,938.13,0,0,1276.32,none,0
T0034691,2026-01-14 10:21:14.269324,user_0395,brianrowe@paytm,robert84@ybl,359.23,7,c626e38f-716f-4276-be64-ac2af96671a5,Ahmedabad,541.24,0,0,1018.58,none,0
T0031954,2026-01-14 05:00:58.479092,user_0508,garrettnatasha@ibl,adamtaylor@oksbi,1489.29,16,1e38f711-e2ec-43f4-bba1-aed944cdbfdd,Lucknow,1468.73,0,0,516.08,none,0
T0042220,2026-01-28 23:14:34.239845,user_0392,matthewcollins@paytm,kgarcia@ybl,432.49,8,64880945-ad1d-4537-97f3-4368c2efeecb,Bengaluru,480.83,0,0,376.67,none,0
T0022276,2026-01-15 12:43:50.556270,user_0313,moniqueclark@ibl,mercedes24@oksbi,421.93,13,67ce378f-e5a4-483b-a383-889adb2c6ac8,Jaipur,460.93,0,0,255.99,none,0
T0040872,2026-01-24 01:09:24.305680,user_0211,wilkinsonmichele@ibl,rhodesjohn@paytm,556.62,21,86cac6f4-e238-4e93-bd17-c5e8d5ca69ab,Hyderabad,374.23,0,0,2083.92,none,0
T0045839,2026-01-23 23:04:18.154661,user_0227,dharrison@ybl,david34@ibl,1138.13,15,5bd93609-b297-4782-bcf4-74aace63cb1a,Hyderabad,1004.32,0,0,347.1,none,0
T0040699,2026-01-29 07:48:33.317722,user_0398,paulproctor@ibl,rvance@paytm,524.7,16,f2c84743-9027-4770-a460-d0d2904883c1,Mumbai,1072.24,0,1,1324.27,none,0
T0037651,2026-01-18 05:20:05.030685,user_0750,chensusan@oksbi,ndouglas@okhdfcbank,665.49,16,ec1b8ca1-f91e-4d4c-9ff4-9b7889463e85,Jaipur,612.41,0,0,538.15,none,0
T0056236,2026-02-03 15:54:59.531044,user_0116,jenniferrodriguez@paytm,gwalker@okhdfcbank,600.46,14,5c9deee0-b42a-4456-8736-5a84725e134d,Lucknow,368.02,0,0,399.27,none,0
T0022807,2026-01-12 09:38:01.606630,user_0536,michelle36@okhdfcbank,qholmes@oksbi,269.97,15,bed63da0-8033-45c2-9413-d64db962c8a7,Mumbai,249.99,0,0,423.69,none,0
T0003098,2026-01-03 15:11:27.089984,user_0334,lisale@paytm,david78@ibl,188.14,13,aaf78c67-51d0-4109-bc90-2838d8741408,Mumbai,207.53,0,0,1549.62,none,0
T0009610,2026-01-07 16:21:54.421029,user_0120,tranryan@ybl,devon57@okhdfcbank,547.68,6,db23aa8c-3bca-4f85-a20a-60ac9261549d,Chennai,356.48,0,0,290.1,none,0
T0003917,2026-01-02 17:38:07.719718,user_0144,ybutler@ibl,ashley21@ybl,781.25,20,92779574-c457-4cc3-b5f7-89bca6b07458,Delhi,659.15,0,0,382.72,none,0
T0053514,2026-01-28 15:27:45.424579,user_0364,davidroberson@paytm,logan29@oksbi,655.83,19,4e7ed827-455a-4762-b428-a656b3ee4d3b,Pune,638.36,0,0,569.51,none,0
T0053489,2026-02-01 09:15:40.682508,user_0583,lvasquez@ybl,perezcharles@ibl,332.48,18,4b9dfd58-9e5d-4c7a-85ac-c35415f00cb4,Kolkata,433.68,0,1,1474.67,none,0
T0024557,2026-01-12 11:35:52.845821,user_0188,julierobles@ybl,austinandre@oksbi,398.91,18,9d3616a1-08de-4921-a60c-b547e2280fe3,Jaipur,377.12,0,0,169.36,none,0
T0008615,2026-01-07 05:00:05.127512,user_0111,amy51@oksbi,terribrown@okhdfcbank,1162.95,22,ef0a573d-53d2-456d-9040-158728e213bc,Kolkata,998.14,0,0,701.97,none,0
T0015295,2026-01-10 07:22:27.328603,user_0228,williamsdeborah@paytm,doylevictoria@paytm,219.46,12,dcb9075e-cdd7-4460-a140-77d39ec4ea48,Chennai,240.9,0,0,262.76,none,0
T0052838,2026-01-26 15:09:58.827188,user_0537,mparsons@paytm,david57@ybl,1370.96,19,ac9ed156-f63f-4e41-ba9a-ca5e176132ed,Lucknow,1276.31,0,1,392.36,none,0
T0004534,2026-01-03 16:06:32.505049,user_0661,smithann@oksbi,krystal64@oksbi,872.47,5,2e326567-d284-454e-bebe-c0db9a3a6103,Ahmedabad,562.6,0,0,301.36,none,0
T0021451,2026-01-08 09:01:40.149791,user_0166,patrick16@ibl,shawcandice@okhdfcbank,1330.6,13,e1bbb8cd-7e3a-4f07-a9fd-28e6e271fff9,Mumbai,1916.86,0,1,352.02,none,0
T0005549,2026-01-01 07:00:26.634837,user_0426,barrettamber@oksbi,christopherrogers@paytm,995.71,13,497ec6d1-081f-46dc-b8d9-a88aef0bea4f,Chennai,1021.31,0,0,90.92,none,0
T0037619,2026-01-21 02:15:15.354889,user_0349,mirandadavidson@paytm,pcruz@paytm,1433.98,18,b4a69f3c-8d3a-4d99-b11c-21c9bdc14f1f,Jaipur,2231.35,0,0,1919.23,none,0
T0012804,2026-01-07 14:01:23.563511,user_0054,brooksdanielle@oksbi,pruittluke@ybl,1034.03,7,ef0a573d-53d2-456d-9040-158728e213bc,Mumbai,768.06,0,0,308.33,none,0
T0000460,2026-01-01 21:35:02.458922,user_0008,smithyvonne@okhdfcbank,zhughes@okhdfcbank,976.99,7,74962764-12a4-4ef0-84bb-b7a9d98868dd,Bengaluru,849.58,0,0,295.82,none,0
T0029036,2026-01-12 00:41:03.146601,user_0796,ryancook@okhdfcbank,daledavis@okhdfcbank,260.96,16,b42a2d93-9aba-4f15-b214-90623e1a963e,Pune,595.34,0,0,3098.44,none,0
T0058647,2026-02-09 09:41:29.377453,user_0676,lkelly@ibl,beckertyler@okhdfcbank,923.56,11,24108e9a-3f77-4cae-b318-b96d44790612,Lucknow,772.58,0,0,1776.01,none,0
T0045622,2026-01-27 19:07:59.838181,user_0032,matthewbenitez@oksbi,alicia04@ybl,443.11,7,7c0e8cd8-8573-4793-8715-b2b9c40c5d91,Chennai,424.64,0,0,17.25,none,0
T0047763,2026-01-26 22:38:16.665959,user_0061,huntchristine@paytm,suzanne15@okhdfcbank,432.33,17,f5c9b047-9c10-4572-8f6b-40d09efba58b,Kolkata,522.18,0,0,704.02,none,0
T0050294,2026-01-24 19:01:45.983511,user_0265,eanderson@oksbi,candiceflores@ybl,812.05,4,73d39457-b25f-43df-b8d4-9848702ba49f,Lucknow,662.91,0,0,42.73,none,0
T0003212,2026-01-01 13:39:34.826539,user_0415,linda73@oksbi,williamslaurie@ibl,805.11,16,972a8469-1641-4f82-8b9d-2434e465e150,Chennai,626.1,0,0,225.67,none,0
T0016579,2026-01-11 16:53:47.145844,user_0487,jamesbrooks@ybl,gchase@okhdfcbank,1086.88,8,51facefa-d6f8-4f7a-82fa-1da878308631,Mumbai,1752.15,0,0,1322.92,none,0
T0051950,2026-01-31 00:19:47.861403,user_0642,amanda69@oksbi,michele15@okhdfcbank,2530.24,19,ae9bec36-35c7-436c-9b99-62c6e61fecc0,Kolkata,1965.93,0,0,588.51,none,0
T0003630,2026-01-05 07:06:47.899843,user_0676,lkelly@ibl,sherry01@ybl,1375.76,16,ccac2fb5-1a0c-4c04-93cd-129110042d82,Lucknow,772.58,0,0,1601.81,none,0
T0053857,2026-01-27 22:30:22.045182,user_0623,joseph49@ibl,dnash@okhdfcbank,995.96,6,9132b63e-f162-47e4-a9c3-49e03602f8ac,Chennai,847.74,0,0,92.86,none,0
T0029074,2026-01-18 05:24:13.389941,user_0635,philip55@okhdfcbank,triciarosario@ybl,878.8,7,766ecb15-474e-4c19-aef9-12766c006f61,Hyderabad,2274.0,0,1,309.13,none,0
T0056082,2026-01-27 02:47:52.736666,user_0118,bartonshannon@ibl,simpsonerin@okhdfcbank,1171.25,15,86e52753-7c93-46cc-97d7-a560adb14670,Delhi,833.45,0,0,252.47,none,0
T0032277,2026-01-20 05:14:41.011008,user_0266,reneemiller@paytm,charleswilliam@paytm,371.15,13,2ab8bd33-911f-430b-9bff-00b07fe670f3,Chennai,312.23,0,0,2.38,none,0
T0032085,2026-01-15 09:50:36.261278,user_0262,wolferoy@paytm,waynewall@ibl,1659.73,8,a56b61e0-4ba8-44ca-a449-cb6fbf72ae52,Lucknow,1341.54,0,0,570.84,none,0
T0030627,2026-01-16 15:43:39.634204,user_0376,xevans@oksbi,danielle36@paytm,5067.68,12,b43bd27f-42a2-49a6-8664-12854303cbc1,Delhi,3124.06,0,0,369.95,none,0
T0009279,2026-01-04 16:57:09.310024,user_0736,scottvasquez@paytm,brianmyers@paytm,732.22,22,2a9527f6-f817-4ebf-ab6e-64c5bb8aa843,Hyderabad,731.33,0,0,1564.06,none,0
T0050554,2026-01-29 09:58:49.567480,user_0495,scottbrian@ibl,hicksellen@ybl,514.03,13,1519830c-4019-4303-9c45-7e4da79313b8,Ahmedabad,875.45,0,0,129.47,none,0
T0012611,2026-01-07 21:50:46.134342,user_0792,joshualee@ybl,dbrown@ibl,865.7,19,20156a72-12e1-43a6-932c-ae01d2c65ee4,Hyderabad,1161.12,0,0,82.24,none,0
T0007806,2026-01-04 01:16:38.392298,user_0037,barbaramoore@oksbi,crystal41@paytm,912.57,23,709b7d97-464c-44af-bd3f-3799a07295e9,Ahmedabad,569.4,0,0,160.43,none,0
T0019471,2026-01-07 05:52:19.086657,user_0065,benjamincrawford@okhdfcbank,johnsonalan@ibl,478.08,16,f10c718b-1eb0-438a-a75d-d5af3c365296,Hyderabad,678.96,0,0,292.54,none,0
T0002593,2026-01-03 09:31:36.859529,user_0151,pattersonangela@okhdfcbank,nathanwarner@okhdfcbank,2843.2,5,f2f5b176-2c41-4bd3-b2f4-44abc1d71f4a,Mumbai,2522.69,0,0,719.7,none,0
T0022879,2026-01-09 17:25:25.360816,user_0074,ronald11@ibl,hle@okhdfcbank,2894.74,18,aaf407f7-0fe7-4149-bc7e-5368b1594847,Mumbai,1735.12,0,0,93.96,none,0
T0013750,2026-01-08 17:00:06.179825,user_0391,christophersmith@oksbi,alisonfuentes@ybl,205.36,19,dd2467ac-778e-4db3-a93d-ffbc6c6fa611,Delhi,287.08,0,0,618.51,none,0
T0005422,2026-01-04 06:43:41.879097,user_0521,jessicacannon@paytm,johnstokes@ibl,1097.64,6,38e7e019-fb89-46c8-87ec-fe71d49347fc,Chennai,853.92,0,0,260.15,none,0
T0000265,2026-01-01 02:33:13.835858,user_0651,georgegina@ybl,graceserrano@okhdfcbank,1516.9,12,74962764-12a4-4ef0-84bb-b7a9d98868dd,Pune,1709.3,0,0,153.23,none,0
T0054374,2026-01-24 10:42:30.700156,user_0470,markwolfe@okhdfcbank,amandawright@ybl,579.96,19,ec6a37ad-81b1-4db9-88cc-4d49669b29b8,Lucknow,512.06,0,0,112.15,none,0
T0034936,2026-01-17 05:27:23.378494,user_0068,conleyelizabeth@ybl,pbradshaw@okhdfcbank,760.99,17,47a2a10b-b62e-4b49-a472-96a4ff38b918,Lucknow,748.26,0,1,25.65,none,0
T0046472,2026-01-25 12:51:11.295837,user_0363,jerome47@ibl,vmanning@paytm,1829.05,9,f18cccdc-131e-4723-bbcd-f203459ee674,Ahmedabad,1456.37,0,0,731.48,none,0
T0042086,2026-01-21 14:44:56.486810,user_0556,rhondacunningham@ybl,georgestephenson@ibl,132.72,15,fa8dae42-ba54-4920-a099-d18087623997,Bengaluru,139.54,0,0,132.16,none,0
T0038151,2026-01-18 02:22:33.056360,user_0017,jordan66@oksbi,jonesdarren@oksbi,752.32,5,b4323070-a23d-4c2f-82a7-96891933918c,Pune,577.1,0,0,187.53,none,0
T0050902,2026-01-24 19:58:01.325011,user_0072,steven12@paytm,eortiz@paytm,2188.06,20,4140752c-aa44-4259-9001-8b7b6d4067f4,Pune,1498.09,0,1,501.52,none,0
T0040768,2026-01-22 15:42:54.335490,user_0571,cheryl99@ybl,patricia22@ybl,479.32,23,0d18ab95-668c-4477-8b95-017c5dae1201,Hyderabad,463.07,0,0,396.81,none,0
T0046044,2026-01-21 07:12:54.224751,user_0737,chelseywhite@paytm,ahill@paytm,622.49,14,b076a7dc-fd0c-4433-8a5e-151b23d3cd4c,Pune,711.97,0,0,1827.85,none,0
T0058424,2026-02-01 17:29:40.326468,user_0536,michelle36@okhdfcbank,corey98@okhdfcbank,150.51,15,bed63da0-8033-45c2-9413-d64db962c8a7,Mumbai,249.99,0,0,552.49,none,0
T0039288,2026-01-20 09:15:34.245303,user_0196,james29@oksbi,russoaustin@ibl,1087.58,8,a689b424-7a3a-40e1-b9c7-73a0e0decc3d,Delhi,953.45,0,1,416.78,none,0
T0011904,2026-01-07 00:43:59.147786,user_0023,jessica82@paytm,carlwood@ybl,537.69,10,1e38f711-e2ec-43f4-bba1-aed944cdbfdd,Pune,823.58,0,0,429.22,none,0
T0001716,2026-01-01 13:47:11.720267,user_0216,jvaldez@oksbi,holmescrystal@okhdfcbank,1202.0,4,ac3a812f-765e-4cb5-8f0d-55400ec7d662,Kolkata,729.4,0,0,625.15,none,0
T0000978,2026-01-01 12:16:08.072036,user_0480,johnadams@ybl,jamesgriffin@ybl,1006.1,16,822c4d32-6c64-4c15-aba3-01cba561e1e9,Jaipur,934.28,0,0,418.23,none,0
T0035679,2026-01-23 00:57:00.716957,user_0114,jacobconrad@oksbi,deanna11@oksbi,367.82,12,bdd640fb-0667-4ad1-9c80-317fa3b1799d,Chennai,992.12,0,0,948.7,none,0
T0030175,2026-01-16 09:45:39.491672,user_0132,qaguilar@oksbi,millerwendy@okhdfcbank,672.42,20,7a5d7c82-86c5-447c-851a-00393803dcee,Ahmedabad,601.7,0,0,69.1,none,0
T0010585,2026-01-06 03:49:47.260153,user_0190,susan08@oksbi,brian51@okhdfcbank,2155.64,10,ae62990c-19bd-4f93-b8ef-7666b7a4c719,Chennai,1511.37,0,0,394.36,none,0
T0052930,2026-01-24 13:15:33.565581,user_0634,michellejensen@ibl,zchapman@okhdfcbank,381.15,18,13325c31-d010-418a-aadc-9960424211e2,Bengaluru,443.65,0,0,407.76,none,0
T0006646,2026-01-02 23:59:15.923538,user_0028,delacruzbrandy@ybl,matthewchang@paytm,416.98,8,dc3f42e0-fcf7-4842-9edf-3bfad12e0eb5,Mumbai,505.96,0,0,1152.12,none,0
T0001182,2026-01-01 12:24:04.701648,user_0197,yorksarah@ibl,matthew96@paytm,452.98,21,949077c2-7674-456f-a26d-719d81cf3252,Lucknow,465.88,0,0,312.99,none,0
T0055530,2026-02-01 08:08:01.658502,user_0153,riverajenna@paytm,jeff47@oksbi,1248.94,4,78660765-14f7-4e8d-95bc-b8d04094dded,Delhi,1608.24,0,0,12.16,none,0
T0054123,2026-02-05 19:51:56.773037,user_0313,moniqueclark@ibl,wmorales@ybl,579.63,9,67ce378f-e5a4-483b-a383-889adb2c6ac8,Mumbai,460.93,0,1,50.44,none,0
T0034833,2026-01-26 05:50:55.065826,user_0496,kristinawilliamson@paytm,reyeswilliam@ibl,947.96,16,9b4e2c24-9479-41e6-8927-7d9b6e0d2648,Mumbai,904.72,0,0,46.33,none,0
T0001560,2026-01-02 07:55:21.399956,user_0149,shane12@paytm,james80@paytm,293.97,11,21bddb41-0699-4731-9dcf-8766a93b12cd,Chennai,254.52,0,0,216.82,none,0
T0016795,2026-01-15 22:49:32.227985,user_0296,michael43@ybl,christina34@oksbi,756.56,12,f7eae66e-ca6c-4f9b-8969-71018b2c550a,Bengaluru,742.04,0,0,1144.77,none,0
T0000110,2026-01-01 19:59:33.114907,user_0510,edwardprince@ibl,kathygeorge@paytm,353.22,18,a65f7b8a-dbb4-4021-bdde-64afa75b395a,Lucknow,1014.43,0,0,1199.55,none,0
T0035811,2026-01-22 02:41:34.724512,user_0746,zmendoza@paytm,charlespitts@paytm,553.04,17,b253d218-6c4a-47ea-8906-17f2747b6dba,Pune,750.52,0,0,1588.65,none,0
T0024379,2026-01-10 19:01:37.056787,user_0203,nhayes@paytm,ramirezjustin@ybl,257.19,7,453b45fe-636c-4499-9254-aad3809cd839,Chennai,221.99,0,0,834.09,none,0
T0014299,2026-01-09 01:32:04.304797,user_0498,pricejoseph@ibl,hhenderson@ybl,264.91,20,cfd7f3b9-c68f-4ba5-9e0d-02b5fe7402cd,Delhi,383.56,0,1,540.69,none,0
T0029977,2026-01-14 05:23:31.521417,user_0548,sharpdaniel@oksbi,simmonsrobert@ibl,2552.01,21,5be6128e-18c2-4797-a142-ea7d17be3111,Pune,1665.54,0,0,1355.78,none,0
T0008211,2026-01-06 19:24:48.560838,user_0153,riverajenna@paytm,xlarson@okhdfcbank,1941.75,8,78660765-14f7-4e8d-95bc-b8d04094dded,Delhi,1608.24,0,0,41.55,none,0
T0002922,2026-01-04 14:21:45.730998,user_0691,keith09@ybl,nortonwilliam@okhdfcbank,640.09,20,64953d5f-0cb4-4891-988d-f23b3ccff6eb,Mumbai,1100.43,0,0,1269.25,none,0
T0044270,2026-01-18 09:50:46.600074,user_0417,johnwilliams@ibl,keithcampbell@paytm,683.2,9,27cb6f2a-8da0-4097-be0f-051b1b66b5a9,Jaipur,390.11,0,0,1695.47,none,0
T0014194,2026-01-05 08:11:21.354523,user_0051,osmith@paytm,plewis@okhdfcbank,682.66,8,fc737d92-11ab-4d11-a4eb-8000ef40d162,Lucknow,489.68,0,0,816.32,none,0
T0015395,2026-01-07 23:45:23.951351,user_0679,robert89@ibl,robinsoncasey@okhdfcbank,902.45,17,15669e36-4708-403b-a716-10c19db54283,Pune,839.11,0,0,888.36,none,0
T0044369,2026-01-26 21:35:38.645518,user_0357,jessicastanley@ybl,kelleytamara@okhdfcbank,1091.66,10,42378962-e4fd-4c34-9670-7a2129dc073e,Bengaluru,990.97,0,0,756.19,none,0
T0026560,2026-01-12 16:52:10.697098,user_0445,xreese@oksbi,nnorton@okhdfcbank,1262.61,8,4f67448e-10ec-4b1f-a4a5-c736ae59aa52,Kolkata,1091.29,0,0,2325.75,none,0
T0051323,2026-02-08 23:44:01.450841,user_0380,twright@ibl,crystal36@ybl,1137.7,7,61ee411a-1bac-47a7-b386-f7a4c991603f,Delhi,699.9,0,0,346.63,none,0
T0039398,2026-01-24 10:08:48.395222,user_0462,jessicacummings@ybl,paulstephenson@okhdfcbank,2115.72,14,dbb54645-7dda-41b6-97c4-caed47c4cc51,Lucknow,1777.82,0,0,194.53,none,0
T0049860,2026-01-23 16:02:59.100433,user_0537,mparsons@paytm,rbaker@okhdfcbank,1232.76,14,ac9ed156-f63f-4e41-ba9a-ca5e176132ed,Delhi,1276.31,0,0,2577.03,none,0
T0049745,2026-01-23 01:11:13.838056,user_0634,michellejensen@ibl,jrivera@paytm,694.99,10,13325c31-d010-418a-aadc-9960424211e2,Bengaluru,443.65,0,0,1014.71,none,0
T0024480,2026-01-18 17:13:05.363738,user_0224,billy73@okhdfcbank,brian90@paytm,888.88,11,1758d47e-a7cd-4143-ade2-14293bf0d9c1,Pune,909.18,0,0,91.41,none,0
T0049784,2026-01-30 22:10:52.807428,user_0108,xmoran@paytm,lisa34@okhdfcbank,1589.83,17,9d66e815-5a41-43b3-a95f-176cdebac186,Hyderabad,1094.77,0,0,275.4,none,0
T0055137,2026-01-28 02:32:15.417061,user_0215,rebeccaarnold@ibl,thomas03@paytm,737.81,14,177d6e7e-07d9-44ce-b8c8-8faea2178f84,Ahmedabad,723.19,0,0,6.83,none,0
T0003043,2026-01-04 11:35:26.305797,user_0536,michelle36@okhdfcbank,jpowell@paytm,385.11,5,bed63da0-8033-45c2-9413-d64db962c8a7,Mumbai,249.99,0,1,482.07,none,0
T0003280,2026-01-04 01:48:23.563935,user_0266,reneemiller@paytm,stephaniewiggins@ibl,545.1,12,2ab8bd33-911f-430b-9bff-00b07fe670f3,Chennai,312.23,0,0,1112.59,none,0
T0053012,2026-02-02 01:00:06.537878,user_0161,mark43@okhdfcbank,samanthamiller@ibl,129.89,16,eb93f78c-620a-4158-9d2d-904f78c59073,Pune,216.11,0,0,368.72,none,0
T0038299,2026-01-25 09:31:49.540182,user_0010,kenneth17@paytm,michaellove@oksbi,377.54,17,5ab33edf-6e59-4ed3-a8b3-17fa18d0752b,Lucknow,318.5,0,0,1065.22,none,0
T0022825,2026-01-11 23:12:31.150001,user_0549,phillipmorris@oksbi,michael28@paytm,241.84,19,d61169a1-ff46-46bf-894d-916deb6d2fed,Kolkata,823.39,0,0,1132.03,none,0
T0029208,2026-01-15 10:10:00.432979,user_0799,washingtondarren@ibl,jgonzalez@oksbi,1079.67,14,e08596db-1d87-4966-8710-d430f071d879,Chennai,1319.75,0,1,141.15,none,0
T0025238,2026-01-10 01:52:14.825134,user_0656,rgonzalez@ibl,snyderolivia@ibl,503.95,15,cf0df860-ebc9-4914-9176-a9d19a3624d6,Kolkata,438.15,0,0,945.88,none,0
T0054595,2026-01-29 04:24:35.060127,user_0042,katherine83@ybl,zhunt@oksbi,39.97,11,6e417d47-5ff5-45ea-9bc4-40f14b1a269b,Lucknow,921.39,0,0,606.08,none,0
T0008833,2026-01-04 06:40:32.418892,user_0065,benjamincrawford@okhdfcbank,bradley97@okhdfcbank,827.68,18,f10c718b-1eb0-438a-a75d-d5af3c365296,Hyderabad,678.96,0,0,414.41,none,0
T0007053,2026-01-03 16:10:08.964834,user_0414,tonystewart@ybl,mwoods@ybl,784.97,18,52961fb3-4d40-4b28-9628-ddcd19dd3e8c,Lucknow,808.85,0,0,49.23,none,0
T0016946,2026-01-10 18:59:22.917060,user_0673,senglish@paytm,zimmermantravis@oksbi,236.39,19,0d18ab95-668c-4477-8b95-017c5dae1201,Chennai,190.08,0,0,432.18,none,0
T0043277,2026-02-01 08:43:51.191352,user_0480,johnadams@ybl,kimberly23@okhdfcbank,1620.43,13,822c4d32-6c64-4c15-aba3-01cba561e1e9,Jaipur,934.28,0,0,73.68,none,0
T0052142,2026-01-29 15:07:18.615605,user_0706,kbarber@ybl,williamsoscar@ybl,67.9,23,9ca3fbb3-ff11-48ba-b6ee-1640723ef466,Bengaluru,192.76,0,1,820.21,none,0
T0048909,2026-01-15 21:14:41.306360,user_0173,michellecoleman@ybl,hobbsthomas@oksbi,596.56,14,54c63cd8-8945-4f27-97fa-2d8dfb2ca025,Jaipur,1258.68,0,0,920.0,none,0
T0002044,2026-01-01 13:30:39.073232,user_0153,riverajenna@paytm,peter86@paytm,637.02,20,78660765-14f7-4e8d-95bc-b8d04094dded,Delhi,1608.24,0,0,72.98,none,0
T0025749,2026-01-16 14:07:37.669372,user_0383,justin84@ibl,debra85@okhdfcbank,5.54,23,2384bfde-dbbd-465c-9ee9-8540337d5acb,Kolkata,1833.96,1,0,160.39,probing,1
T0020001,2026-01-11 22:24:27.818393,user_0100,fmiller@okhdfcbank,whiteamy@oksbi,2460.08,10,604e46cb-3712-42d1-87cd-b6a1bf012e32,Kolkata,1348.16,0,0,922.05,none,0
T0021583,2026-01-14 00:17:40.348490,user_0396,danielshunter@ibl,pjones@ybl,570.12,4,8edddfcd-1e52-4770-bf89-7142fe716b14,Jaipur,547.1,0,0,1863.06,none,0
T0056946,2026-02-03 14:51:00.908708,user_0101,fstewart@ibl,melanie60@oksbi,1476.17,10,5c70ee97-fca4-4567-8316-d2d6fa4a58ef,Chennai,953.35,0,0,129.86,none,0
T0057618,2026-01-31 21:40:14.360719,user_0276,tking@oksbi,uthompson@paytm,1826.95,16,0b6c03c8-721e-4419-afc3-e6495e911b91,Ahmedabad,1700.94,0,0,42.41,none,0
T0018320,2026-01-08 02:35:39.097076,user_0223,jillwebb@ibl,mmcintyre@paytm,357.18,15,504867ba-bf7b-439b-8f9a-ea4b8acd4e10,Ahmedabad,480.36,0,0,212.88,none,0
T0001044,2026-01-02 01:02:13.120403,user_0016,jenniferrios@ybl,kimberlythomas@ybl,388.95,5,3f6eed9d-23cb-4943-8a84-000350834fef,Chennai,452.11,0,1,1001.6,none,0
T0019812,2026-01-08 19:47:24.627439,user_0540,richjohn@oksbi,dstewart@ibl,371.58,18,6a36af18-06d3-4b93-ae33-688d597e6845,Lucknow,419.4,0,0,1469.05,none,0
T0000690,2026-01-02 07:05:27.731533,user_0460,jesseshepherd@ibl,fisherveronica@okhdfcbank,2459.36,12,e723ada3-8c32-4db2-942a-895e0fcf601f,Mumbai,1598.12,0,0,266.48,none,0
T0030040,2026-01-17 13:10:06.947783,user_0675,carnold@paytm,richardpadilla@ybl,756.01,14,8d7248e2-951f-48d0-9e84-f058d5a804eb,Delhi,607.26,0,0,1477.91,none,0
T0029969,2026-01-17 14:34:39.591029,user_0506,reedmichael@oksbi,shanewilliams@ybl,1873.05,20,f31046dc-6202-4ee6-9cb5-e69c5dc7b3e6,Ahmedabad,2197.28,0,0,241.66,none,0
T0024340,2026-01-16 03:16:34.977764,user_0733,kimberlyramirez@okhdfcbank,bestbrianna@ybl,998.27,15,ff4c96d6-71f2-4e8f-b69f-68c3e60fd420,Chennai,896.97,0,0,572.57,none,0
T0054087,2026-01-28 11:22:50.707371,user_0588,ann30@ibl,alex55@ybl,974.68,16,47c1c017-6045-4909-936d-47d73e0f84ce,Chennai,968.32,0,0,375.95,none,0
T0037769,2026-01-25 12:35:04.951646,user_0031,robert22@ibl,camacholauren@ibl,555.49,15,1b0c62eb-27c8-4c6c-9be5-a4c395af6d0c,Hyderabad,536.93,0,0,734.5,none,0
T0038194,2026-01-29 10:09:44.281479,user_0289,james98@ibl,cindy12@ibl,389.1,16,97777f10-f2d2-493f-8e85-140d0f9aeb70,Kolkata,311.68,0,0,70.73,none,0
T0040627,2026-01-26 13:55:02.344876,user_0436,fhebert@okhdfcbank,edwardmontoya@paytm,1321.33,12,a48e40f1-d042-4dfa-96ab-087a8bc78e81,Delhi,1503.68,0,0,589.33,none,0
T0019794,2026-01-13 00:24:26.484260,user_0455,caitlin82@ibl,donaldevans@paytm,674.05,10,2e326567-d284-454e-bebe-c0db9a3a6103,Ahmedabad,1134.15,0,0,693.65,none,0
T0056794,2026-01-28 22:39:51.395664,user_0699,reneestevenson@paytm,fdavis@ybl,812.39,14,551ac8ea-585a-4afa-bbfd-cc1289e06ab3,Pune,1055.77,0,0,830.59,none,0
T0026542,2026-01-13 08:12:53.442869,user_0699,reneestevenson@paytm,hartjennifer@ybl,960.54,9,551ac8ea-585a-4afa-bbfd-cc1289e06ab3,Pune,1055.77,0,0,6.02,none,0
T0022230,2026-01-11 15:50:32.032680,user_0707,beckywilkinson@ybl,jlee@ibl,147.66,18,90ce77e9-7513-43b9-87de-96ea2b0fbe44,Jaipur,126.16,0,0,1333.71,none,0
T0030777,2026-01-15 09:23:58.937306,user_0043,rhodescourtney@oksbi,carpenterkatie@okhdfcbank,603.9,19,4f67448e-10ec-4b1f-a4a5-c736ae59aa52,Chennai,435.94,0,1,730.57,none,0
T0020472,2026-01-08 12:34:38.869464,user_0063,chelseastrickland@oksbi,johnfletcher@ibl,1262.65,17,1d0bc9bd-e9b5-45cf-9766-5cdafe049059,Kolkata,947.84,0,0,273.95,none,0
T0054490,2026-01-29 21:41:11.302223,user_0435,smithsamantha@paytm,john88@ybl,755.6,9,bcd4344f-cf8a-468e-b5ba-93573ca87f31,Chennai,781.68,0,0,2077.2,none,0
T0028173,2026-01-13 02:24:01.597062,user_0310,michael94@oksbi,thomas72@okhdfcbank,383.09,9,093923de-8bab-4e3b-a628-6bfbe767dcea,Ahmedabad,433.53,0,0,244.3,none,0
T0004735,2026-01-02 01:01:17.110556,user_0090,april91@ybl,castillokyle@okhdfcbank,557.62,22,43ad3d62-b17c-4b21-8dbc-2c1ca4afe7bd,Jaipur,1024.15,0,1,139.71,none,0
T0034206,2026-01-19 19:45:57.020570,user_0285,zarias@okhdfcbank,matthew51@paytm,3080.71,16,ccf3a171-56dc-4907-ba6c-34ab6712303a,Mumbai,2022.54,0,0,341.36,none,0
T0002060,2026-01-03 16:55:45.911553,user_0783,robert72@oksbi,nancy06@ibl,679.49,16,2812859a-1337-439e-8d4f-5d272c7f0b79,Jaipur,983.52,0,0,2344.65,none,0
T0038008,2026-01-25 10:23:09.009667,user_0213,lunapatricia@oksbi,grayluis@ibl,1143.97,9,66d71d97-b193-48b8-ae49-c0799bd0d4c7,Lucknow,946.37,0,1,1888.53,none,0
T0041826,2026-01-23 17:29:57.918160,user_0087,qwilliams@paytm,ogonzalez@ybl,579.46,19,01bb819c-4dfe-4117-a2af-711f1b628a9d,Delhi,816.63,0,0,149.87,none,0
T0050325,2026-01-22 21:23:25.599550,user_0697,christinahill@oksbi,wayne12@okhdfcbank,319.1,14,541cdfcd-da0d-4a5f-948f-8b74a65bb1f2,Hyderabad,381.81,0,0,172.82,none,0
T0012202,2026-01-10 05:10:42.126973,user_0743,denisesmith@ybl,pfisher@okhdfcbank,619.15,9,f4e95734-5052-4700-a077-96a38685abaa,Ahmedabad,624.7,0,0,2133.81,none,0
T0014036,2026-01-11 08:34:40.845138,user_0572,tammycurry@paytm,zpierce@paytm,995.85,19,22bf18f5-1f65-4a87-b33e-e3447dbf4bc1,Delhi,1058.21,0,0,235.22,none,0
T0042591,2026-01-20 21:12:12.588007,user_0735,scottlisa@ibl,bhernandez@ybl,653.84,16,e0527739-4d40-4f1b-bca5-be2952171bf3,Pune,397.6,0,0,677.6,none,0
T0053024,2026-01-30 17:28:13.704609,user_0056,valdezandrew@ybl,scottclay@ybl,397.12,14,86341718-2ba6-4db3-bafe-b1149561c813,Jaipur,415.87,0,0,471.07,none,0
T0023782,2026-01-08 08:18:07.120826,user_0242,cjohnson@ibl,luischristian@okhdfcbank,1641.45,8,78660765-14f7-4e8d-95bc-b8d04094dded,Ahmedabad,1618.05,0,0,985.13,none,0
T0040372,2026-01-29 18:29:30.909846,user_0480,johnadams@ybl,jillianvaldez@ybl,917.82,20,822c4d32-6c64-4c15-aba3-01cba561e1e9,Jaipur,934.28,0,0,354.59,none,0
T0010766,2026-01-05 22:39:27.413122,user_0600,carl24@ybl,meghan96@ybl,273.48,10,5304317f-af42-412f-b838-b3268e944239,Pune,189.0,0,0,787.33,none,0
T0008990,2026-01-05 08:37:32.021406,user_0468,walterscrystal@ybl,joemurphy@paytm,343.51,13,3d44cb2c-ea45-4a41-a589-ada1345af934,Lucknow,483.63,0,0,1140.99,none,0
T0047087,2026-01-23 14:15:45.693504,user_0630,lisa81@ibl,robert53@ybl,3769.38,11,4cc9f5f2-e42e-4037-8a55-2ea08acbbe09,Mumbai,2481.13,0,0,867.33,none,0
T0020473,2026-01-11 04:11:41.237876,user_0577,alison83@ybl,johnsoncody@okhdfcbank,1581.22,8,cac4d0eb-3373-430e-bc31-a5971f119c0f,Jaipur,1294.02,0,0,490.09,none,0
T0057498,2026-01-28 20:15:59.074005,user_0019,matthewreeves@ibl,joelallen@oksbi,493.56,19,ea74bb18-de3b-496f-ac45-96f6c012a0ff,Delhi,306.05,0,0,507.05,none,0
T0048269,2026-01-30 07:22:58.464199,user_0592,randy99@oksbi,ejones@paytm,266.07,7,a0a11839-e745-4704-98df-bc3ca0d4de3d,Delhi,172.93,0,0,185.94,none,0
T0042519,2026-01-25 03:01:54.111257,user_0022,kellyruiz@ibl,upeterson@ybl,209.12,22,0e5dd462-cbd0-4ef2-930a-37df0bc61066,Chennai,239.12,0,0,342.14,none,0
T0006784,2026-01-06 15:46:16.871703,user_0440,navarromary@ybl,jeffrey80@okhdfcbank,1682.61,11,e3c43657-1d8c-4bac-83b4-09ef2260e70f,Hyderabad,1153.0,0,0,777.92,none,0
T0057988,2026-01-28 03:49:57.910271,user_0028,delacruzbrandy@ybl,sparksscott@ybl,246.82,17,dc3f42e0-fcf7-4842-9edf-3bfad12e0eb5,Mumbai,505.96,0,0,865.09,none,0
T0016957,2026-01-07 21:02:21.458748,user_0371,lindaramos@ybl,boyertammy@paytm,227.16,14,0e165b12-9bdc-40d1-9cbf-7b8c74102d5d,Hyderabad,202.73,0,0,201.65,none,0
T0020304,2026-01-12 11:53:58.708572,user_0227,dharrison@ybl,hector64@okhdfcbank,901.72,22,5bd93609-b297-4782-bcf4-74aace63cb1a,Hyderabad,1004.32,0,0,124.65,none,0
T0047292,2026-01-23 18:45:31.234889,user_0790,montgomerymichelle@ibl,nicole57@oksbi,834.01,11,5da8d6d2-f8b3-4a8b-a05f-b8bc8a16a06c,Lucknow,1033.97,0,0,2313.26,none,0
T0007173,2026-01-04 18:33:37.028410,user_0222,haroldfry@ibl,margaret22@paytm,27.76,15,7f0386fa-13ba-4c91-a0a5-fde6939f71a2,Jaipur,111.41,0,0,169.09,none,0
T0055994,2026-02-01 20:38:17.792207,user_0636,efreeman@oksbi,criley@ybl,1613.59,17,d0725b5c-a281-4044-af96-288295d82980,Chennai,1274.46,0,0,6.06,none,0
T0023769,2026-01-11 03:25:31.708927,user_0337,thomassmith@ybl,wendythomas@oksbi,3366.64,9,c88a618e-fed4-457d-bb02-6576f512c4c3,Lucknow,2711.07,0,0,738.38,none,0
T0006554,2026-01-05 01:54:17.738689,user_0534,carlho@oksbi,rwallace@ybl,411.57,18,d2938e6e-ff4d-4930-b3b0-fb536f75ee8a,Ahmedabad,316.14,0,0,608.78,none,0
T0043470,2026-01-21 09:00:27.400958,user_0591,katie15@paytm,carol60@oksbi,682.26,16,e1cde87f-ec95-4f87-ae5e-c36572eb7474,Kolkata,592.39,0,0,283.29,none,0
T0043141,2026-01-27 16:44:22.727597,user_0151,pattersonangela@okhdfcbank,johnsmith@paytm,1684.77,19,f2f5b176-2c41-4bd3-b2f4-44abc1d71f4a,Ahmedabad,2522.69,0,1,243.88,none,0
T0023798,2026-01-18 23:50:29.823959,user_0102,garciarobert@okhdfcbank,christine59@ybl,635.32,11,81f76d1c-2dbc-4134-830f-f46e8026695f,Kolkata,597.81,0,0,317.98,none,0
T0016714,2026-01-11 06:54:12.637857,user_0450,megan66@paytm,andrewhenderson@ybl,694.42,8,ebd34616-91b7-4d8e-9301-6989bfbbb17f,Mumbai,964.04,0,0,481.37,none,0
T0047316,2026-01-15 08:45:03.189443,user_0525,jackfarmer@okhdfcbank,devin05@paytm,942.51,21,8f0881ee-8011-416b-bae8-8926b423ccde,Chennai,511.68,0,0,16.33,none,0
T0001692,2026-01-01 23:40:13.154596,user_0465,dmiller@ibl,jessicamiller@oksbi,1612.64,19,8603156a-15ea-4bcf-ab10-21ceaa143cd8,Pune,1289.68,0,0,235.33,none,0
T0005832,2026-01-02 12:15:03.986288,user_0593,collierjames@paytm,millershirley@ibl,257.35,8,94340a03-3f07-4814-91d6-3f78e3e9de99,Delhi,496.98,0,0,640.9,none,0
T0020380,2026-01-12 04:29:58.935844,user_0004,charlene44@ybl,wagneralexis@ybl,1771.58,16,23a13e20-7fd2-45ee-ac48-436668bd80d7,Bengaluru,1909.89,0,0,64.05,none,0
T0051722,2026-01-28 02:29:34.930451,user_0669,dennisjones@paytm,michele20@oksbi,545.8,5,f836f571-3cce-476c-b836-c448ad261ec5,Lucknow,581.98,0,0,1.43,none,0
T0002062,2026-01-03 03:47:57.703371,user_0074,ronald11@ibl,nancyholt@ybl,1328.32,19,aaf407f7-0fe7-4149-bc7e-5368b1594847,Mumbai,1735.12,0,0,726.73,none,0
T0051831,2026-01-28 02:21:53.398543,user_0016,jenniferrios@ybl,jonathan63@paytm,491.41,9,3f6eed9d-23cb-4943-8a84-000350834fef,Chennai,452.11,0,0,1329.08,none,0
T0028565,2026-01-14 07:03:50.498407,user_0240,olsontimothy@paytm,foxtiffany@okhdfcbank,840.26,0,43d75413-a939-4bd1-a516-b0d47d3572cc,Hyderabad,1019.17,0,0,292.51,none,0
T0058608,2026-01-29 12:57:36.740864,user_0778,samuelfrost@okhdfcbank,nguyenjulie@ibl,409.16,8,5e09a9ee-af88-4dec-bb1e-143b196f4dfa,Bengaluru,495.12,0,1,502.83,none,0
T0026206,2026-01-16 07:27:38.083356,user_0089,tiffanysantiago@ibl,barbaragarcia@ibl,1310.41,23,5ef787b8-f2e6-495f-b32e-2016add702c9,Delhi,1207.38,0,1,626.26,none,0
T0024932,2026-01-13 21:24:18.355411,user_0170,lukemiller@ybl,brownjacob@oksbi,984.35,13,d18183d1-ac2b-4cfc-85c5-1060991121e7,Pune,872.55,0,0,454.09,none,0
T0024106,2026-01-17 12:24:54.966415,user_0572,tammycurry@paytm,julie76@okhdfcbank,1549.68,16,22bf18f5-1f65-4a87-b33e-e3447dbf4bc1,Delhi,1058.21,0,0,678.01,none,0
T0034293,2026-01-22 00:11:20.203335,user_0450,megan66@paytm,dbartlett@oksbi,998.5,12,9a069295-3b8d-4447-8e61-065f171b1b80,Mumbai,964.04,0,0,7.15,none,0
T0001917,2026-01-01 08:58:08.799382,user_0528,wattsthomas@okhdfcbank,rchan@ybl,452.82,3,033d2bce-575a-4d2c-a5c5-650c8186a576,Jaipur,416.54,0,0,452.56,none,0
T0021810,2026-01-09 19:17:27.289178,user_0172,simsjason@okhdfcbank,mmcdaniel@paytm,473.95,12,a205e54f-b1e8-409d-bc20-b9f24a9c589e,Lucknow,456.28,0,0,1334.03,none,0
T0019827,2026-01-10 01:28:16.461837,user_0310,michael94@oksbi,ylopez@ibl,486.54,15,28c13091-444d-410b-bf87-e362cf8d446a,Kolkata,433.53,0,1,456.78,none,0
T0020687,2026-01-12 21:04:33.472854,user_0149,shane12@paytm,raguilar@okhdfcbank,380.31,16,21bddb41-0699-4731-9dcf-8766a93b12cd,Chennai,254.52,0,0,2329.49,none,0
T0050771,2026-01-29 02:48:27.459950,user_0041,jessicadodson@ibl,howardrobert@okhdfcbank,1023.51,13,50032b35-1857-4baf-bac7-e2b96a7e4c36,Jaipur,1690.9,0,0,1074.27,none,0
T0011979,2026-01-09 06:06:16.445884,user_0777,xjackson@paytm,hillmelissa@oksbi,1318.77,18,e1fdc6d1-6978-4221-bfb7-5c574b8c031f,Mumbai,1131.6,0,0,578.7,none,0
T0047777,2026-02-02 01:31:09.867834,user_0130,glenda22@ybl,kanekelsey@ybl,1064.09,17,6511e61a-1436-45f5-8c81-926079ec533c,Ahmedabad,1112.79,0,0,712.17,none,0
T0047209,2026-02-01 18:41:19.074752,user_0475,alvarezjulie@okhdfcbank,shortjoe@paytm,587.44,8,9c678393-2ced-4c0d-b173-04b5c1dd484a,Kolkata,393.59,0,0,1132.61,none,0
T0016958,2026-01-05 22:34:12.264944,user_0773,daughertybarbara@paytm,mnicholson@paytm,45.62,16,c80c2195-8b65-44ce-bacc-99705beec570,Chennai,229.54,0,0,179.4,none,0
T0051162,2026-02-01 15:16:44.207093,user_0534,carlho@oksbi,ellisalvin@okhdfcbank,395.18,10,d2938e6e-ff4d-4930-b3b0-fb536f75ee8a,Kolkata,316.14,0,1,6.87,none,0
T0014113,2026-01-05 12:45:33.089674,user_0656,rgonzalez@ibl,wcraig@ibl,347.39,13,cf0df860-ebc9-4914-9176-a9d19a3624d6,Kolkata,438.15,0,0,57.92,none,0
T0037360,2026-01-16 22:17:11.965103,user_0622,clarkmichael@ibl,barbara70@ibl,1887.31,12,10f1bc81-448a-4a9e-a6b2-bc5b50c187fc,Mumbai,1402.78,0,1,232.28,none,0
T0039654,2026-01-19 20:13:58.841869,user_0783,robert72@oksbi,davidmolly@oksbi,982.45,12,2812859a-1337-439e-8d4f-5d272c7f0b79,Jaipur,983.52,0,0,779.24,none,0
T0007805,2026-01-03 11:41:55.437379,user_0441,blackburnsusan@ibl,elizabethpalmer@ibl,561.17,15,20156a72-12e1-43a6-932c-ae01d2c65ee4,Pune,466.35,0,0,1012.1,none,0
T0030502,2026-01-24 06:39:13.539109,user_0398,paulproctor@ibl,rogermccarthy@oksbi,1125.34,20,f2c84743-9027-4770-a460-d0d2904883c1,Pune,1072.24,0,0,403.89,none,0
T0024229,2026-01-13 13:48:12.693384,user_0637,erodriguez@ybl,caleb64@okhdfcbank,662.84,6,502cf0ee-224a-46a6-ac0f-680115b24e1d,Hyderabad,1006.79,0,1,1611.05,none,0
T0007260,2026-01-03 02:12:08.270383,user_0003,carolynsmith@ybl,mtate@oksbi,667.1,14,5380b904-688c-4015-aab9-7e494f2d4796,Hyderabad,602.92,0,0,287.89,none,0
T0053727,2026-01-31 19:39:13.571836,user_0787,burtonkimberly@oksbi,omorgan@okhdfcbank,220.13,13,75f8e3a8-7d97-4c0f-bd56-09c4a4461663,Mumbai,234.93,0,0,819.44,none,0
T0011419,2026-01-10 11:38:52.588035,user_0762,ibentley@okhdfcbank,marcus31@oksbi,902.48,16,42378962-e4fd-4c34-9670-7a2129dc073e,Lucknow,1190.56,0,0,651.71,none,0
T0020240,2026-01-10 21:05:40.534531,user_0715,davisamanda@ybl,ginaking@paytm,381.43,14,f6ff3521-c225-4530-952a-53459682d9ff,Lucknow,404.41,0,0,632.77,none,0
T0038508,2026-01-24 00:18:10.401573,user_0200,jessicafreeman@ibl,zchase@ibl,782.19,19,670acc5c-b321-4f21-8dd8-eb85b04d3376,Delhi,501.81,0,0,1581.31,none,0
T0059883,2026-02-06 16:39:14.097441,user_0265,eanderson@oksbi,joseph50@ybl,977.17,9,73d39457-b25f-43df-b8d4-9848702ba49f,Lucknow,662.91,0,0,208.3,none,0
T0057330,2026-01-25 02:20:37.170131,user_0550,whitebrittany@ibl,kelliwhite@ybl,1153.87,8,ccac2fb5-1a0c-4c04-93cd-129110042d82,Pune,1153.91,0,0,1144.14,none,0
T0018008,2026-01-13 18:59:30.245648,user_0504,williamssandra@ibl,candiceharris@oksbi,327.21,10,0426fcc9-255b-40e2-bdc2-b74b38a56b49,Lucknow,478.39,0,0,1355.04,none,0
T0023550,2026-01-10 14:51:41.383668,user_0233,zacharygomez@ibl,nroberts@ibl,633.98,17,eec259dc-7f95-497c-a76a-a6ced50755d9,Delhi,659.25,0,0,1139.58,none,0
T0056567,2026-02-04 21:39:12.555075,user_0504,williamssandra@ibl,oclayton@okhdfcbank,326.05,18,0426fcc9-255b-40e2-bdc2-b74b38a56b49,Lucknow,478.39,0,0,14.89,none,0
T0025774,2026-01-19 17:27:11.578605,user_0529,xjoseph@okhdfcbank,nelsonjohn@paytm,626.32,3,f065c817-687a-4850-9d9b-62317d45d8ef,Lucknow,467.69,0,0,912.02,none,0
T0006334,2026-01-02 11:26:04.479590,user_0531,frankperez@oksbi,conradjulie@okhdfcbank,2113.95,22,66c14dca-8255-4a61-9a3b-031932f57510,Hyderabad,1895.91,0,0,218.37,none,0
T0029779,2026-01-16 16:13:06.519553,user_0149,shane12@paytm,davidzimmerman@ibl,321.26,19,21bddb41-0699-4731-9dcf-8766a93b12cd,Chennai,254.52,0,0,341.92,none,0
T0021376,2026-01-18 10:17:29.057362,user_0178,angela93@ibl,proberts@paytm,887.77,9,9c89d374-c664-45a7-8077-3e33690e7e62,Jaipur,705.93,0,0,401.06,none,0
T0048227,2026-01-25 04:54:53.994385,user_0445,xreese@oksbi,dalexander@paytm,980.73,18,4f67448e-10ec-4b1f-a4a5-c736ae59aa52,Kolkata,1091.29,0,0,192.89,none,0
T0002973,2026-01-05 02:16:15.848993,user_0704,marymullins@ybl,daviscarol@oksbi,255.53,16,0274ce40-e090-46b6-b186-a5a8d6ee526b,Lucknow,392.86,0,0,462.17,none,0
T0039371,2026-01-27 18:17:13.606250,user_0534,carlho@oksbi,jasonhiggins@ibl,477.81,17,d2938e6e-ff4d-4930-b3b0-fb536f75ee8a,Ahmedabad,316.14,0,0,2775.98,none,0
T0025710,2026-01-17 04:49:52.211024,user_0747,fernandezaaron@okhdfcbank,russellmartin@ibl,139.35,13,ae455cc6-b88e-430f-9e1e-994ac5a11f5c,Chennai,128.4,0,0,530.33,none,0
T0053116,2026-01-30 17:01:14.402519,user_0137,tonyavega@paytm,shunt@oksbi,509.93,18,19985f15-ff00-4d4d-9020-59e4ff9ab5c2,Ahmedabad,411.31,0,0,1693.05,none,0
T0055191,2026-02-06 18:06:34.130795,user_0221,katherinetaylor@paytm,wandamoore@okhdfcbank,473.18,19,b5a6571c-4fa5-435e-90cc-460428b26b1b,Pune,380.32,0,0,373.56,none,0
T0050923,2026-01-30 06:39:37.394466,user_0116,jenniferrodriguez@paytm,hevans@paytm,303.89,11,5c9deee0-b42a-4456-8736-5a84725e134d,Lucknow,368.02,0,0,1576.94,none,0
T0034317,2026-01-13 21:59:52.621362,user_0426,barrettamber@oksbi,tjenkins@ybl,785.08,1,497ec6d1-081f-46dc-b8d9-a88aef0bea4f,Chennai,1021.31,0,0,742.7,none,0
T0055422,2026-01-30 08:49:42.043866,user_0619,james44@ybl,ugutierrez@paytm,546.88,14,e2acf72f-9e57-4f7a-a0ee-89aed453dd32,Mumbai,552.09,0,0,2010.63,none,0
T0015688,2026-01-11 18:36:39.633594,user_0316,loweelizabeth@paytm,oolson@oksbi,1161.8,23,9c678393-2ced-4c0d-b173-04b5c1dd484a,Bengaluru,1061.27,0,0,1364.03,none,0
T0059872,2026-02-03 19:50:43.530749,user_0308,justinross@okhdfcbank,brownbrett@okhdfcbank,1019.9,14,5cec4eb5-edd9-4831-9ca3-5cfb04fc6d82,Chennai,1103.8,0,0,164.44,none,0
T0040526,2026-01-21 12:30:22.362575,user_0004,charlene44@ybl,bonnie93@oksbi,2072.09,12,23a13e20-7fd2-45ee-ac48-436668bd80d7,Bengaluru,1909.89,0,0,38.72,none,0
T0041306,2026-01-27 12:49:16.128882,user_0192,fmedina@paytm,mark72@okhdfcbank,635.98,15,24108e9a-3f77-4cae-b318-b96d44790612,Mumbai,710.36,0,0,332.67,none,0
T0016731,2026-01-05 23:11:33.856164,user_0729,pdouglas@okhdfcbank,sarah31@paytm,2779.51,18,01a25ed1-c3ab-45f1-8c6b-7074ab102c9b,Chennai,3010.52,0,0,389.94,none,0
T0037588,2026-01-26 18:20:58.801740,user_0743,denisesmith@ybl,jenny23@okhdfcbank,538.75,12,f4e95734-5052-4700-a077-96a38685abaa,Ahmedabad,624.7,0,0,562.02,none,0
T0013042,2026-01-06 03:53:02.872703,user_0336,dustinhaley@ibl,christinayoung@okhdfcbank,848.0,16,ec4e8cbb-a2aa-478c-a59e-0258814ff657,Chennai,1099.73,0,0,152.64,none,0
T0022916,2026-01-17 22:12:13.728864,user_0582,ostone@okhdfcbank,reynoldsjoel@paytm,573.56,18,a5135ea0-fa53-434d-a6d5-901d8b621d41,Ahmedabad,824.18,0,0,282.91,none,0
T0057089,2026-01-27 02:09:24.686918,user_0072,steven12@paytm,ncabrera@ybl,1992.49,23,4140752c-aa44-4259-9001-8b7b6d4067f4,Pune,1498.09,0,1,321.24,none,0
T0052529,2026-01-25 19:30:47.229626,user_0498,pricejoseph@ibl,lori67@ybl,408.14,16,cfd7f3b9-c68f-4ba5-9e0d-02b5fe7402cd,Delhi,383.56,0,0,856.21,none,0
T0039209,2026-01-26 00:57:52.076017,user_0396,danielshunter@ibl,uward@oksbi,316.19,20,517400f8-0b2c-482a-a928-8e92c68a152f,Lucknow,547.1,0,1,2440.62,none,0
T0031790,2026-01-19 13:33:29.384321,user_0214,hessbeth@ybl,alyssasaunders@oksbi,596.08,14,439e754c-6930-46ea-a0bd-a1ee5807cf74,Lucknow,839.21,0,0,828.39,none,0
T0051905,2026-02-01 12:54:00.311026,user_0496,kristinawilliamson@paytm,thomaswilliams@ybl,642.64,11,9b4e2c24-9479-41e6-8927-7d9b6e0d2648,Mumbai,904.72,0,0,483.14,none,0
T0036209,2026-01-25 08:25:35.246056,user_0185,campbellsara@ybl,mmullen@okhdfcbank,995.1,8,2e326567-d284-454e-bebe-c0db9a3a6103,Chennai,727.57,0,0,1037.83,none,0
T0038290,2026-01-23 00:17:22.116608,user_0135,johnsondustin@ybl,seth11@ibl,678.64,23,1f5df912-54e0-4431-8f13-3b65d450afa2,Bengaluru,501.45,0,0,760.59,none,0
T0022950,2026-01-18 17:23:44.532034,user_0107,ann99@paytm,millersara@ibl,1103.7,4,a748dbcf-ac61-4e63-8dde-29a6baa4b71a,Bengaluru,1784.21,0,0,8.07,none,0
T0031896,2026-01-12 01:15:59.596462,user_0497,marshallsierra@oksbi,jasmine19@okhdfcbank,506.37,16,33261887-9058-41df-ae9b-f3e11d27c09a,Pune,629.4,0,0,912.55,none,0
T0046855,2026-01-28 04:18:15.489776,user_0772,lisa65@ibl,hosborn@ibl,297.79,18,51beb80e-b7e6-414c-9c8a-49225005680f,Hyderabad,356.19,0,0,32.83,none,0
T0016275,2026-01-08 13:52:47.420587,user_0188,julierobles@ybl,lopezmichelle@ibl,362.82,9,9d3616a1-08de-4921-a60c-b547e2280fe3,Jaipur,377.12,0,0,1447.03,none,0
T0053021,2026-01-20 17:32:37.507922,user_0195,eugenewalker@ibl,ucox@ybl,373.55,13,4aea1b8f-b43c-4e0a-ba9f-c10e52daf681,Mumbai,643.57,0,1,69.55,none,0
T0059216,2026-01-31 00:11:45.518170,user_0579,webbhaley@paytm,littlericky@okhdfcbank,1672.94,2,3da9c2a9-0ed4-4f1a-bd4c-bf374eb93eff,Bengaluru,1654.61,0,1,66.13,none,0
T0040679,2026-01-23 19:22:49.727921,user_0412,sarah00@ibl,xhampton@ibl,1223.13,17,e8334da5-de95-4695-b579-c1437ab99428,Mumbai,888.58,0,0,156.41,none,0
T0027746,2026-01-11 23:12:46.373500,user_0550,whitebrittany@ibl,kyleserrano@okhdfcbank,9.93,11,c68a9fee-885f-49b5-b062-9a4f092de858,Pune,1153.91,1,0,13.92,probing,1
T0033795,2026-01-18 20:30:21.722302,user_0488,rodriguezbrian@okhdfcbank,ygardner@paytm,282.79,15,03c72ba8-d605-4770-8a63-f881ffd0f9d5,Bengaluru,463.23,0,0,1208.94,none,0
T0045886,2026-01-31 22:40:11.901659,user_0786,carlsonjennifer@ibl,timothy70@ibl,782.39,13,8d244e3e-c4da-4ddb-a0b1-5abaa6a27967,Jaipur,816.66,0,0,542.57,none,0
T0018262,2026-01-09 16:01:50.920790,user_0352,martinjeremy@okhdfcbank,wilkinsjeffery@oksbi,992.16,14,750d112e-8164-4eec-a4ab-851bf1fac6e7,Chennai,871.94,0,0,584.87,none,0
T0046265,2026-01-17 22:53:16.000981,user_0558,barneskyle@ybl,diazwesley@ibl,136.62,18,c926a021-19da-4262-8790-3dc5900c0af7,Ahmedabad,84.92,0,0,2010.01,none,0
T0057018,2026-02-04 06:26:27.398783,user_0075,smithdevon@ibl,jennifer65@ybl,91.24,16,093923de-8bab-4e3b-a628-6bfbe767dcea,Lucknow,223.16,0,0,527.97,none,0
T0040327,2026-01-25 01:25:47.504563,user_0357,jessicastanley@ybl,stevenfranklin@okhdfcbank,1038.34,9,42378962-e4fd-4c34-9670-7a2129dc073e,Bengaluru,990.97,0,0,16.35,none,0
T0021068,2026-01-06 01:52:39.819665,user_0138,maryvaughn@ibl,brownjohn@okhdfcbank,1267.49,7,e1035e1c-e3bb-42ae-a552-ac5309eda6f5,Kolkata,1132.79,0,0,36.7,none,0
T0051678,2026-01-25 10:50:43.957655,user_0401,thomasmaldonado@oksbi,pbrown@okhdfcbank,195.85,6,cf0e6d2b-315c-467a-85d8-a6ad77d0359e,Mumbai,256.83,0,0,247.78,none,0
T0053947,2026-02-05 06:03:17.759069,user_0786,carlsonjennifer@ibl,blairmichael@okhdfcbank,706.11,14,8d244e3e-c4da-4ddb-a0b1-5abaa6a27967,Jaipur,816.66,0,0,586.99,none,0
T0052275,2026-01-27 08:03:33.336182,user_0222,haroldfry@ibl,karen48@okhdfcbank,98.35,9,7f0386fa-13ba-4c91-a0a5-fde6939f71a2,Jaipur,111.41,0,0,1582.1,none,0
T0024814,2026-01-12 17:00:14.031114,user_0707,beckywilkinson@ybl,carlsonbryan@ibl,129.4,10,044251db-d0d4-4a67-b992-8faa4cbf131d,Jaipur,126.16,0,0,401.68,none,0
T0002130,2026-01-06 00:57:32.297180,user_0386,rwilliamson@ybl,scollins@paytm,202.88,10,74eff545-3e65-4603-b8e3-654bfaf14ff0,Pune,221.98,0,0,1711.51,none,0
T0007096,2026-01-03 18:45:19.907401,user_0304,olsonjonathan@okhdfcbank,ycordova@paytm,283.39,16,61a66444-e2af-4629-9efb-336e2f546033,Jaipur,429.69,0,0,862.09,none,0
T0026680,2026-01-10 09:03:55.054266,user_0346,tiffanymitchell@okhdfcbank,charlenejohnson@paytm,1151.61,8,e76adca9-7811-4802-88cc-7cfecf01f944,Chennai,1188.96,0,0,856.05,none,0
T0039022,2026-01-24 02:46:44.213898,user_0543,leescott@ybl,johnsonfrederick@okhdfcbank,306.3,9,a4b1f991-7542-4646-8d37-a539857dd3b3,Ahmedabad,256.73,0,1,291.76,none,0
T0044144,2026-01-28 07:52:42.252295,user_0690,zgomez@oksbi,hfox@ibl,1781.01,20,98ae4334-6c12-4ce8-ae34-0454cac5b68c,Hyderabad,2551.25,0,0,482.86,none,0
T0048581,2026-01-24 20:05:15.492698,user_0508,garrettnatasha@ibl,yfernandez@oksbi,2280.27,4,1e38f711-e2ec-43f4-bba1-aed944cdbfdd,Lucknow,1468.73,0,0,88.38,none,0
T0014609,2026-01-06 17:54:15.125850,user_0658,veronica90@oksbi,gpowell@ibl,2593.54,20,692ac139-1f4a-4ca1-ab85-fd595463adc7,Delhi,1974.9,0,0,1546.41,none,0
T0014763,2026-01-06 21:39:38.283952,user_0286,jennifer90@ybl,monicachang@ybl,1696.27,23,7118e364-7709-4749-927e-ecfaa79ac9aa,Chennai,1283.45,0,0,576.68,none,0
T0025188,2026-01-14 16:34:40.727179,user_0023,jessica82@paytm,elizabeth05@ybl,842.9,8,1e38f711-e2ec-43f4-bba1-aed944cdbfdd,Pune,823.58,0,0,920.16,none,0
T0006672,2026-01-03 17:45:58.393694,user_0117,owilliams@paytm,gcollier@paytm,272.22,11,75f8e3a8-7d97-4c0f-bd56-09c4a4461663,Ahmedabad,200.48,0,0,341.8,none,0
T0002187,2026-01-03 04:57:42.604401,user_0534,carlho@oksbi,donnaherman@oksbi,121.76,7,d2938e6e-ff4d-4930-b3b0-fb536f75ee8a,Ahmedabad,316.14,0,0,603.47,none,0
T0053216,2026-01-25 22:13:21.278298,user_0128,megan85@paytm,johnstonadam@ibl,1588.5,13,0aeccec7-204d-49da-b156-7f2acef74829,Jaipur,1019.57,0,0,392.84,none,0
T0044076,2026-01-23 06:03:07.329304,user_0785,ljenkins@oksbi,odaugherty@oksbi,615.8,14,ae455cc6-b88e-430f-9e1e-994ac5a11f5c,Hyderabad,545.25,0,0,124.66,none,0
T0022377,2026-01-09 07:45:47.156045,user_0566,sanchezamy@paytm,lisaleonard@oksbi,699.08,11,06e3f949-8cd3-4c62-8482-9b71ae84b81c,Ahmedabad,730.65,0,0,251.44,none,0
T0042081,2026-01-25 09:15:58.756498,user_0425,kimberly35@oksbi,gnelson@oksbi,288.24,12,93829b43-922f-415a-a1e3-db63ef7ddc76,Kolkata,250.16,0,1,582.69,none,0
T0027670,2026-01-14 12:49:28.684924,user_0324,stephenmartinez@oksbi,martha20@ybl,1386.93,8,3f5e3b8c-c058-4da5-a757-075bd47f83b1,Hyderabad,941.81,0,0,232.46,none,0
T0037950,2026-01-21 13:43:26.644409,user_0375,wattstravis@ibl,tracey45@ibl,686.41,8,3e42df5b-90a3-4bbf-b580-e05067f1698c,Ahmedabad,587.23,0,0,136.16,none,0
T0030090,2026-01-16 04:08:46.044390,user_0666,thomaslopez@ibl,maysmeghan@okhdfcbank,1070.26,13,31274148-7c7c-404e-8422-d03ef29a6339,Delhi,1190.39,0,0,141.55,none,0
T0038143,2026-01-22 02:17:38.018053,user_0016,jenniferrios@ybl,hughesryan@okhdfcbank,142.58,17,0eaf04b5-f2a9-4c8a-8a9e-4a62fae3114b,Chennai,452.11,0,0,487.09,none,0
T0025413,2026-01-14 18:02:14.160041,user_0516,michelleparker@oksbi,rodney52@oksbi,610.04,16,cb881c32-cbb0-4a8b-9908-a121d1a7ba20,Delhi,533.48,0,0,455.35,none,0
T0041974,2026-01-23 00:46:21.848619,user_0703,tracey29@oksbi,thomasbowen@ybl,854.39,7,48998e5f-d40e-43ce-92a7-4a4144bed486,Pune,734.42,0,0,1774.99,none,0
T0029647,2026-01-24 21:42:30.112661,user_0107,ann99@paytm,brandon84@oksbi,2202.96,17,a748dbcf-ac61-4e63-8dde-29a6baa4b71a,Bengaluru,1784.21,0,0,101.12,none,0
T0040755,2026-01-25 05:47:22.261716,user_0258,richamanda@paytm,tclark@paytm,808.06,13,65bcc272-fadd-4ea3-aca5-e2fdb966442a,Ahmedabad,671.7,0,0,118.69,none,0
T0004538,2026-01-05 23:18:13.063783,user_0062,daniel17@oksbi,lambertcheyenne@ybl,654.58,17,186b2880-ab54-4a15-a69d-01ff1634725b,Hyderabad,636.8,0,0,33.92,none,0
T0050947,2026-01-22 18:30:54.189267,user_0229,padillaadrienne@paytm,gscott@ybl,1611.25,14,269cd696-236c-4b87-94a0-bccb8a476a87,Mumbai,2180.16,0,0,267.24,none,0
T0059688,2026-01-23 12:55:08.517742,user_0094,smithsarah@ybl,cabrerayvette@oksbi,963.07,15,9c2e58de-ea4e-4617-93f8-382b8fb864e4,Kolkata,879.75,0,0,296.46,none,0
T0028810,2026-01-14 06:15:45.813382,user_0061,huntchristine@paytm,danny73@ybl,909.75,8,f5c9b047-9c10-4572-8f6b-40d09efba58b,Kolkata,522.18,0,0,293.63,none,0
T0010856,2026-01-04 14:50:06.454724,user_0233,zacharygomez@ibl,ipruitt@paytm,632.91,11,eec259dc-7f95-497c-a76a-a6ced50755d9,Delhi,659.25,0,0,625.53,none,0
T0027796,2026-01-14 11:05:52.427201,user_0272,melissa69@ybl,hernandezkristi@paytm,1012.86,23,c9ea356a-7abf-4ebf-942c-b1ae19f738cb,Hyderabad,608.94,0,0,135.17,none,0
T0034167,2026-01-12 05:04:23.832837,user_0771,bryanharris@ybl,foxbruce@oksbi,360.99,13,cb08587d-1963-426d-ae21-8b099afd4015,Mumbai,512.96,0,0,755.75,none,0
T0037821,2026-01-14 12:33:41.688620,user_0774,marcoconnell@okhdfcbank,murphyjennifer@ibl,156.1,23,bdb025ff-2451-45a4-91d0-59b26699cd99,Mumbai,182.36,0,1,2.29,none,0
T0034973,2026-01-21 09:55:23.523154,user_0081,danielhorton@ibl,russellhall@ybl,2343.84,17,7af6cd41-99a7-499b-a005-f5e1a97a2846,Mumbai,1880.08,0,0,349.49,none,0
T0009186,2026-01-07 15:37:40.011669,user_0316,loweelizabeth@paytm,upham@ibl,1389.57,10,781799ff-b49e-44cc-8243-69e72387eaf6,Bengaluru,1061.27,0,0,1047.78,none,0
T0037121,2026-01-17 22:51:52.148971,user_0256,mserrano@ybl,robertpatterson@ibl,909.29,4,32a447b2-ef04-457d-8dcc-c33aa9434aa0,Lucknow,688.39,0,0,254.27,none,0
T0044351,2026-01-21 09:12:39.245741,user_0304,olsonjonathan@okhdfcbank,allenjacqueline@oksbi,78.74,23,61a66444-e2af-4629-9efb-336e2f546033,Jaipur,429.69,0,0,449.58,none,0
T0023001,2026-01-05 15:40:38.307310,user_0409,jbarker@oksbi,johncasey@ybl,628.33,11,46fde062-a33d-47af-9701-410d3f4b1a70,Jaipur,944.75,0,0,56.56,none,0
T0020004,2026-01-07 22:01:58.962172,user_0421,caseymoore@okhdfcbank,jadams@okhdfcbank,1194.79,5,f1043785-658b-4523-a014-1de9f54ad0a2,Mumbai,991.71,0,0,384.77,none,0
T0046796,2026-01-28 14:13:33.141059,user_0554,christopher68@okhdfcbank,christopher56@oksbi,406.44,12,38e7e019-fb89-46c8-87ec-fe71d49347fc,Jaipur,423.19,0,0,41.38,none,0
T0002634,2026-01-03 05:08:52.949344,user_0574,miguel61@ybl,alexandra62@paytm,1788.22,12,d5f25073-f414-42b1-a442-9ebbda7b9095,Delhi,1317.21,0,0,275.16,none,0
T0023234,2026-01-12 21:08:45.572064,user_0202,christine35@ybl,christopher57@oksbi,156.39,17,14296c07-f26b-4776-913e-4de2e0c53cb8,Ahmedabad,213.63,0,0,536.3,none,0
T0003941,2026-01-04 07:22:48.968337,user_0422,lori85@ybl,mckayemily@oksbi,1206.11,17,2c3aacdc-aed5-4a46-8bde-005b5d8babd7,Pune,857.81,0,0,1391.14,none,0
T0025118,2026-01-13 14:34:59.798153,user_0640,sullivanjennifer@ybl,dcampbell@ybl,1432.33,12,8471b4b0-ae1b-4f69-b740-d83173318749,Jaipur,1466.02,0,0,1379.4,none,0
T0017678,2026-01-06 12:40:27.784331,user_0116,jenniferrodriguez@paytm,heather71@ibl,338.5,16,5c9deee0-b42a-4456-8736-5a84725e134d,Lucknow,368.02,0,0,583.46,none,0
T0010285,2026-01-08 00:08:23.379991,user_0124,william66@okhdfcbank,dixonjoshua@paytm,1816.73,14,5cd8fe1a-dafe-48a9-bc71-e0bef3579560,Ahmedabad,1446.93,0,0,506.53,none,0
T0045488,2026-01-27 07:51:18.874364,user_0334,lisale@paytm,uruiz@ybl,228.07,7,aaf78c67-51d0-4109-bc90-2838d8741408,Mumbai,207.53,0,0,456.95,none,0
T0016381,2026-01-13 18:26:03.950270,user_0644,terrireyes@oksbi,dlong@ybl,664.28,10,5da8d6d2-f8b3-4a8b-a05f-b8bc8a16a06c,Chennai,684.09,0,0,51.0,none,0
T0005452,2026-01-02 21:24:14.609628,user_0003,carolynsmith@ybl,joshuaberry@oksbi,647.19,12,5380b904-688c-4015-aab9-7e494f2d4796,Hyderabad,602.92,0,0,220.22,none,0
T0048028,2026-01-26 01:54:30.961730,user_0169,pwilliams@paytm,christopher73@ybl,1346.83,18,14e4180c-fe99-46a3-a2db-c8503c5bf3a7,Lucknow,1068.96,0,0,730.42,none,0
T0039142,2026-01-27 16:24:51.077983,user_0765,ruizsamantha@paytm,kevin42@ybl,436.52,10,899ca782-e323-4d1a-bc1b-dacc18e19331,Chennai,472.5,0,0,259.58,none,0
T0007757,2026-01-06 02:54:55.323715,user_0483,michael55@ybl,kyle21@ybl,235.78,18,b28187c4-aa05-4442-a284-e8fd755cee2a,Chennai,438.59,0,0,1322.27,none,0
T0014954,2026-01-07 14:26:47.639219,user_0170,lukemiller@ybl,michaelmckee@ybl,794.51,20,d18183d1-ac2b-4cfc-85c5-1060991121e7,Pune,872.55,0,0,240.65,none,0
T0010380,2026-01-06 22:59:59.800735,user_0439,colonjoseph@paytm,david66@ibl,1781.9,18,22b5f457-1860-4d28-90af-b235ade68f51,Hyderabad,2112.92,0,0,30.64,none,0
T0051663,2026-01-26 21:20:12.666732,user_0293,elizabeth69@okhdfcbank,shannon35@ybl,1371.69,16,1d0bc9bd-e9b5-45cf-9766-5cdafe049059,Hyderabad,1051.69,0,0,463.33,none,0
T0056688,2026-01-25 17:06:05.944797,user_0766,sanchezdeborah@paytm,egarcia@ibl,749.39,16,965befdf-6b4b-4411-8a4a-0e2df22b5b98,Kolkata,940.15,0,0,291.43,none,0
T0021875,2026-01-09 15:48:54.367336,user_0337,thomassmith@ybl,ehall@paytm,2478.85,18,c88a618e-fed4-457d-bb02-6576f512c4c3,Lucknow,2711.07,0,0,178.54,none,0
T0057067,2026-02-01 10:48:40.878802,user_0533,stephanie33@paytm,iarnold@okhdfcbank,382.03,14,4926ce5f-7878-4140-ac2a-4f71a77d95f1,Hyderabad,213.64,0,0,319.95,none,0
T0012253,2026-01-10 19:43:46.795483,user_0400,gmoss@paytm,wilsonrebecca@ibl,980.41,15,d6cd3155-08a8-4c7f-8621-38ad0f09105c,Chennai,899.66,0,0,138.88,none,0
T0032227,2026-01-14 19:46:02.167462,user_0699,reneestevenson@paytm,zimmermanmark@paytm,943.76,12,551ac8ea-585a-4afa-bbfd-cc1289e06ab3,Pune,1055.77,0,0,199.69,none,0
T0057755,2026-01-26 10:46:30.857886,user_0374,mauriceharrison@ybl,danielle45@oksbi,1657.86,4,0f1259e0-a18f-46b6-b535-106e122c9a56,Jaipur,1484.05,0,0,770.18,none,0
T0041266,2026-01-30 16:16:12.701584,user_0652,pmurphy@paytm,katrina00@paytm,369.28,15,4c6a70f4-8ede-444d-876c-f68c3f1be0d0,Mumbai,631.23,0,0,392.66,none,0
T0039105,2026-01-21 03:02:28.511090,user_0243,ashleymartin@paytm,whale@ibl,2387.65,8,3c20592f-c04a-46c4-b3b6-3fe1d1843324,Lucknow,1881.32,0,0,1187.52,none,0
T0056058,2026-01-31 08:29:35.639663,user_0767,jacksonbrendan@okhdfcbank,gonzalesjanet@ybl,544.2,8,e6b9d31a-361f-4d90-bad1-fa330ae4ac11,Delhi,708.79,0,1,62.85,none,0
T0059497,2026-01-29 12:48:31.396554,user_0575,ebridges@ybl,melody08@ybl,735.46,9,39669fa7-5997-4043-b3b1-025bfff9f585,Jaipur,747.94,0,0,384.09,none,0
T0036475,2026-01-15 23:37:50.062558,user_0485,christina79@ibl,kennedyjeffrey@oksbi,492.71,17,12a1fe7d-dfa5-4722-8a1f-c9df9a591974,Bengaluru,438.72,0,0,280.17,none,0
T0034719,2026-01-21 15:43:03.439786,user_0392,matthewcollins@paytm,andradesusan@paytm,552.67,15,0e0630cd-996d-4c50-bc04-a168652ffb49,Bengaluru,480.83,0,0,247.88,none,0
T0050638,2026-01-19 15:29:13.540792,user_0393,dbolton@paytm,gregoryhamilton@okhdfcbank,1433.54,6,0a0537f0-2c2c-422b-a568-95c6812a1f9b,Bengaluru,1002.66,0,0,1100.91,none,0
T0012632,2026-01-07 11:51:55.602442,user_0693,sotobelinda@paytm,cooperchristina@paytm,540.48,11,ad238d36-dc32-4c97-b9c1-e262f76c8ede,Pune,739.55,0,0,62.58,none,0
T0004503,2026-01-03 08:50:24.194424,user_0700,lwood@paytm,fjones@oksbi,3225.49,8,268b84b6-3ec0-4285-8bc4-ec0ec2aef674,Mumbai,1960.67,0,0,15.21,none,0
T0047563,2026-01-23 01:53:34.227336,user_0453,michael77@ybl,burnsrandall@oksbi,1210.3,18,3ae28023-5472-4d2d-b239-9ffb27046f25,Delhi,1421.8,0,0,1201.46,none,0
T0018505,2026-01-08 19:16:17.200187,user_0359,brownnatasha@ybl,sarahcole@oksbi,385.07,5,a48e40f1-d042-4dfa-96ab-087a8bc78e81,Bengaluru,485.99,0,0,5.1,none,0
T0010978,2026-01-07 20:15:41.290031,user_0093,jhernandez@ibl,iortiz@ibl,883.41,9,0cb5ee5c-62f5-47c2-8706-fec248fa4e98,Mumbai,843.94,0,0,147.14,none,0
T0033895,2026-01-13 16:00:57.331024,user_0589,hannahking@okhdfcbank,williamgordon@ibl,390.41,16,a205e54f-b1e8-409d-bc20-b9f24a9c589e,Delhi,736.48,0,0,23.72,none,0
T0017842,2026-01-19 17:12:23.618720,user_0704,marymullins@ybl,wheelerrichard@okhdfcbank,275.46,7,0274ce40-e090-46b6-b186-a5a8d6ee526b,Lucknow,392.86,0,0,1026.4,none,0
T0000254,2026-01-03 00:42:14.452273,user_0726,maysdiane@ibl,gmcdowell@okhdfcbank,235.93,15,42c18a62-ef48-48d5-90fd-9d3f85d51695,Bengaluru,146.96,0,0,1986.25,none,0
T0020785,2026-01-11 02:18:47.419460,user_0500,yhall@ibl,richard96@oksbi,1645.71,17,22ab7752-c4db-4a62-ae13-418d68ab80ea,Delhi,2139.08,0,0,579.65,none,0
T0059175,2026-02-08 21:33:27.044290,user_0271,qpearson@paytm,rick75@okhdfcbank,640.47,13,15969802-b6dd-4257-bb7d-9f1c57eb89b1,Mumbai,660.33,0,0,187.8,none,0
T0045069,2026-01-26 10:19:09.362991,user_0636,efreeman@oksbi,kevin46@okhdfcbank,671.1,5,d0725b5c-a281-4044-af96-288295d82980,Chennai,1274.46,0,0,93.85,none,0
T0055381,2026-01-27 17:59:26.951007,user_0693,sotobelinda@paytm,earlalvarado@ibl,590.1,23,ad238d36-dc32-4c97-b9c1-e262f76c8ede,Pune,739.55,0,0,235.19,none,0
T0001533,2026-01-01 15:48:47.089652,user_0632,tdavis@paytm,jessicacummings@paytm,1134.65,15,e8334da5-de95-4695-b579-c1437ab99428,Delhi,1468.29,0,0,426.93,none,0
T0018735,2026-01-06 02:49:21.659831,user_0229,padillaadrienne@paytm,darlenemonroe@ybl,2000.59,13,269cd696-236c-4b87-94a0-bccb8a476a87,Hyderabad,2180.16,0,1,347.14,none,0
T0013066,2026-01-07 11:10:41.445708,user_0247,johnsjessica@ibl,wmurphy@ibl,1627.88,12,f8f9a45d-0f55-4896-b610-396b7df59abf,Mumbai,1108.56,0,0,626.72,none,0
T0016097,2026-01-06 12:01:22.352385,user_0359,brownnatasha@ybl,milesrobert@ibl,515.36,14,a48e40f1-d042-4dfa-96ab-087a8bc78e81,Bengaluru,485.99,0,0,862.7,none,0
T0019312,2026-01-10 07:18:18.675622,user_0688,harrisonwilliam@okhdfcbank,carloslindsey@paytm,1380.34,14,f6d22a7b-aec7-4a82-948b-4376602a4e57,Bengaluru,1590.87,0,0,256.5,none,0
T0013403,2026-01-09 22:43:41.434028,user_0197,yorksarah@ibl,ruthbass@paytm,398.51,21,949077c2-7674-456f-a26d-719d81cf3252,Lucknow,465.88,0,0,34.04,none,0
T0036387,2026-01-26 11:14:38.163119,user_0719,jessicachapman@ibl,thomashector@oksbi,418.18,4,0f5ae9d3-8e6e-4003-a14f-3f12cfd01cbd,Lucknow,792.56,0,1,603.61,none,0
T0033512,2026-01-14 17:31:42.308513,user_0508,garrettnatasha@ibl,lauragriffin@ybl,1265.52,14,4140752c-aa44-4259-9001-8b7b6d4067f4,Lucknow,1468.73,0,0,39.75,none,0
T0045970,2026-01-27 22:41:52.463785,user_0258,richamanda@paytm,nkennedy@okhdfcbank,911.27,22,65bcc272-fadd-4ea3-aca5-e2fdb966442a,Mumbai,671.7,0,1,245.99,none,0
T0002334,2026-01-01 22:59:04.380678,user_0255,harrismichele@paytm,uhobbs@ybl,170.2,15,3508507a-f622-4842-8402-2b3c508211a5,Delhi,167.2,0,0,35.11,none,0
T0015518,2026-01-10 08:29:44.691635,user_0313,moniqueclark@ibl,hking@ybl,538.21,19,67ce378f-e5a4-483b-a383-889adb2c6ac8,Jaipur,460.93,0,0,588.52,none,0
T0033737,2026-01-20 20:17:27.284692,user_0665,qgardner@ibl,vclark@paytm,1278.28,12,e27718c5-737d-4fb6-9113-76e038d77b9a,Pune,1052.32,0,0,924.7,none,0
T0042659,2026-01-27 21:11:35.783241,user_0143,heather06@paytm,walter46@oksbi,291.02,15,2e9ce8ff-084a-4c4b-9146-8cdcf7164b73,Pune,385.44,0,0,384.15,none,0
T0018444,2026-01-13 05:46:39.132428,user_0146,james73@oksbi,zwilliams@oksbi,1223.76,10,dd59ba71-36b8-4481-bb3a-4e3e7c52fa17,Delhi,1271.12,0,0,65.2,none,0
T0058495,2026-01-21 02:40:01.269262,user_0252,jennifercooper@oksbi,lknapp@oksbi,1891.11,15,1f5df912-54e0-4431-8f13-3b65d450afa2,Ahmedabad,1160.09,0,0,154.36,none,0
T0001481,2026-01-01 10:59:26.493558,user_0771,bryanharris@ybl,jlittle@okhdfcbank,713.16,8,cb08587d-1963-426d-ae21-8b099afd4015,Mumbai,512.96,0,0,407.95,none,0
T0046275,2026-01-17 12:48:16.636920,user_0486,scottglass@okhdfcbank,dixoncatherine@paytm,1652.21,9,0d31812e-30c3-4756-9453-f867b97e6224,Ahmedabad,1538.46,0,0,1167.89,none,0
T0001439,2026-01-02 19:16:40.227092,user_0009,anna99@oksbi,allenchristopher@ibl,134.19,11,b12b6680-7f07-4cb9-afd3-40c0f945f2fd,Kolkata,136.37,0,0,1610.58,none,0
T0050484,2026-01-20 23:45:01.698927,user_0714,ureyes@okhdfcbank,brian35@ibl,635.18,23,6693a1b9-c453-4934-8efe-2a4ffa72e524,Bengaluru,220.68,1,1,34.95,geo_jump,1
T0017276,2026-01-07 18:55:16.390877,user_0343,michael84@ybl,christopherhardy@ibl,771.04,9,310c0c00-3fa7-4104-9bf9-0e27dc96925e,Ahmedabad,486.46,0,0,187.32,none,0
T0019039,2026-01-13 02:34:22.839467,user_0266,reneemiller@paytm,ravenpatel@oksbi,334.66,23,2ab8bd33-911f-430b-9bff-00b07fe670f3,Chennai,312.23,0,0,1729.18,none,0
T0029829,2026-01-15 12:05:47.743402,user_0528,wattsthomas@okhdfcbank,melissa08@ybl,714.94,15,033d2bce-575a-4d2c-a5c5-650c8186a576,Jaipur,416.54,0,0,1253.04,none,0
T0004746,2026-01-05 04:38:26.738298,user_0285,zarias@okhdfcbank,jacquelinezamora@okhdfcbank,1321.94,14,ccf3a171-56dc-4907-ba6c-34ab6712303a,Mumbai,2022.54,0,0,169.71,none,0
T0057258,2026-02-01 17:46:44.764134,user_0256,mserrano@ybl,efranklin@paytm,930.42,7,32a447b2-ef04-457d-8dcc-c33aa9434aa0,Lucknow,688.39,0,1,8.97,none,0
T0054258,2026-01-28 12:19:56.682819,user_0588,ann30@ibl,sclayton@oksbi,961.67,12,47c1c017-6045-4909-936d-47d73e0f84ce,Chennai,968.32,0,0,57.1,none,0
T0058074,2026-01-30 23:58:27.310759,user_0298,greenrichard@ybl,qfranklin@paytm,716.54,18,e00bd534-3158-41fb-ac7a-0d3107692583,Bengaluru,600.73,0,0,369.35,none,0
T0028409,2026-01-19 09:19:13.709473,user_0496,kristinawilliamson@paytm,deborahmiller@ibl,641.17,12,9b4e2c24-9479-41e6-8927-7d9b6e0d2648,Mumbai,904.72,0,0,248.52,none,0
T0018617,2026-01-15 08:37:56.274615,user_0032,matthewbenitez@oksbi,taylornicole@okhdfcbank,469.93,6,7c0e8cd8-8573-4793-8715-b2b9c40c5d91,Chennai,424.64,0,0,176.61,none,0
T0032078,2026-01-18 09:01:56.036538,user_0227,dharrison@ybl,carrie76@oksbi,891.06,13,5bd93609-b297-4782-bcf4-74aace63cb1a,Hyderabad,1004.32,0,0,63.51,none,0
T0028822,2026-01-12 06:48:27.965905,user_0405,teresayoung@ybl,rachel85@okhdfcbank,1186.05,8,30e912f2-f2b4-4abf-8441-aefd0299436a,Mumbai,1081.13,0,0,372.53,none,0
T0043264,2026-01-30 11:23:22.072964,user_0140,lisa19@ibl,kyle82@ibl,497.79,12,8d93e14a-5b16-4158-ba67-470c7d98302f,Kolkata,433.62,0,0,177.93,none,0
T0005739,2026-01-04 11:11:31.820851,user_0348,jamesjustin@ybl,ccannon@okhdfcbank,1109.37,15,cf89569d-e550-4736-8780-6e713811b519,Delhi,953.76,0,0,88.96,none,0
T0053966,2026-02-03 09:26:32.260181,user_0384,elopez@okhdfcbank,lisajordan@ybl,896.55,9,3ae28023-5472-4d2d-b239-9ffb27046f25,Mumbai,1589.38,0,0,343.85,none,0
T0028105,2026-01-19 10:31:39.803396,user_0143,heather06@paytm,floresbill@okhdfcbank,514.89,4,2e9ce8ff-084a-4c4b-9146-8cdcf7164b73,Pune,385.44,0,0,91.76,none,0
T0042076,2026-01-19 03:05:22.060127,user_0128,megan85@paytm,catherinedaniels@okhdfcbank,1002.18,12,0aeccec7-204d-49da-b156-7f2acef74829,Jaipur,1019.57,0,0,98.11,none,0
T0043902,2026-01-23 06:50:03.949839,user_0267,ascott@okhdfcbank,stewartlaura@paytm,2296.35,18,3f8c1097-c4da-4c2e-9bff-a27915c1604f,Chennai,2332.96,0,0,1189.19,none,0
T0059666,2026-01-20 10:10:51.762110,user_0405,teresayoung@ybl,jharris@paytm,875.73,5,30e912f2-f2b4-4abf-8441-aefd0299436a,Mumbai,1081.13,0,0,610.64,none,0
T0001980,2026-01-01 09:58:50.334934,user_0233,zacharygomez@ibl,timothy81@okhdfcbank,574.41,18,eec259dc-7f95-497c-a76a-a6ced50755d9,Bengaluru,659.25,0,1,308.45,none,0
T0057205,2026-01-25 02:52:09.077543,user_0283,qdavis@okhdfcbank,dtorres@paytm,574.78,20,ebc1bb52-82e4-4d4a-943a-c1c54f560ed5,Pune,435.42,0,0,84.46,none,0
T0056589,2026-01-25 03:38:39.005213,user_0231,nicholasgray@paytm,kelly00@okhdfcbank,379.86,17,23c8afdb-83f8-4f16-a4a4-474c9b33e3a4,Jaipur,502.55,0,0,1398.41,none,0
T0041700,2026-01-24 14:18:32.536076,user_0606,tgallegos@paytm,jwalters@paytm,1706.34,11,f5b78cc7-e6b3-4944-8b32-3e357922bac2,Ahmedabad,1524.14,0,0,1250.1,none,0
T0042413,2026-01-21 17:57:17.087718,user_0628,mwhite@ybl,pfox@oksbi,1548.52,15,722dce13-47a4-4c42-8665-34972fe922aa,Ahmedabad,1310.64,0,0,1482.44,none,0
T0039943,2026-01-24 10:47:38.871676,user_0603,hancockkaren@oksbi,dgonzalez@ibl,1122.76,15,32f8dbab-b462-43e8-9c41-8a83eb04159c,Jaipur,1005.71,0,0,1296.16,none,0
T0014199,2026-01-15 11:24:41.368814,user_0095,kchristian@oksbi,clarkejohn@oksbi,658.35,7,d0725b5c-a281-4044-af96-288295d82980,Delhi,411.63,0,0,441.19,none,0
T0029115,2026-01-16 19:16:05.527414,user_0080,pmarsh@oksbi,alane@paytm,410.12,12,3e2b6091-a092-452a-94a0-57a7b0cc1b3b,Chennai,345.67,0,0,1286.76,none,0
T0049424,2026-01-26 00:55:54.274263,user_0799,washingtondarren@ibl,jasonmoore@ibl,1348.62,12,e08596db-1d87-4966-8710-d430f071d879,Chennai,1319.75,0,0,169.08,none,0
T0042973,2026-01-24 01:27:42.935298,user_0399,joanjohnson@ybl,harperjonathan@oksbi,438.26,15,6601ddd0-3170-4437-a8f7-ef5a060edf5b,Mumbai,569.25,0,0,384.55,none,0
T0052078,2026-02-03 04:54:22.630390,user_0014,trujilloleah@oksbi,robinmartinez@okhdfcbank,352.31,17,c7cfeca8-22b9-424c-a744-3fb881bd55d5,Hyderabad,473.21,0,0,122.31,none,0
T0050796,2026-01-31 19:02:05.184743,user_0414,tonystewart@ybl,megan78@paytm,763.56,4,52961fb3-4d40-4b28-9628-ddcd19dd3e8c,Lucknow,808.85,0,0,1945.02,none,0
T0018307,2026-01-13 08:38:25.231258,user_0483,michael55@ybl,bedwards@okhdfcbank,477.42,14,b28187c4-aa05-4442-a284-e8fd755cee2a,Chennai,438.59,0,0,653.46,none,0
T0001411,2026-01-02 07:43:53.067814,user_0698,alexis19@ybl,nlee@oksbi,1809.3,2,f80b2cea-658e-44a2-9879-cf35f4719986,Mumbai,1971.87,0,0,33.78,none,0
T0029033,2026-01-13 04:12:08.770361,user_0687,chloe58@paytm,shanejohnson@okhdfcbank,686.01,16,d6312a80-1c61-4ec2-9014-2131750565f5,Pune,575.66,0,0,726.67,none,0
T0012196,2026-01-08 18:50:16.459231,user_0237,jason22@ibl,francismason@okhdfcbank,735.64,14,8412a335-d88c-456d-b61e-5fdb1a435206,Ahmedabad,510.22,0,0,745.32,none,0
T0001984,2026-01-02 20:56:11.218152,user_0437,dowen@okhdfcbank,pbautista@ibl,232.88,10,9be71737-06b8-4231-8e86-7f3ca487eeab,Pune,415.49,0,0,239.4,none,0
T0052708,2026-01-23 11:24:00.150646,user_0368,brittanybryant@oksbi,markgordon@ibl,252.09,11,2747b93c-9ae7-4eab-884a-67809136f1f8,Hyderabad,247.77,0,0,134.98,none,0
T0006234,2026-01-05 15:25:07.902920,user_0491,shannon05@oksbi,christine11@oksbi,1806.2,21,f68c62e6-e2a4-4909-a2dd-22d52afaab7b,Delhi,1877.63,0,0,717.4,none,0
T0051595,2026-01-25 15:20:38.310419,user_0464,larsonkevin@ybl,shelby53@ybl,504.98,12,f5c9b047-9c10-4572-8f6b-40d09efba58b,Delhi,864.3,0,0,2383.42,none,0
T0037053,2026-01-18 22:40:44.414629,user_0749,mathew46@ybl,joseph25@ybl,1188.75,12,68bd075b-7eb6-481e-a72f-947d816462cb,Mumbai,1076.93,0,0,75.79,none,0
T0046288,2026-01-21 05:38:12.831781,user_0021,william28@paytm,kpope@okhdfcbank,243.76,9,a981b098-b2cf-452d-a7f3-33b3f7baf55e,Bengaluru,264.07,0,0,632.03,none,0
T0035088,2026-01-19 13:31:04.841061,user_0445,xreese@oksbi,dawnrodriguez@ibl,1170.28,10,4f67448e-10ec-4b1f-a4a5-c736ae59aa52,Kolkata,1091.29,0,0,850.05,none,0
T0016876,2026-01-04 11:04:28.073640,user_0360,johnsonrandy@oksbi,jessica60@paytm,184.86,12,30e912f2-f2b4-4abf-8441-aefd0299436a,Bengaluru,325.09,0,0,94.29,none,0
T0029661,2026-01-16 20:00:54.312633,user_0662,daniel40@ybl,sharpdiane@paytm,218.57,13,b5cbe3f5-6a66-4184-bde1-bf5daf4847f0,Bengaluru,225.76,0,0,823.09,none,0
T0002980,2026-01-03 00:00:46.394998,user_0149,shane12@paytm,uchang@oksbi,235.35,14,21bddb41-0699-4731-9dcf-8766a93b12cd,Chennai,254.52,0,0,834.01,none,0
T0036916,2026-01-24 19:25:35.704689,user_0709,williamssteven@ybl,lindseydodson@paytm,2195.62,11,2d79a2d1-506e-40c7-baa0-61e9336b00cb,Jaipur,2007.07,0,0,88.25,none,0
T0053897,2026-02-02 09:45:26.598270,user_0686,suttonamber@ybl,megansmith@ybl,364.95,8,702f31e5-62cc-4604-8c53-644b0053f649,Mumbai,419.05,0,0,2205.76,none,0
T0034866,2026-01-18 09:21:54.733243,user_0565,mramos@paytm,amy84@okhdfcbank,411.13,21,d6cd3155-08a8-4c7f-8621-38ad0f09105c,Hyderabad,608.95,0,0,621.71,none,0
T0049811,2026-01-23 08:46:12.561203,user_0162,wbarajas@paytm,sonyaholloway@paytm,295.47,18,ab9099a4-35a2-40ae-9af3-05535ec42e08,Jaipur,327.42,0,0,879.19,none,0
T0006686,2026-01-05 04:21:17.513133,user_0547,cgallegos@paytm,xjohnson@oksbi,1293.11,9,eb6c1016-cee6-44d0-9dac-6e8345241ea6,Mumbai,1106.69,0,0,558.64,none,0
T0032790,2026-01-18 11:52:10.558699,user_0627,reyeschristopher@paytm,swolf@ybl,820.04,21,9ca3fbb3-ff11-48ba-b6ee-1640723ef466,Kolkata,675.85,0,0,728.24,none,0
T0055960,2026-01-28 08:30:14.025471,user_0016,jenniferrios@ybl,nelsonjohn@ybl,507.53,7,0eaf04b5-f2a9-4c8a-8a9e-4a62fae3114b,Chennai,452.11,0,0,82.24,none,0
T0012876,2026-01-12 15:27:57.297333,user_0398,paulproctor@ibl,michael99@ibl,1078.92,15,f2c84743-9027-4770-a460-d0d2904883c1,Pune,1072.24,0,0,825.09,none,0
T0048457,2026-01-21 16:07:55.875005,user_0608,kristen31@ybl,richard04@ibl,575.81,7,72f60958-12ef-4101-a082-786fca00ef58,Kolkata,546.47,0,0,1797.39,none,0
T0018239,2026-01-16 00:45:09.161464,user_0760,morganmatthew@ybl,hernandezthomas@paytm,915.25,14,a6846099-f729-4951-8591-31d2bbda0242,Pune,607.2,0,0,1847.21,none,0
T0023127,2026-01-09 20:05:46.237276,user_0566,sanchezamy@paytm,kgarner@ibl,1055.95,12,06e3f949-8cd3-4c62-8482-9b71ae84b81c,Ahmedabad,730.65,0,1,283.63,none,0
T0036533,2026-01-22 12:26:50.325660,user_0438,angela65@ybl,sarabaker@oksbi,807.78,11,ba108217-0ad7-49a2-b277-16ec59fefbbc,Mumbai,698.76,0,0,1230.8,none,0
T0022099,2026-01-10 09:07:53.993820,user_0716,stephanie69@ybl,qmullins@okhdfcbank,2240.24,22,9be71737-06b8-4231-8e86-7f3ca487eeab,Chennai,1580.38,0,0,178.57,none,0
T0039825,2026-01-20 12:40:06.202672,user_0318,charlesnathan@ybl,brian96@okhdfcbank,1078.11,15,22bf18f5-1f65-4a87-b33e-e3447dbf4bc1,Pune,927.28,0,0,861.38,none,0
T0027173,2026-01-16 06:54:41.614682,user_0506,reedmichael@oksbi,schneiderpenny@oksbi,2604.17,9,f31046dc-6202-4ee6-9cb5-e69c5dc7b3e6,Ahmedabad,2197.28,0,0,689.93,none,0
T0007732,2026-01-07 20:18:38.544110,user_0248,stacey37@paytm,timothychen@ybl,1327.92,12,71efe72a-ae13-491e-84fa-4c7239e7a4f1,Kolkata,1702.6,0,0,197.71,none,0
T0007424,2026-01-03 22:44:31.074797,user_0555,nicholasjames@ybl,robert11@ibl,622.02,6,d8dff535-c62d-4aea-9e70-bd3000a21367,Chennai,511.78,0,0,750.37,none,0
T0059342,2026-01-29 17:18:02.526642,user_0640,sullivanjennifer@ybl,kylemadden@ybl,1702.14,9,8471b4b0-ae1b-4f69-b740-d83173318749,Jaipur,1466.02,0,0,241.78,none,0
T0046593,2026-01-27 23:52:10.052890,user_0702,laurenatkins@oksbi,allisonsamantha@ybl,391.98,18,271e3ee2-b1a6-41f1-a20e-99d33b33f3d8,Lucknow,317.95,0,0,636.53,none,0
T0007844,2026-01-06 05:47:47.403867,user_0185,campbellsara@ybl,williamsmaria@ybl,719.37,15,2e326567-d284-454e-bebe-c0db9a3a6103,Chennai,727.57,0,0,80.14,none,0
T0028349,2026-01-10 23:35:38.572852,user_0133,icraig@oksbi,carlaware@ybl,1440.68,10,5fbbf0b1-8083-49c8-a57e-01c90da23e5c,Bengaluru,2768.61,0,0,1628.1,none,0
T0040423,2026-01-26 04:43:41.575441,user_0369,omills@ibl,nancysampson@ibl,272.55,17,f8ded777-bb1e-4ae8-97d8-21b8bb93cd40,Mumbai,246.59,0,0,746.03,none,0
T0001938,2026-01-02 11:21:52.215832,user_0178,angela93@ibl,gonzalesmark@ybl,522.12,16,9c89d374-c664-45a7-8077-3e33690e7e62,Jaipur,705.93,0,0,491.01,none,0
T0016937,2026-01-14 15:05:11.036343,user_0493,ana92@ibl,rileywhite@ybl,321.68,14,b7b8c1a5-9a45-493d-b227-890e4e76833a,Kolkata,447.65,0,1,313.51,none,0
T0002842,2026-01-02 11:03:48.414415,user_0762,ibentley@okhdfcbank,mary64@ibl,1792.97,10,42378962-e4fd-4c34-9670-7a2129dc073e,Lucknow,1190.56,0,0,40.35,none,0
T0021968,2026-01-05 09:47:18.369528,user_0525,jackfarmer@okhdfcbank,gharris@ibl,690.49,9,8f0881ee-8011-416b-bae8-8926b423ccde,Chennai,511.68,0,1,122.81,none,0
T0052752,2026-01-19 19:12:14.154088,user_0486,scottglass@okhdfcbank,wfisher@paytm,1219.63,6,d65e59dd-e62d-4d06-8f9b-85581a7f195b,Ahmedabad,1538.46,0,0,67.74,none,0
T0007069,2026-01-08 03:16:42.647724,user_0776,bryan42@ibl,kimberlyestrada@oksbi,841.81,21,2bd3cdcd-2779-4685-94a5-3fdef10d27c8,Delhi,1410.76,0,0,10.71,none,0
T0018767,2026-01-07 14:03:59.192904,user_0127,vmorrison@ibl,uward@paytm,930.04,21,f1043785-658b-4523-a014-1de9f54ad0a2,Mumbai,1018.74,0,0,164.19,none,0
T0020911,2026-01-08 23:55:23.816596,user_0417,johnwilliams@ibl,unorris@okhdfcbank,531.82,14,27cb6f2a-8da0-4097-be0f-051b1b66b5a9,Jaipur,390.11,0,0,76.19,none,0
T0056499,2026-01-29 18:56:32.561177,user_0559,lroberts@paytm,hstone@ibl,1060.0,16,b3eda8f1-026b-4383-a301-ec030e5d8c6a,Lucknow,1210.35,0,0,1034.01,none,0
T0029082,2026-01-16 13:41:47.077016,user_0735,scottlisa@ibl,jeremyclayton@ibl,534.26,19,f7315749-4f39-49a8-bd3a-258288b4f474,Pune,397.6,0,0,128.79,none,0
T0008017,2026-01-03 01:02:56.942203,user_0290,christinacraig@oksbi,timothytyler@paytm,621.88,12,d0e6e660-7c69-4ee1-bb5e-4bcf15ed6269,Kolkata,623.13,0,0,154.41,none,0
T0000112,2026-01-01 15:47:44.572117,user_0036,whill@oksbi,joseph51@ibl,407.31,14,c28fa16b-0aa6-4cb9-81bc-be59d296a12d,Delhi,370.42,0,0,25.76,none,0
T0040025,2026-01-16 16:37:52.022154,user_0128,megan85@paytm,kendra93@ybl,1374.14,17,0aeccec7-204d-49da-b156-7f2acef74829,Jaipur,1019.57,0,0,489.98,none,0
T0052682,2026-01-29 11:51:24.530883,user_0587,vgutierrez@oksbi,matthewcollins@ybl,1553.07,14,66c14dca-8255-4a61-9a3b-031932f57510,Jaipur,2065.85,0,0,143.54,none,0
T0022844,2026-01-08 07:35:40.914993,user_0460,jesseshepherd@ibl,nicholaswilson@ibl,2696.61,12,d4f76322-b362-40d2-a498-8bdecd0254db,Mumbai,1598.12,0,0,418.96,none,0
T0052866,2026-01-24 18:31:04.723868,user_0738,irodriguez@oksbi,lindseybray@paytm,663.28,2,6aa0426d-f7c0-45f7-a9a5-3b4f8ff8869d,Bengaluru,703.83,0,0,294.41,none,0
T0059123,2026-02-01 13:55:15.545931,user_0169,pwilliams@paytm,vwatson@okhdfcbank,1157.99,18,14e4180c-fe99-46a3-a2db-c8503c5bf3a7,Lucknow,1068.96,0,0,1926.14,none,0
T0013162,2026-01-06 11:44:52.881110,user_0169,pwilliams@paytm,sanchezamber@paytm,1249.74,15,14e4180c-fe99-46a3-a2db-c8503c5bf3a7,Lucknow,1068.96,0,0,1112.42,none,0
T0028561,2026-01-16 00:09:02.544990,user_0332,melissa47@ybl,michael00@oksbi,1028.78,17,1a2a73ed-562b-4f79-8374-59eef50bea63,Pune,1243.24,0,0,1423.24,none,0
T0033154,2026-01-17 14:11:47.509264,user_0079,ynelson@ibl,stevencruz@oksbi,662.36,12,5e717fca-020a-4497-b4ed-51458d9765c7,Lucknow,752.7,0,0,649.46,none,0
T0031036,2026-01-18 10:46:25.607889,user_0635,philip55@okhdfcbank,schmittdanielle@ibl,2098.32,14,766ecb15-474e-4c19-aef9-12766c006f61,Ahmedabad,2274.0,0,0,208.15,none,0
T0045841,2026-01-16 05:08:58.649760,user_0167,amber40@okhdfcbank,pamelajohnson@ybl,224.71,15,46a02a9b-65ec-4acd-8f80-35f55bd20c98,Chennai,259.99,0,0,1135.6,none,0
T0038518,2026-01-24 06:10:22.274373,user_0244,macdonalddylan@ybl,shahgregory@okhdfcbank,679.16,15,5304317f-af42-412f-b838-b3268e944239,Mumbai,778.2,0,0,392.93,none,0
T0002291,2026-01-03 00:14:11.899886,user_0353,denise49@paytm,heidi55@paytm,264.16,12,216e9fe5-93f3-4596-8c1c-8b0556771f36,Pune,288.0,0,0,1672.92,none,0
T0021290,2026-01-14 01:24:24.795958,user_0168,willie87@paytm,denise44@oksbi,889.36,20,5cd8fe1a-dafe-48a9-bc71-e0bef3579560,Chennai,641.32,0,0,909.79,none,0
T0021914,2026-01-09 17:10:35.582000,user_0322,foxrodney@okhdfcbank,rickythomas@ibl,437.35,3,8beb4e78-e683-43a3-bb82-b7963207343e,Jaipur,906.64,0,0,276.37,none,0
T0036028,2026-01-22 14:21:28.451504,user_0505,matthew62@oksbi,martintara@ybl,1343.4,14,2c78644f-d860-45a2-bdd5-b0f8d6d744fd,Jaipur,1134.43,0,0,979.51,none,0
T0009758,2026-01-08 20:11:12.004963,user_0752,christopher74@okhdfcbank,michael65@oksbi,399.58,14,20156a72-12e1-43a6-932c-ae01d2c65ee4,Mumbai,557.31,0,0,534.71,none,0
T0055585,2026-01-24 01:40:53.686513,user_0234,tommy79@paytm,pperez@oksbi,1600.37,21,ebe9e207-4f19-4ec0-832d-4526b3e4110a,Delhi,1581.93,0,0,1994.87,none,0
T0001406,2026-01-01 10:12:24.033016,user_0778,samuelfrost@okhdfcbank,jeremiah26@okhdfcbank,630.56,10,5e09a9ee-af88-4dec-bb1e-143b196f4dfa,Bengaluru,495.12,0,0,107.52,none,0
T0040866,2026-01-27 16:16:56.877004,user_0219,acox@okhdfcbank,sorozco@ibl,431.13,14,f1b88d65-406f-44d6-9c72-aebd13b11e59,Chennai,393.73,0,0,895.64,none,0
T0007301,2026-01-03 10:07:14.413510,user_0459,devonrichardson@oksbi,omoore@ibl,459.81,23,473bd358-610e-4a64-a130-1617c2dff335,Lucknow,569.42,0,0,16.41,none,0
T0010690,2026-01-08 02:55:35.442767,user_0604,jennifer46@oksbi,vlang@ibl,633.92,13,9620bee6-6406-4ace-93a5-e8508950ddd6,Hyderabad,860.54,0,1,1130.36,none,0
T0051376,2026-01-23 23:11:00.990607,user_0666,thomaslopez@ibl,lbrooks@ibl,10.0,18,31274148-7c7c-404e-8422-d03ef29a6339,Delhi,1190.39,0,0,316.62,none,0
T0029449,2026-01-14 10:05:09.774539,user_0247,johnsjessica@ibl,markochoa@ibl,1150.38,11,f8f9a45d-0f55-4896-b610-396b7df59abf,Mumbai,1108.56,0,0,491.26,none,0
T0049196,2026-01-31 09:08:41.330564,user_0104,pamela83@paytm,mgonzalez@oksbi,707.11,10,90ce77e9-7513-43b9-87de-96ea2b0fbe44,Hyderabad,677.64,0,0,1084.39,none,0
T0048810,2026-01-26 01:35:43.022494,user_0662,daniel40@ybl,katelynfarmer@oksbi,126.06,13,f7d7465d-37c3-43c9-a5d0-b51788d00abd,Bengaluru,225.76,0,0,52.62,none,0
T0022224,2026-01-12 16:49:34.985725,user_0443,hlopez@okhdfcbank,melissapacheco@ybl,310.82,7,a6fd0cb1-16e6-45c0-84cb-294fe86e8e63,Pune,190.13,0,0,31.97,none,0
T0017771,2026-01-08 20:19:07.440158,user_0356,bjackson@oksbi,aclark@oksbi,393.29,11,61a66444-e2af-4629-9efb-336e2f546033,Mumbai,386.11,0,0,713.75,none,0
T0027922,2026-01-14 11:46:52.321672,user_0059,turnerdorothy@ybl,jessica42@ybl,1385.44,17,f3025d16-1eca-4ae9-a5bf-213d9eca381b,Hyderabad,860.77,0,0,791.17,none,0
T0027821,2026-01-16 19:34:43.030839,user_0491,shannon05@oksbi,fmclaughlin@paytm,1047.34,16,f68c62e6-e2a4-4909-a2dd-22d52afaab7b,Delhi,1877.63,0,0,91.25,none,0
T0013838,2026-01-06 14:49:39.361287,user_0612,kimberly21@oksbi,julieduncan@ibl,593.89,11,7eece88d-a002-452a-b88c-ddde3f2086c2,Bengaluru,692.73,0,0,0.45,none,0
T0035775,2026-01-19 22:33:45.626938,user_0788,robert83@oksbi,allison37@ibl,315.95,8,2812859a-1337-439e-8d4f-5d272c7f0b79,Hyderabad,330.27,0,0,7.18,none,0
T0030306,2026-01-12 07:50:19.091511,user_0365,johnsonmichael@oksbi,xconway@oksbi,507.65,9,e1721c83-ef5e-4376-a723-fb72682b163a,Mumbai,519.63,0,0,518.37,none,0
T0023414,2026-01-16 22:57:24.572929,user_0418,ihansen@paytm,lauren98@okhdfcbank,895.27,14,9780c215-2b2b-48e9-a417-c09380a8a23d,Jaipur,823.0,0,0,824.48,none,0
T0013731,2026-01-06 19:53:58.073494,user_0011,rogersjoshua@okhdfcbank,walkeredward@ibl,887.93,5,3967e60a-823d-4107-9c8a-c066cb2fafa3,Jaipur,892.47,0,0,213.92,none,0
T0002939,2026-01-01 23:16:01.893006,user_0249,kdillon@okhdfcbank,ymontgomery@ybl,1323.21,17,48998e5f-d40e-43ce-92a7-4a4144bed486,Mumbai,1426.21,0,1,479.5,none,0
T0011281,2026-01-05 20:01:15.387594,user_0182,avilabrenda@ybl,traceymelton@paytm,1925.59,16,7b85179a-d5b0-47e0-aa5d-932b45ff2c83,Jaipur,1240.2,0,0,234.4,none,0
T0010275,2026-01-04 13:40:48.527798,user_0232,blacknicholas@ibl,adam26@paytm,2134.81,20,546252e7-f43b-4052-8459-bd6ec0f63229,Ahmedabad,1688.68,0,0,247.71,none,0
T0038229,2026-01-19 03:33:28.938091,user_0319,travis94@okhdfcbank,william59@okhdfcbank,350.65,14,3270e4fa-abae-4f43-bcae-8081bdf070aa,Ahmedabad,450.88,0,0,2591.81,none,0
T0005415,2026-01-04 06:02:04.841420,user_0707,beckywilkinson@ybl,crystallandry@paytm,103.35,20,044251db-d0d4-4a67-b992-8faa4cbf131d,Jaipur,126.16,0,0,2572.02,none,0
T0036440,2026-01-27 15:36:25.514295,user_0518,dianacunningham@oksbi,connershelley@ibl,849.0,6,c777a07f-6346-44ef-a9ef-74e34ab6821c,Jaipur,740.94,0,0,1065.66,none,0
T0016191,2026-01-13 03:24:35.118033,user_0746,zmendoza@paytm,jason61@ybl,1461.61,21,b253d218-6c4a-47ea-8906-17f2747b6dba,Pune,750.52,0,0,5.3,none,0
T0021201,2026-01-09 17:07:29.051960,user_0593,collierjames@paytm,bjones@oksbi,201.6,21,6c521d13-b719-4b68-a775-ee42a89e22f2,Delhi,496.98,0,1,137.0,none,0
T0008351,2026-01-03 19:42:06.055171,user_0709,williamssteven@ybl,vnguyen@paytm,2123.75,13,2d79a2d1-506e-40c7-baa0-61e9336b00cb,Jaipur,2007.07,0,0,811.05,none,0
T0033023,2026-01-20 08:30:47.309988,user_0596,imcclain@ibl,kellyduarte@ibl,1543.0,13,1fe771d6-d917-4793-a9d3-c2e6505cc686,Ahmedabad,1416.75,0,0,51.68,none,0
T0034579,2026-01-22 03:51:15.123604,user_0522,tali@oksbi,mrobinson@ibl,1925.44,13,11b461e9-b15d-472d-94ce-e27c4a94ae9f,Pune,1908.09,0,0,821.29,none,0
T0008152,2026-01-06 00:08:53.136679,user_0502,lopezvincent@oksbi,billy07@paytm,1072.54,14,b1d81887-4739-4c7b-bff3-0c8d83ff3e96,Delhi,839.04,0,0,584.73,none,0
T0023023,2026-01-12 21:04:58.167338,user_0353,denise49@paytm,smithjohn@oksbi,283.46,12,216e9fe5-93f3-4596-8c1c-8b0556771f36,Pune,288.0,0,0,157.3,none,0
T0012179,2026-01-11 03:13:40.087150,user_0652,pmurphy@paytm,jamesbest@oksbi,374.93,9,4c6a70f4-8ede-444d-876c-f68c3f1be0d0,Mumbai,631.23,0,0,452.48,none,0
T0004327,2026-01-03 13:45:05.064447,user_0458,clintonstevens@paytm,simsamy@paytm,616.01,16,9f8cc29f-fd35-4c5f-9347-9a3b479bc637,Kolkata,516.52,0,0,224.88,none,0
T0058013,2026-01-23 13:11:44.558802,user_0723,foxgina@paytm,danielcooley@oksbi,848.14,19,09cb3942-43f5-4a85-bbc9-f87af668a617,Chennai,1342.79,0,0,457.23,none,0
T0016330,2026-01-09 11:22:20.379762,user_0696,yorkjoshua@paytm,laneashley@okhdfcbank,366.67,13,ae455cc6-b88e-430f-9e1e-994ac5a11f5c,Bengaluru,229.99,0,0,171.73,none,0
T0007819,2026-01-10 08:11:22.321678,user_0264,brianna91@paytm,scottlindsey@ybl,540.47,13,a2a9d4d8-102e-4de5-a5cc-8bf738ab854c,Ahmedabad,385.33,0,0,96.59,none,0
T0023958,2026-01-13 17:15:32.942756,user_0781,amiller@ybl,james35@ybl,2418.9,13,fb8fe8c4-d8b4-4ead-9360-8edf382b5b86,Mumbai,1640.13,0,0,16.91,none,0
T0033726,2026-01-19 09:58:40.912968,user_0227,dharrison@ybl,petersvictoria@okhdfcbank,844.1,10,5bd93609-b297-4782-bcf4-74aace63cb1a,Hyderabad,1004.32,0,0,89.62,none,0
T0026247,2026-01-22 12:07:03.698739,user_0760,morganmatthew@ybl,wagnerrichard@okhdfcbank,603.21,15,a6846099-f729-4951-8591-31d2bbda0242,Pune,607.2,0,0,985.11,none,0
T0026509,2026-01-12 18:38:58.916227,user_0165,susanfleming@ibl,monroemelissa@ybl,518.2,16,cbb18c79-1036-408d-99a0-90075bb47c18,Jaipur,536.83,0,0,166.75,none,0
T0054894,2026-02-04 00:05:07.923727,user_0020,qknox@okhdfcbank,tberry@okhdfcbank,763.99,12,f8f58a26-1924-4644-af52-7666b23909f4,Bengaluru,1238.02,0,0,22.49,none,0
T0035951,2026-01-14 19:20:56.415658,user_0064,michaelortiz@ibl,robinsonshannon@oksbi,809.55,17,a84554c3-a3f6-4c61-afb7-0dab2f383b43,Lucknow,858.71,0,1,532.34,none,0
T0033091,2026-01-16 00:04:29.520585,user_0169,pwilliams@paytm,justin77@paytm,1043.14,11,14e4180c-fe99-46a3-a2db-c8503c5bf3a7,Lucknow,1068.96,0,0,1347.39,none,0
T0058343,2026-01-26 14:34:06.092209,user_0191,davidsmith@paytm,tylerthornton@paytm,1212.69,12,c9d6a63b-ca3c-4f5f-9bb5-c40c03cde2e3,Delhi,1214.74,0,0,133.65,none,0
T0011857,2026-01-06 09:43:37.265210,user_0063,chelseastrickland@oksbi,ischaefer@paytm,383.08,10,1d0bc9bd-e9b5-45cf-9766-5cdafe049059,Kolkata,947.84,0,0,110.14,none,0
T0040764,2026-01-26 19:43:08.343835,user_0213,lunapatricia@oksbi,jonesmark@paytm,1475.98,17,66d71d97-b193-48b8-ae49-c0799bd0d4c7,Lucknow,946.37,0,0,707.26,none,0
T0041620,2026-01-16 14:21:53.378193,user_0295,calhounandrea@oksbi,williamjacobs@okhdfcbank,589.43,12,2a25a888-0f02-4ad0-a706-7ef466aa9385,Lucknow,495.43,0,0,627.62,none,0
T0021502,2026-01-16 02:25:53.100147,user_0636,efreeman@oksbi,ernestrichards@okhdfcbank,1266.89,4,d0725b5c-a281-4044-af96-288295d82980,Chennai,1274.46,0,0,183.76,none,0
T0049070,2026-01-27 10:16:29.514573,user_0375,wattstravis@ibl,kennethwhite@paytm,640.34,6,a65f7b8a-dbb4-4021-bdde-64afa75b395a,Ahmedabad,587.23,0,0,582.11,none,0
T0041171,2026-01-20 14:29:51.754517,user_0568,benjamin09@okhdfcbank,valdezkirsten@okhdfcbank,478.65,20,76492e64-f55d-4e6d-ad26-8b378f5242d3,Hyderabad,422.87,0,0,362.93,none,0
T0037949,2026-01-16 04:09:07.053604,user_0128,megan85@paytm,christopher28@ibl,1097.54,22,0aeccec7-204d-49da-b156-7f2acef74829,Jaipur,1019.57,0,0,489.77,none,0
T0010061,2026-01-07 09:57:43.373654,user_0743,denisesmith@ybl,ealexander@okhdfcbank,312.04,11,23b8c1e9-3924-46de-beb1-3b9046685257,Ahmedabad,624.7,0,0,209.94,none,0
T0033168,2026-01-18 01:08:58.405883,user_0470,markwolfe@okhdfcbank,lisawashington@ibl,390.62,15,ec6a37ad-81b1-4db9-88cc-4d49669b29b8,Lucknow,512.06,0,0,663.44,none,0
T0006790,2026-01-07 02:03:27.891683,user_0367,amy28@paytm,albert16@paytm,129.91,9,74797b61-2737-4b52-ba6a-210722319050,Mumbai,175.24,0,0,254.3,none,0
T0054764,2026-01-28 20:33:50.770613,user_0619,james44@ybl,nancybrown@ibl,444.73,5,e2acf72f-9e57-4f7a-a0ee-89aed453dd32,Mumbai,552.09,0,0,40.26,none,0
T0020529,2026-01-08 06:26:47.398745,user_0216,jvaldez@oksbi,smithtony@oksbi,727.01,19,3270e4fa-abae-4f43-bcae-8081bdf070aa,Kolkata,729.4,0,0,407.22,none,0
T0028402,2026-01-21 09:07:15.987864,user_0786,carlsonjennifer@ibl,ncarpenter@ibl,566.19,13,8d244e3e-c4da-4ddb-a0b1-5abaa6a27967,Jaipur,816.66,0,0,1245.66,none,0
T0006858,2026-01-06 00:14:42.360105,user_0499,michelle04@okhdfcbank,patricia63@ibl,677.69,10,ccf3a171-56dc-4907-ba6c-34ab6712303a,Kolkata,699.71,0,0,750.79,none,0
T0004012,2026-01-04 00:04:40.575335,user_0248,stacey37@paytm,oliviavaldez@okhdfcbank,2193.64,12,71efe72a-ae13-491e-84fa-4c7239e7a4f1,Kolkata,1702.6,0,0,27.48,none,0
T0042923,2026-01-22 17:02:11.543570,user_0356,bjackson@oksbi,hancockkathryn@oksbi,331.93,13,61a66444-e2af-4629-9efb-336e2f546033,Mumbai,386.11,0,0,432.35,none,0
T0039673,2026-01-17 10:28:12.264572,user_0122,heatherthompson@paytm,porterpaul@oksbi,1049.57,10,7a3a6e96-23ff-43d3-bb4f-b88a2f4dd219,Lucknow,747.18,0,0,77.12,none,0
T0053160,2026-01-22 02:00:19.818898,user_0068,conleyelizabeth@ybl,hamiltondonald@ibl,699.52,11,47a2a10b-b62e-4b49-a472-96a4ff38b918,Lucknow,748.26,0,0,877.02,none,0
T0004310,2026-01-02 22:31:47.835517,user_0230,mary49@oksbi,mackelizabeth@ibl,1116.4,10,12a1fe7d-dfa5-4722-8a1f-c9df9a591974,Mumbai,1530.03,0,0,470.8,none,0
T0054544,2026-01-26 22:19:20.925742,user_0630,lisa81@ibl,awest@ibl,3021.89,9,cac4d0eb-3373-430e-bc31-a5971f119c0f,Hyderabad,2481.13,0,1,400.49,none,0
T0018716,2026-01-12 09:50:15.644537,user_0753,gregorywilliams@oksbi,anthonybaker@oksbi,288.66,8,4082cbb9-48bd-4b3e-a2f5-df2badaa44ca,Mumbai,447.43,0,0,735.26,none,0
T0015666,2026-01-10 20:29:41.741206,user_0285,zarias@okhdfcbank,elizabeth63@paytm,3472.51,10,ccf3a171-56dc-4907-ba6c-34ab6712303a,Mumbai,2022.54,0,0,641.65,none,0
T0004092,2026-01-04 22:05:24.201004,user_0382,christian38@ibl,ryanford@oksbi,825.78,9,fdb1429e-7010-4d13-b526-b22d3f6c21f7,Delhi,593.48,0,0,10.65,none,0
T0017905,2026-01-13 05:33:26.190095,user_0125,joshuastuart@ibl,bradley56@okhdfcbank,1593.33,13,ac9ed156-f63f-4e41-ba9a-ca5e176132ed,Mumbai,1422.34,0,0,1314.12,none,0
T0025817,2026-01-11 18:12:43.558074,user_0043,rhodescourtney@oksbi,rachelbooth@ybl,373.69,15,a2cd1590-58af-493c-8aa2-b4c93ba5bd76,Chennai,435.94,0,0,7.54,none,0
T0000244,2026-01-01 11:19:34.456022,user_0516,michelleparker@oksbi,vazquezkristina@paytm,284.81,18,cb881c32-cbb0-4a8b-9908-a121d1a7ba20,Delhi,533.48,0,0,679.57,none,0
T0032789,2026-01-18 08:51:51.075105,user_0530,melissahenry@ybl,yscott@okhdfcbank,844.2,7,34981735-4d38-4415-a036-35fca88d4108,Jaipur,931.05,0,0,425.52,none,0
T0046282,2026-01-31 17:15:20.675777,user_0289,james98@ibl,kmiller@ybl,273.99,10,97777f10-f2d2-493f-8e85-140d0f9aeb70,Kolkata,311.68,0,1,427.37,none,0
T0027808,2026-01-18 21:43:45.448493,user_0315,eric11@paytm,vangjennifer@ibl,2234.22,14,43ad3d62-b17c-4b21-8dbc-2c1ca4afe7bd,Jaipur,1772.55,0,0,256.92,none,0
T0051386,2026-01-22 21:15:14.099922,user_0237,jason22@ibl,bennettamanda@oksbi,662.3,12,8412a335-d88c-456d-b61e-5fdb1a435206,Ahmedabad,510.22,0,0,47.88,none,0
T0047787,2026-01-26 09:31:38.182824,user_0488,rodriguezbrian@okhdfcbank,hilleugene@oksbi,619.51,16,03c72ba8-d605-4770-8a63-f881ffd0f9d5,Bengaluru,463.23,0,1,267.89,none,0
T0037324,2026-01-16 20:03:13.270549,user_0012,michelle44@ibl,michaelsmith@ibl,2202.89,14,16de66c9-6210-4ef6-ba9c-43081221cddf,Lucknow,1796.07,0,1,50.13,none,0
T0012977,2026-01-04 17:27:41.798322,user_0632,tdavis@paytm,troy04@okhdfcbank,1088.86,13,e8334da5-de95-4695-b579-c1437ab99428,Delhi,1468.29,0,0,427.82,none,0
T0051412,2026-01-23 01:57:04.701197,user_0139,james80@oksbi,qcraig@oksbi,726.98,16,af475b49-c775-4395-9494-05f02cd2a404,Kolkata,740.48,0,0,248.91,none,0
T0002198,2026-01-01 08:55:21.408695,user_0657,kevin46@paytm,amandajackson@paytm,188.01,9,370b9a29-0a53-4df9-9a72-083cb266986c,Chennai,240.26,0,1,31.32,none,0
T0036509,2026-01-30 03:46:10.905234,user_0541,cterrell@paytm,anna16@ibl,508.93,15,9793b9b4-1374-4146-b2c5-bd89b70b3420,Ahmedabad,599.69,0,0,2364.01,none,0
T0047705,2026-01-22 01:31:54.501306,user_0694,douglaskelly@paytm,ncarter@ybl,486.21,9,a3595d1f-7fe4-442e-bdb7-88a61cdcc4c2,Delhi,643.6,0,0,416.81,none,0
T0008738,2026-01-05 17:32:32.516261,user_0408,novakbianca@ybl,willisnicole@paytm,404.34,21,771ad655-cdfc-4ee0-a61e-de900267deb3,Hyderabad,473.01,0,0,679.88,none,0
T0049684,2026-01-31 22:18:23.717741,user_0099,christianwallace@ybl,rachel90@ybl,813.04,17,bda3c162-3a78-464a-9d86-80cbb90800f3,Bengaluru,1211.31,0,0,1926.38,none,0
T0024754,2026-01-10 21:27:08.673832,user_0363,jerome47@ibl,tanya50@oksbi,1722.93,18,f18cccdc-131e-4723-bbcd-f203459ee674,Ahmedabad,1456.37,0,0,14.04,none,0
T0035072,2026-01-20 05:31:05.204766,user_0200,jessicafreeman@ibl,owilliams@ybl,650.31,14,670acc5c-b321-4f21-8dd8-eb85b04d3376,Delhi,501.81,0,0,1333.25,none,0
T0036357,2026-01-22 01:10:01.435022,user_0616,cookpamela@okhdfcbank,alexanderdaniel@ibl,193.51,15,f165d779-0154-4950-976d-e21f1b46ebdc,Ahmedabad,192.63,0,0,732.86,none,0
T0029433,2026-01-22 15:31:32.985961,user_0241,brittanyholland@ybl,cweaver@okhdfcbank,193.74,5,51e744e4-b864-4a08-aa75-752d6a8fcacb,Kolkata,196.82,0,0,2936.94,none,0
T0055982,2026-01-25 00:31:20.474309,user_0563,franklintrevor@ybl,benjamin01@ibl,642.51,5,73e7f042-516c-4b0a-9385-3918bc4015fa,Jaipur,714.81,0,0,128.07,none,0
T0054791,2026-01-31 08:09:21.784499,user_0290,christinacraig@oksbi,richard72@ybl,1162.15,18,d0e6e660-7c69-4ee1-bb5e-4bcf15ed6269,Kolkata,623.13,0,0,1602.29,none,0
T0023581,2026-01-20 05:53:22.240456,user_0178,angela93@ibl,christinecollins@ibl,594.83,16,9c89d374-c664-45a7-8077-3e33690e7e62,Jaipur,705.93,0,0,546.28,none,0
T0023163,2026-01-15 10:33:30.324692,user_0668,qmoore@paytm,dgarcia@oksbi,314.14,19,29310971-601e-4211-a34f-76b42b8c03bf,Pune,398.2,0,0,735.04,none,0
T0031025,2026-01-13 08:53:26.052226,user_0561,deanjohnny@ibl,ashleydavis@oksbi,384.91,14,af70de70-2b69-495e-8567-1b58926bffa5,Mumbai,331.62,0,0,331.22,none,0
T0028691,2026-01-21 00:14:16.675319,user_0378,laurakelley@oksbi,rachelmckay@paytm,1042.9,19,aaf91531-0200-41f0-8768-a84fa76afde6,Hyderabad,824.28,0,0,1833.68,none,0
T0001610,2026-01-01 15:11:50.776067,user_0660,woodana@oksbi,bbennett@paytm,1796.52,13,9416e4dc-c6b2-4def-b8d8-b7f1c86c6544,Kolkata,1363.02,0,0,252.01,none,0
T0050220,2026-01-23 06:07:00.409187,user_0182,avilabrenda@ybl,amygarcia@oksbi,2308.06,16,7b85179a-d5b0-47e0-aa5d-932b45ff2c83,Jaipur,1240.2,0,0,609.91,none,0
T0036043,2026-01-14 05:35:35.920355,user_0148,kimberlybrandt@paytm,reginastanley@ibl,660.42,15,f6ff3521-c225-4530-952a-53459682d9ff,Pune,433.0,0,0,1599.41,none,0
T0059385,2026-01-25 12:57:35.379696,user_0077,natalie15@oksbi,amorris@okhdfcbank,686.32,15,5ef787b8-f2e6-495f-b32e-2016add702c9,Mumbai,464.91,0,0,85.05,none,0
T0005324,2026-01-05 06:27:08.732935,user_0144,ybutler@ibl,curtisjacqueline@paytm,934.42,15,92779574-c457-4cc3-b5f7-89bca6b07458,Delhi,659.15,0,0,1107.16,none,0
T0022167,2026-01-08 16:51:05.931192,user_0632,tdavis@paytm,gordonkaren@paytm,2483.16,17,e8334da5-de95-4695-b579-c1437ab99428,Delhi,1468.29,0,0,705.84,none,0
T0010476,2026-01-04 15:11:23.935904,user_0688,harrisonwilliam@okhdfcbank,yblair@oksbi,1005.19,15,5f90bed6-fb25-464d-a30a-a767a2bb522b,Bengaluru,1590.87,0,0,29.73,none,0
T0054855,2026-01-28 06:33:41.721464,user_0696,yorkjoshua@paytm,williamsnicole@ibl,254.39,11,ae455cc6-b88e-430f-9e1e-994ac5a11f5c,Bengaluru,229.99,0,0,345.81,none,0
T0053939,2026-01-28 13:25:03.572894,user_0183,howardwesley@ibl,zdiaz@ibl,1879.89,17,2e9ce8ff-084a-4c4b-9146-8cdcf7164b73,Ahmedabad,1231.18,0,0,133.9,none,0
T0017705,2026-01-10 14:51:22.095915,user_0020,qknox@okhdfcbank,ashleybarnes@ibl,1445.21,14,f8f58a26-1924-4644-af52-7666b23909f4,Bengaluru,1238.02,0,0,428.15,none,0
T0007933,2026-01-05 08:37:53.317645,user_0799,washingtondarren@ibl,edward60@okhdfcbank,1923.12,12,e08596db-1d87-4966-8710-d430f071d879,Chennai,1319.75,0,0,237.39,none,0
T0056587,2026-02-06 00:40:28.797762,user_0141,juliahoffman@ybl,xmoore@ybl,130.52,8,e0527739-4d40-4f1b-bca5-be2952171bf3,Lucknow,122.4,0,0,189.84,none,0
T0017220,2026-01-09 11:02:31.090757,user_0441,blackburnsusan@ibl,rubiochristopher@ibl,554.72,16,20156a72-12e1-43a6-932c-ae01d2c65ee4,Pune,466.35,0,0,803.69,none,0
T0000309,2026-01-04 05:06:49.419179,user_0482,rodriguezrobert@okhdfcbank,foxashley@ibl,852.71,13,9b4e2c24-9479-41e6-8927-7d9b6e0d2648,Bengaluru,1004.67,0,0,199.17,none,0
T0002713,2026-01-01 20:13:56.799461,user_0720,aprilbyrd@paytm,kelly66@ybl,793.37,13,1cce08e9-6b6a-4061-881c-8d3185c69fbf,Pune,820.84,0,1,592.31,none,0
T0058653,2026-02-12 19:34:14.436553,user_0124,william66@okhdfcbank,colinevans@paytm,1327.5,17,b63b4dc3-a559-4463-b9e1-3ceab0cbc61f,Ahmedabad,1446.93,0,0,176.6,none,0
T0035234,2026-01-16 20:23:07.709119,user_0773,daughertybarbara@paytm,moransteven@ibl,251.8,22,9293f705-0815-4147-be00-980eae441e21,Chennai,229.54,0,0,327.4,none,0
T0045586,2026-01-31 12:21:13.510128,user_0762,ibentley@okhdfcbank,deckerchelsea@okhdfcbank,1200.76,14,42378962-e4fd-4c34-9670-7a2129dc073e,Lucknow,1190.56,0,0,970.76,none,0
T0011511,2026-01-08 03:18:54.664956,user_0376,xevans@oksbi,leerhonda@oksbi,3630.1,19,b43bd27f-42a2-49a6-8664-12854303cbc1,Delhi,3124.06,0,0,444.71,none,0
T0042354,2026-01-19 14:00:03.839446,user_0237,jason22@ibl,fwilson@oksbi,459.62,9,8412a335-d88c-456d-b61e-5fdb1a435206,Ahmedabad,510.22,0,0,521.13,none,0
T0052544,2026-01-28 03:16:08.934098,user_0773,daughertybarbara@paytm,omata@oksbi,208.85,14,c80c2195-8b65-44ce-bacc-99705beec570,Chennai,229.54,0,0,419.68,none,0
T0009559,2026-01-06 00:04:57.477086,user_0361,garciachristine@ybl,johndaniels@oksbi,942.39,8,cfd7f3b9-c68f-4ba5-9e0d-02b5fe7402cd,Bengaluru,653.8,0,0,63.69,none,0
T0036505,2026-01-21 09:11:11.201338,user_0444,ashleymeza@oksbi,christophermurphy@ybl,734.03,18,47c68688-ecf3-4053-af36-b8cc13087974,Lucknow,678.96,0,0,90.7,none,0
T0053568,2026-01-30 03:01:10.738056,user_0047,stephen89@okhdfcbank,reginaschmidt@oksbi,783.88,11,fb8fe8c4-d8b4-4ead-9360-8edf382b5b86,Hyderabad,573.87,0,0,104.23,none,0
T0043320,2026-01-21 20:34:07.938754,user_0751,diazmelissa@paytm,marcusvasquez@oksbi,707.94,16,1f5df912-54e0-4431-8f13-3b65d450afa2,Mumbai,796.42,0,0,289.06,none,0
T0035120,2026-01-18 15:48:02.550098,user_0742,kimberly07@ybl,amandashaffer@ibl,672.97,18,53cd6268-610c-4373-8299-9aa40cdf742b,Ahmedabad,448.85,0,0,188.38,none,0
T0015664,2026-01-09 18:57:26.563772,user_0175,elucas@okhdfcbank,nathan35@ibl,884.8,10,9132b63e-f162-47e4-a9c3-49e03602f8ac,Ahmedabad,888.28,0,0,1302.99,none,0
T0021944,2026-01-18 11:25:18.996682,user_0241,brittanyholland@ybl,esparzabethany@oksbi,160.74,6,a8761e85-bddf-403a-aa84-30f84f2da233,Kolkata,196.82,0,0,3724.08,none,0
T0055367,2026-01-31 15:38:32.587949,user_0260,princekimberly@ibl,dalton83@okhdfcbank,533.54,22,a3209116-222d-46a4-8163-b6ce1877bc06,Ahmedabad,339.57,0,0,177.22,none,0
T0010681,2026-01-07 19:54:12.184537,user_0376,xevans@oksbi,amber94@oksbi,2520.38,17,b43bd27f-42a2-49a6-8664-12854303cbc1,Delhi,3124.06,0,0,2302.17,none,0
T0007950,2026-01-08 04:59:06.936954,user_0367,amy28@paytm,erinreid@paytm,139.01,5,74797b61-2737-4b52-ba6a-210722319050,Mumbai,175.24,0,0,83.29,none,0
T0016289,2026-01-15 05:52:41.675093,user_0695,mitchellchristopher@ibl,mmcguire@ybl,579.75,19,9b792afa-2a3d-418d-a754-a29ff143e545,Kolkata,468.23,0,0,755.53,none,0
T0016231,2026-01-07 21:43:49.260180,user_0133,icraig@oksbi,nhall@oksbi,668.08,14,5fbbf0b1-8083-49c8-a57e-01c90da23e5c,Bengaluru,2768.61,0,0,1237.45,none,0
T0019328,2026-01-13 01:49:48.430358,user_0673,senglish@paytm,sheathomas@oksbi,175.03,15,0d18ab95-668c-4477-8b95-017c5dae1201,Chennai,190.08,0,0,812.17,none,0
T0014072,2026-01-09 11:47:59.055410,user_0121,xglass@paytm,torreschristina@ybl,774.11,13,a5135ea0-fa53-434d-a6d5-901d8b621d41,Hyderabad,799.24,0,1,1431.61,none,0
T0054301,2026-02-01 02:42:25.788074,user_0039,epowell@paytm,marypatterson@ibl,565.09,11,54c63cd8-8945-4f27-97fa-2d8dfb2ca025,Lucknow,625.32,0,0,242.99,none,0
T0040400,2026-01-25 07:01:35.595924,user_0044,jeremywiley@ybl,blackalyssa@okhdfcbank,714.27,10,fd235def-3e5a-47e3-9560-db22c96b5edb,Ahmedabad,698.34,0,1,41.48,none,0
T0047099,2026-01-30 01:40:23.033226,user_0745,rebecca90@okhdfcbank,xbolton@oksbi,1035.26,16,989240ac-e689-43a9-89e4-8e8c25c61c45,Chennai,1029.31,0,1,328.31,none,0
T0016555,2026-01-10 15:53:13.619504,user_0191,davidsmith@paytm,christina90@paytm,883.34,8,c9d6a63b-ca3c-4f5f-9bb5-c40c03cde2e3,Delhi,1214.74,0,0,52.3,none,0
T0024541,2026-01-15 07:57:32.409009,user_0367,amy28@paytm,andersontina@paytm,189.42,9,74797b61-2737-4b52-ba6a-210722319050,Mumbai,175.24,0,0,2205.03,none,0
T0039414,2026-01-20 17:26:56.551520,user_0431,gregoryjohnson@oksbi,lynn36@okhdfcbank,1716.29,13,b2a6e468-d02b-4243-8091-3ac10463750e,Ahmedabad,1422.21,0,0,57.34,none,0
T0017945,2026-01-11 11:31:54.018997,user_0121,xglass@paytm,ramirezdaniel@paytm,825.65,16,a5135ea0-fa53-434d-a6d5-901d8b621d41,Hyderabad,799.24,0,0,1413.35,none,0
T0033789,2026-01-16 11:47:48.033611,user_0063,chelseastrickland@oksbi,simmonsjustin@ybl,936.4,12,5c62b3a2-3a3c-463e-8bd6-cee631b1b099,Kolkata,947.84,0,0,265.01,none,0
T0047133,2026-01-25 16:02:41.223708,user_0763,joycehall@ibl,kingmatthew@ibl,708.19,12,694d7b00-8d38-4327-883f-13c601b158e9,Chennai,461.07,0,0,247.45,none,0
T0030531,2026-01-15 06:43:05.125956,user_0341,lewisjonathan@paytm,hailey58@okhdfcbank,587.01,9,5a5226e6-9d64-4932-8066-853d6de299a1,Jaipur,499.18,0,0,552.74,none,0
T0043563,2026-01-28 18:31:13.818264,user_0496,kristinawilliamson@paytm,deborah11@oksbi,945.28,14,9b4e2c24-9479-41e6-8927-7d9b6e0d2648,Mumbai,904.72,0,0,695.19,none,0
T0034216,2026-01-16 05:14:51.014001,user_0751,diazmelissa@paytm,wilsonerin@okhdfcbank,332.36,17,1f5df912-54e0-4431-8f13-3b65d450afa2,Mumbai,796.42,0,0,2952.34,none,0
T0000246,2026-01-01 03:47:33.096864,user_0544,kim47@ibl,rebecca18@ibl,1141.44,22,a21b0307-82af-485c-938d-994c2b0abedd,Hyderabad,1774.69,0,0,227.55,none,0
T0050999,2026-01-23 21:45:12.791202,user_0250,mariaburke@okhdfcbank,qyoung@ybl,192.6,8,6a5e6920-bf5a-47e6-93a3-dd5a4b8c5bdc,Bengaluru,158.45,0,0,229.3,none,0
T0055676,2026-01-31 22:21:02.716101,user_0053,daviddawson@okhdfcbank,taylorjulie@ybl,1409.39,22,9f8cc29f-fd35-4c5f-9347-9a3b479bc637,Pune,901.25,0,0,17.64,none,0
T0020401,2026-01-12 22:55:56.346691,user_0062,daniel17@oksbi,kimberly51@ibl,541.54,15,186b2880-ab54-4a15-a69d-01ff1634725b,Hyderabad,636.8,0,0,90.71,none,0
T0023949,2026-01-13 04:12:59.423114,user_0680,arthur09@paytm,awhite@oksbi,1942.23,23,844e250b-e684-490c-923b-78208089b8c5,Hyderabad,1698.35,0,0,546.0,none,0
T0059843,2026-01-25 05:22:26.773385,user_0058,thomas23@ibl,matthewstewart@ibl,1289.17,18,2a25a888-0f02-4ad0-a706-7ef466aa9385,Jaipur,881.57,0,1,39.64,none,0
T0018913,2026-01-17 16:47:35.645314,user_0095,kchristian@oksbi,charlesrichardson@oksbi,531.7,5,d0725b5c-a281-4044-af96-288295d82980,Delhi,411.63,0,0,875.84,none,0
T0043231,2026-01-24 09:02:35.180853,user_0400,gmoss@paytm,rbell@ibl,841.16,17,3d85de89-c217-4429-8e20-07247d137018,Chennai,899.66,0,0,857.77,none,0
T0038897,2026-01-17 13:06:16.038549,user_0658,veronica90@oksbi,katrina22@okhdfcbank,1905.35,12,692ac139-1f4a-4ca1-ab85-fd595463adc7,Delhi,1974.9,0,0,1967.77,none,0
T0059607,2026-02-03 19:24:41.763578,user_0084,ywhite@okhdfcbank,carriestanley@oksbi,1891.58,13,8a4b8f7c-2147-4a15-bcce-96f6250a4578,Jaipur,1231.18,0,0,884.93,none,0
T0036764,2026-01-21 08:13:48.082829,user_0379,robertcastro@ibl,dturner@paytm,764.84,14,21bddb41-0699-4731-9dcf-8766a93b12cd,Mumbai,644.86,0,0,155.59,none,0
T0019607,2026-01-10 03:56:35.365412,user_0429,marcus51@paytm,dawnstanley@paytm,182.66,10,1f5d988f-776a-4f09-bde2-885951b1943c,Pune,222.16,0,0,1261.88,none,0
T0029465,2026-01-09 04:49:44.173459,user_0239,ushepherd@paytm,mnolan@paytm,480.0,22,1fa382e8-895c-4d99-83b3-8eb403902c5d,Bengaluru,780.74,0,0,448.09,none,0
T0012437,2026-01-07 10:49:21.021849,user_0693,sotobelinda@paytm,conniebrandt@paytm,750.25,20,5fa5e0aa-9b11-4530-bd24-7c11bf6b8cdf,Pune,739.55,0,0,650.16,none,0
T0006225,2026-01-03 09:07:48.825237,user_0520,whitemary@oksbi,joshua88@paytm,4234.95,23,2303f6c6-d69d-42f1-ae4c-84ffa8c01f05,Jaipur,2573.89,0,0,116.75,none,0
T0022870,2026-01-13 09:06:43.986006,user_0511,christopherreyes@ybl,fernandezricardo@oksbi,1928.17,5,f18cccdc-131e-4723-bbcd-f203459ee674,Kolkata,1715.43,0,0,632.44,none,0
T0016127,2026-01-09 16:03:08.060420,user_0408,novakbianca@ybl,qjones@ybl,288.07,9,771ad655-cdfc-4ee0-a61e-de900267deb3,Jaipur,473.01,0,1,1371.16,none,0
T0030825,2026-01-13 03:17:32.584037,user_0737,chelseywhite@paytm,bentongary@okhdfcbank,803.29,23,b076a7dc-fd0c-4433-8a5e-151b23d3cd4c,Pune,711.97,0,0,202.62,none,0
T0020937,2026-01-12 01:21:20.709292,user_0083,perrybrittany@oksbi,katherine53@paytm,496.03,18,03edd1f8-74f9-4d17-a912-b4bf86a4bae4,Bengaluru,563.8,0,0,432.14,none,0
T0047557,2026-01-27 06:03:57.702695,user_0650,zthompson@paytm,gordongreg@ibl,741.8,15,d65e59dd-e62d-4d06-8f9b-85581a7f195b,Mumbai,574.51,0,0,70.68,none,0
T0025686,2026-01-09 16:25:07.735032,user_0779,andersonkylie@ibl,douglas46@oksbi,2407.68,18,9c678393-2ced-4c0d-b173-04b5c1dd484a,Kolkata,2566.44,0,0,497.81,none,0
T0044329,2026-01-28 07:40:56.480608,user_0111,amy51@oksbi,jared25@paytm,1157.49,16,ef0a573d-53d2-456d-9040-158728e213bc,Kolkata,998.14,0,0,187.76,none,0
T0035942,2026-01-15 22:36:36.527128,user_0028,delacruzbrandy@ybl,albertjacobson@okhdfcbank,631.49,22,dc3f42e0-fcf7-4842-9edf-3bfad12e0eb5,Mumbai,505.96,0,0,780.05,none,0
T0025584,2026-01-12 11:55:51.275262,user_0322,foxrodney@okhdfcbank,xsanford@okhdfcbank,1152.16,9,8beb4e78-e683-43a3-bb82-b7963207343e,Jaipur,906.64,0,0,582.24,none,0
T0007765,2026-01-08 20:01:28.380486,user_0768,lori17@paytm,cynthiaarmstrong@ybl,1457.14,21,4fa03f26-f6f7-40cc-a9ec-8e49d1bdb8c0,Pune,1062.79,0,0,672.86,none,0
T0019049,2026-01-11 01:26:38.988420,user_0145,tammy00@paytm,bonnieanderson@oksbi,189.45,5,6601ddd0-3170-4437-a8f7-ef5a060edf5b,Lucknow,1012.92,0,0,85.57,none,0
T0044300,2026-01-20 11:40:07.418543,user_0640,sullivanjennifer@ybl,boydpaige@ibl,2051.69,20,8471b4b0-ae1b-4f69-b740-d83173318749,Jaipur,1466.02,0,0,628.68,none,0
T0059790,2026-01-28 15:17:41.700874,user_0136,gonzalezkaren@ibl,michael35@ybl,1727.19,23,1b84edc3-d8e0-49de-8217-ea0e896490ab,Mumbai,1451.93,0,0,94.51,none,0
T0046344,2026-01-28 16:23:58.973648,user_0117,owilliams@paytm,cheryl91@oksbi,58.65,10,75f8e3a8-7d97-4c0f-bd56-09c4a4461663,Ahmedabad,200.48,0,0,1443.33,none,0
T0034678,2026-01-16 17:26:52.971616,user_0187,wellsamanda@okhdfcbank,uhenry@okhdfcbank,516.22,11,310c0c00-3fa7-4104-9bf9-0e27dc96925e,Delhi,651.69,0,0,154.77,none,0
T0029159,2026-01-16 06:49:15.120065,user_0304,olsonjonathan@okhdfcbank,damon88@oksbi,544.04,23,61a66444-e2af-4629-9efb-336e2f546033,Jaipur,429.69,0,0,72.7,none,0
T0032371,2026-01-17 06:08:37.268453,user_0379,robertcastro@ibl,mary88@okhdfcbank,651.31,11,86e52753-7c93-46cc-97d7-a560adb14670,Mumbai,644.86,0,0,79.24,none,0
T0040108,2026-01-18 04:20:46.428367,user_0122,heatherthompson@paytm,alicia91@ybl,1186.03,16,7a3a6e96-23ff-43d3-bb4f-b88a2f4dd219,Lucknow,747.18,0,0,647.52,none,0
T0009788,2026-01-06 05:28:55.045077,user_0103,petersenlatoya@oksbi,bunderwood@paytm,168.34,14,0123a348-638a-4df6-adf7-2cd3979aa051,Chennai,398.27,0,0,173.99,none,0
T0056020,2026-01-28 21:15:59.163239,user_0577,alison83@ybl,marquezjocelyn@paytm,1467.69,17,edcabf94-65f6-4a53-9226-a8b3b674410d,Jaipur,1294.02,0,0,693.37,none,0
T0043575,2026-01-27 06:25:13.306470,user_0152,eugenesingleton@ibl,dlee@paytm,1270.66,20,956269f0-e5d7-4875-adad-d6c795a76d79,Bengaluru,1404.59,0,0,152.73,none,0
T0055322,2026-02-10 04:16:22.972796,user_0652,pmurphy@paytm,bacosta@okhdfcbank,622.93,10,4c6a70f4-8ede-444d-876c-f68c3f1be0d0,Mumbai,631.23,0,0,507.86,none,0
T0018325,2026-01-13 10:09:26.602987,user_0031,robert22@ibl,sandra59@paytm,586.7,17,1b0c62eb-27c8-4c6c-9be5-a4c395af6d0c,Hyderabad,536.93,0,0,1022.57,none,0
T0033981,2026-01-24 12:05:09.965699,user_0344,andrew15@ybl,tneal@oksbi,488.72,17,759cde66-bacf-43d0-8b1f-9163ce9ff57f,Kolkata,586.79,0,0,4.82,none,0
T0018755,2026-01-07 11:19:47.814928,user_0127,vmorrison@ibl,hudsonlance@ibl,870.0,12,f1043785-658b-4523-a014-1de9f54ad0a2,Mumbai,1018.74,0,0,301.26,none,0
T0009585,2026-01-06 04:24:24.237518,user_0422,lori85@ybl,hmoreno@okhdfcbank,621.68,16,2c3aacdc-aed5-4a46-8bde-005b5d8babd7,Pune,857.81,0,0,256.84,none,0
T0025483,2026-01-08 15:06:45.821254,user_0249,kdillon@okhdfcbank,travis43@okhdfcbank,1109.35,23,48998e5f-d40e-43ce-92a7-4a4144bed486,Jaipur,1426.21,0,0,89.89,none,0
T0027931,2026-01-18 07:04:43.956819,user_0175,elucas@okhdfcbank,owenstimothy@ybl,751.99,15,0997623a-e072-4d96-8a1a-81f5ed10f004,Ahmedabad,888.28,0,0,2206.52,none,0
T0002034,2026-01-01 02:16:40.840413,user_0079,ynelson@ibl,donaldbecker@ibl,873.51,12,5e717fca-020a-4497-b4ed-51458d9765c7,Lucknow,752.7,0,0,136.68,none,0
T0052048,2026-02-05 03:46:23.499693,user_0503,tcastro@oksbi,alyssa55@oksbi,4708.69,19,f7d7465d-37c3-43c9-a5d0-b51788d00abd,Delhi,3058.12,0,0,267.18,none,0
T0001701,2026-01-07 01:17:52.018213,user_0423,osmith@ybl,danastevens@ibl,1720.34,7,0964fbbf-8cd3-41b0-82b0-1cfdd045dd1c,Ahmedabad,1363.77,0,0,262.57,none,0
T0052990,2026-01-28 09:03:51.919466,user_0293,elizabeth69@okhdfcbank,kellycruz@paytm,758.28,4,1d0bc9bd-e9b5-45cf-9766-5cdafe049059,Hyderabad,1051.69,0,0,630.71,none,0
T0042163,2026-01-25 06:05:17.706161,user_0520,whitemary@oksbi,pgonzales@ibl,2971.9,14,2303f6c6-d69d-42f1-ae4c-84ffa8c01f05,Jaipur,2573.89,0,0,2135.04,none,0
T0024781,2026-01-12 19:06:17.274400,user_0036,whill@oksbi,xstevens@okhdfcbank,310.06,16,c28fa16b-0aa6-4cb9-81bc-be59d296a12d,Delhi,370.42,0,0,1894.46,none,0
T0054822,2026-02-03 05:48:16.944976,user_0146,james73@oksbi,cynthiacrawford@oksbi,1468.1,14,668409e3-f1f8-443e-a99f-131849c8a43f,Delhi,1271.12,0,0,1206.56,none,0
T0054862,2026-01-26 11:41:10.146458,user_0182,avilabrenda@ybl,bernard67@ybl,1466.68,13,7b85179a-d5b0-47e0-aa5d-932b45ff2c83,Jaipur,1240.2,0,0,993.43,none,0
T0030575,2026-01-17 23:43:55.265967,user_0388,brandonnichols@oksbi,nicholas21@ibl,1005.76,8,f5d8fb91-ee60-41ac-add0-622e266bf2ea,Jaipur,1325.98,0,0,939.74,none,0
T0050404,2026-01-29 16:27:33.933592,user_0149,shane12@paytm,beltranstephanie@okhdfcbank,127.42,12,787f2425-dbcc-4477-89e9-db0adf465290,Chennai,254.52,0,0,2160.06,none,0
T0028684,2026-01-17 14:14:48.306207,user_0320,wwhite@oksbi,timothy81@ybl,450.17,7,35ce8841-4973-4d6c-8dca-bfb7001a9a8b,Mumbai,762.39,0,0,1830.06,none,0
T0029224,2026-01-21 19:03:07.889240,user_0652,pmurphy@paytm,jeremy45@okhdfcbank,732.7,11,4c6a70f4-8ede-444d-876c-f68c3f1be0d0,Mumbai,631.23,0,1,1286.86,none,0
T0028682,2026-01-14 10:58:59.668387,user_0441,blackburnsusan@ibl,ijones@ibl,251.64,19,20156a72-12e1-43a6-932c-ae01d2c65ee4,Pune,466.35,0,0,9.46,none,0
T0046622,2026-01-31 21:57:45.428812,user_0101,fstewart@ibl,nroberts@ibl,982.01,10,5c70ee97-fca4-4567-8316-d2d6fa4a58ef,Chennai,953.35,0,0,727.71,none,0
T0013978,2026-01-10 03:28:20.207877,user_0311,staceyvega@ybl,jorge30@oksbi,824.28,21,aaf91531-0200-41f0-8768-a84fa76afde6,Lucknow,741.44,0,0,1327.85,none,0
T0026669,2026-01-16 03:26:28.809525,user_0449,umahoney@ybl,wilcoxerin@ibl,1881.1,20,a9ba5a27-907b-4e36-9786-48f864de82e6,Ahmedabad,983.01,0,0,460.21,none,0
T0055877,2026-02-12 12:41:59.369677,user_0098,andreagray@ybl,jeffjohnson@ibl,141.47,15,1a89b71e-a0d5-42c8-a837-fe68bba205ca,Bengaluru,329.38,0,0,288.95,none,0
T0025717,2026-01-12 01:26:32.478344,user_0419,llopez@okhdfcbank,jason40@ibl,298.97,20,9ca3fbb3-ff11-48ba-b6ee-1640723ef466,Hyderabad,328.32,0,1,433.21,none,0
T0023018,2026-01-10 19:24:17.825467,user_0728,millercassandra@oksbi,hammondjason@ybl,2.42,13,c7a26844-dc04-4145-a06d-db9bd0566bb7,Delhi,938.13,1,0,193.4,probing,1
T0030307,2026-01-25 12:57:34.836737,user_0437,dowen@okhdfcbank,jeanklein@oksbi,573.54,23,cb35097a-e5dd-48f1-88a7-38ab0df83e12,Pune,415.49,0,0,803.44,none,0
T0001412,2026-01-04 04:07:09.074471,user_0369,omills@ibl,wmason@paytm,330.67,9,f8ded777-bb1e-4ae8-97d8-21b8bb93cd40,Mumbai,246.59,0,0,419.66,none,0
T0009839,2026-01-04 13:35:48.377322,user_0449,umahoney@ybl,laurapowers@ibl,647.68,5,a9ba5a27-907b-4e36-9786-48f864de82e6,Ahmedabad,983.01,0,0,227.23,none,0
T0004761,2026-01-03 19:28:24.052042,user_0651,georgegina@ybl,jeanking@paytm,2158.33,9,74962764-12a4-4ef0-84bb-b7a9d98868dd,Pune,1709.3,0,0,241.05,none,0
T0057307,2026-02-04 10:26:05.647812,user_0187,wellsamanda@okhdfcbank,martinezjennifer@oksbi,328.46,19,310c0c00-3fa7-4104-9bf9-0e27dc96925e,Delhi,651.69,0,0,877.66,none,0
T0053348,2026-01-27 05:01:23.766123,user_0275,jwhite@oksbi,alec09@paytm,303.44,23,9191b363-4e2d-4645-adc7-cac7fd72b050,Pune,200.41,0,0,23.24,none,0
T0058403,2026-02-04 22:10:01.339368,user_0033,tthomas@okhdfcbank,melissamontgomery@okhdfcbank,1348.62,6,67ce378f-e5a4-483b-a383-889adb2c6ac8,Kolkata,1085.05,0,0,343.29,none,0
T0046276,2026-01-31 23:36:43.440594,user_0762,ibentley@okhdfcbank,jeffreyromero@paytm,1356.28,10,42378962-e4fd-4c34-9670-7a2129dc073e,Lucknow,1190.56,0,0,675.5,none,0
T0020138,2026-01-09 13:13:36.192935,user_0693,sotobelinda@paytm,amandabrown@oksbi,816.27,18,5fa5e0aa-9b11-4530-bd24-7c11bf6b8cdf,Pune,739.55,0,1,354.22,none,0
T0042000,2026-01-25 04:40:49.790080,user_0161,mark43@okhdfcbank,haynesrobert@okhdfcbank,274.43,12,eb93f78c-620a-4158-9d2d-904f78c59073,Pune,216.11,0,0,692.09,none,0
T0037831,2026-01-24 05:40:43.450556,user_0357,jessicastanley@ybl,stephanie35@okhdfcbank,773.46,13,42378962-e4fd-4c34-9670-7a2129dc073e,Bengaluru,990.97,0,0,552.59,none,0
T0007874,2026-01-03 21:50:51.093593,user_0357,jessicastanley@ybl,paul74@oksbi,1091.39,10,42378962-e4fd-4c34-9670-7a2129dc073e,Bengaluru,990.97,0,0,613.36,none,0
T0000239,2026-01-02 07:25:08.778452,user_0174,harrismaria@ybl,henrynicholas@ybl,194.94,14,8d536c75-65b9-4e94-8e6d-e263635a775d,Kolkata,1297.48,0,0,1885.15,none,0
T0030932,2026-01-20 01:09:50.783867,user_0369,omills@ibl,rwilkinson@ybl,353.76,12,f8ded777-bb1e-4ae8-97d8-21b8bb93cd40,Mumbai,246.59,0,0,593.06,none,0
T0020922,2026-01-11 18:06:50.333313,user_0154,billmcfarland@oksbi,ryan29@paytm,269.83,16,5c9deee0-b42a-4456-8736-5a84725e134d,Mumbai,413.93,0,0,759.98,none,0
T0029068,2026-01-15 15:37:46.541494,user_0007,erica96@ybl,daviskayla@ybl,1014.97,3,177d6e7e-07d9-44ce-b8c8-8faea2178f84,Kolkata,1037.93,0,0,229.44,none,0
T0049452,2026-01-27 14:17:57.882783,user_0083,perrybrittany@oksbi,richard98@ibl,424.03,12,03edd1f8-74f9-4d17-a912-b4bf86a4bae4,Mumbai,563.8,0,1,192.03,none,0
T0034360,2026-01-17 17:58:47.330515,user_0674,dhanson@oksbi,adamsjacob@paytm,187.35,9,d56ce8ea-1959-4b5a-a7a8-f6366a35df59,Delhi,327.13,0,0,361.27,none,0
T0020272,2026-01-13 13:00:45.947807,user_0473,walkerkeith@ibl,rbenton@okhdfcbank,714.1,7,9adf4709-ac75-4344-a08e-149e44b9e602,Kolkata,581.48,0,1,1195.73,none,0
T0037359,2026-01-25 21:10:04.356226,user_0677,kjacobs@oksbi,april79@ibl,345.12,18,5f987c71-a65e-488e-abf3-ad39fec21bbe,Jaipur,237.82,0,0,303.31,none,0
T0004011,2026-01-04 11:42:22.780938,user_0005,wwoodard@ibl,patrick90@ibl,1146.36,15,55c551fc-fba5-4cc8-adaf-37661b780ede,Jaipur,1196.68,0,0,383.12,none,0
T0004967,2026-01-06 01:12:26.128340,user_0541,cterrell@paytm,nathannorman@ybl,769.29,11,5c11ab6d-42f5-43f5-8ef4-c34d5bf86f3c,Ahmedabad,599.69,0,0,566.39,none,0
T0054832,2026-01-26 12:12:45.189495,user_0023,jessica82@paytm,clinton44@paytm,1107.03,22,1e38f711-e2ec-43f4-bba1-aed944cdbfdd,Pune,823.58,0,0,334.86,none,0
T0047981,2026-02-02 09:41:53.106696,user_0480,johnadams@ybl,ttyler@ibl,1000.31,16,822c4d32-6c64-4c15-aba3-01cba561e1e9,Kolkata,934.28,0,1,39.07,none,0
T0058466,2026-02-04 16:25:50.617302,user_0154,billmcfarland@oksbi,vlarson@oksbi,265.04,8,5c9deee0-b42a-4456-8736-5a84725e134d,Mumbai,413.93,0,0,707.01,none,0
T0016587,2026-01-11 15:37:38.372824,user_0679,robert89@ibl,mlong@oksbi,664.19,7,15669e36-4708-403b-a716-10c19db54283,Pune,839.11,0,0,2.2,none,0
T0010337,2026-01-07 15:26:17.567206,user_0493,ana92@ibl,wtran@ybl,378.02,18,b7b8c1a5-9a45-493d-b227-890e4e76833a,Hyderabad,447.65,0,0,770.4,none,0
T0024663,2026-01-18 10:59:35.147612,user_0710,vturner@ybl,dustinschwartz@ibl,711.13,8,eb6c1016-cee6-44d0-9dac-6e8345241ea6,Ahmedabad,957.3,0,0,332.68,none,0
T0032402,2026-01-23 12:51:18.160462,user_0503,tcastro@oksbi,qvillarreal@ibl,4332.79,21,f7d7465d-37c3-43c9-a5d0-b51788d00abd,Delhi,3058.12,0,0,1548.9,none,0
T0019707,2026-01-11 16:11:06.903904,user_0060,cindy26@ybl,wrussell@okhdfcbank,150.29,7,e00da49d-effa-4002-b040-413c4690fb15,Ahmedabad,220.34,0,1,118.65,none,0
T0059718,2026-02-01 18:49:26.890928,user_0361,garciachristine@ybl,wchavez@ibl,739.49,13,cfd7f3b9-c68f-4ba5-9e0d-02b5fe7402cd,Bengaluru,653.8,0,0,1029.91,none,0
T0025287,2026-01-12 16:46:41.563625,user_0514,shane23@ibl,johnsonpatricia@oksbi,1025.88,12,8cc36f3b-c3af-4cfe-b34a-6ca38116e3fc,Kolkata,795.34,0,0,1905.95,none,0
T0023795,2026-01-11 17:27:02.740352,user_0535,fcamacho@okhdfcbank,ricardoparker@paytm,970.56,18,c4615234-8044-4eb2-b66e-dbf4a0ea0251,Pune,1153.44,0,0,877.96,none,0
T0038592,2026-01-17 18:52:43.710317,user_0461,duncanashley@ibl,michele70@okhdfcbank,327.0,19,0cb5ee5c-62f5-47c2-8706-fec248fa4e98,Pune,353.19,0,0,66.6,none,0
T0034756,2026-01-24 17:08:09.415405,user_0677,kjacobs@oksbi,bradleymendoza@paytm,84.09,8,5f987c71-a65e-488e-abf3-ad39fec21bbe,Jaipur,237.82,0,0,163.36,none,0
T0021474,2026-01-12 18:14:11.626151,user_0629,tjensen@okhdfcbank,gatesjeremy@ibl,1061.33,11,58c1aad6-f3f8-4ea4-bf14-eafa29f0ef7c,Chennai,912.08,0,0,403.74,none,0
T0030666,2026-01-14 06:42:02.116227,user_0181,nicholsdarlene@okhdfcbank,christine50@ybl,669.49,12,a981b098-b2cf-452d-a7f3-33b3f7baf55e,Mumbai,617.61,0,0,456.13,none,0
T0042579,2026-01-24 14:06:31.167040,user_0214,hessbeth@ybl,gabriel59@okhdfcbank,899.53,1,439e754c-6930-46ea-a0bd-a1ee5807cf74,Lucknow,839.21,0,0,434.97,none,0
T0007196,2026-01-04 08:45:03.414139,user_0105,xclements@ibl,stevenschultz@oksbi,889.22,13,ec8be537-58ab-4778-943b-45e3b6d1f6bb,Ahmedabad,908.81,0,1,492.94,none,0
T0015558,2026-01-12 14:34:08.753902,user_0014,trujilloleah@oksbi,christophercruz@okhdfcbank,616.75,16,c7cfeca8-22b9-424c-a744-3fb881bd55d5,Hyderabad,473.21,0,0,1563.94,none,0
T0022388,2026-01-13 00:31:23.184494,user_0717,matthew41@paytm,karengordon@paytm,489.44,14,48603b32-b4fb-4eb9-89c1-3de73b4206c5,Jaipur,566.26,0,0,429.39,none,0
T0033586,2026-01-18 02:20:55.620917,user_0374,mauriceharrison@ybl,gonzalezjillian@oksbi,1830.15,8,0f1259e0-a18f-46b6-b535-106e122c9a56,Jaipur,1484.05,0,0,145.7,none,0
T0032433,2026-01-19 14:19:45.985508,user_0214,hessbeth@ybl,anthony98@okhdfcbank,703.56,16,439e754c-6930-46ea-a0bd-a1ee5807cf74,Lucknow,839.21,0,0,46.28,none,0
T0042604,2026-01-24 01:49:26.837163,user_0724,jeffrey44@ibl,melissa11@ybl,98.58,17,b4323070-a23d-4c2f-82a7-96891933918c,Mumbai,387.58,0,0,19.75,none,0
T0024948,2026-01-14 18:22:31.614730,user_0573,sarah14@ibl,pcraig@oksbi,2099.71,8,5bb8b9c8-8932-49f3-9ee8-9a4c681134e2,Kolkata,1731.83,0,0,11.17,none,0
T0033371,2026-01-16 04:07:57.725747,user_0678,pbradford@ybl,jacobsadam@ibl,1439.41,22,6d3ee1dc-8139-4443-a45b-712eb8225688,Jaipur,970.98,0,0,610.14,none,0
T0053442,2026-01-26 09:52:53.033293,user_0096,waltonmalik@ybl,katherineperez@ybl,1273.56,23,6e8f75a1-17dd-4d81-95da-705cd4ef00aa,Kolkata,2218.83,0,0,568.68,none,0
T0017255,2026-01-06 16:55:16.170213,user_0497,marshallsierra@oksbi,marybeasley@ibl,930.7,16,07b4de42-61d0-4f4f-a470-7bde966af76f,Hyderabad,629.4,1,1,24.18,geo_jump,1
T0037661,2026-01-21 03:58:00.539113,user_0689,vberry@oksbi,zsmith@paytm,312.47,16,822c4d32-6c64-4c15-aba3-01cba561e1e9,Ahmedabad,371.65,0,0,60.04,none,0
T0042395,2026-01-25 00:06:21.430497,user_0451,charlene98@oksbi,andrewfowler@oksbi,773.78,14,5e717fca-020a-4497-b4ed-51458d9765c7,Mumbai,829.77,0,0,143.71,none,0
T0024406,2026-01-17 15:13:05.055777,user_0538,zcortez@oksbi,marvinmartinez@oksbi,1236.55,12,69fb0763-8a9c-46f7-8ee4-e5125802b640,Ahmedabad,1111.95,0,0,1131.92,none,0
T0001314,2026-01-01 14:58:25.844334,user_0078,ian66@oksbi,wsmith@okhdfcbank,103.33,21,98dc9e0b-51a1-45df-86ac-10102e0869c1,Delhi,193.73,0,0,766.89,none,0
T0031148,2026-01-13 05:05:30.044931,user_0186,qfoster@ibl,paulwilson@paytm,783.42,11,ef69a980-5ad4-49ef-a36f-a890cc21cbdb,Chennai,898.47,0,0,37.37,none,0
T0021185,2026-01-12 09:27:56.434498,user_0573,sarah14@ibl,megan77@ibl,2348.28,20,bc2cbb0d-dd33-4cc7-ab7f-089acd5f4822,Kolkata,1731.83,0,0,650.53,none,0
T0040604,2026-01-24 10:32:27.397094,user_0264,brianna91@paytm,orodriguez@paytm,300.84,16,a2a9d4d8-102e-4de5-a5cc-8bf738ab854c,Ahmedabad,385.33,0,0,749.34,none,0
T0042310,2026-01-21 11:59:32.494203,user_0268,lanedavid@ybl,joseph96@ibl,205.7,10,32f8dbab-b462-43e8-9c41-8a83eb04159c,Lucknow,735.04,0,0,428.71,none,0
T0024022,2026-01-10 08:30:43.822045,user_0693,sotobelinda@paytm,walkerstephanie@oksbi,871.99,17,5fa5e0aa-9b11-4530-bd24-7c11bf6b8cdf,Pune,739.55,0,1,20.5,none,0
T0001124,2026-01-02 07:29:38.997336,user_0296,michael43@ybl,baileytaylor@okhdfcbank,771.46,13,f7eae66e-ca6c-4f9b-8969-71018b2c550a,Bengaluru,742.04,0,0,861.62,none,0
T0036282,2026-01-25 20:27:30.309070,user_0099,christianwallace@ybl,yromero@ybl,1551.02,15,bda3c162-3a78-464a-9d86-80cbb90800f3,Bengaluru,1211.31,0,0,613.71,none,0
T0052656,2026-01-27 02:03:20.477802,user_0223,jillwebb@ibl,morenomarcus@ibl,586.54,8,a14923c2-f920-464c-8763-fcd01f15c7b6,Ahmedabad,480.36,0,0,378.7,none,0
T0019093,2026-01-09 23:53:08.684775,user_0630,lisa81@ibl,gavinmoss@okhdfcbank,2947.89,15,4cc9f5f2-e42e-4037-8a55-2ea08acbbe09,Mumbai,2481.13,0,0,391.22,none,0
T0047455,2026-01-31 00:48:33.622480,user_0655,yschmidt@paytm,richard61@ybl,351.09,17,f296d9f0-cd23-42c2-abff-e17b532401fc,Pune,367.97,0,0,316.93,none,0
T0057212,2026-01-24 20:30:56.142493,user_0068,conleyelizabeth@ybl,klong@okhdfcbank,664.65,13,47a2a10b-b62e-4b49-a472-96a4ff38b918,Lucknow,748.26,0,0,21.08,none,0
T0030308,2026-01-22 14:01:40.093569,user_0099,christianwallace@ybl,ashleybrooks@paytm,1915.3,16,bda3c162-3a78-464a-9d86-80cbb90800f3,Bengaluru,1211.31,0,0,1026.62,none,0
T0037978,2026-01-20 14:24:26.424289,user_0424,bgross@ybl,vatkinson@ybl,219.8,15,6f887f28-3e49-4d09-9b19-d8b8d8302081,Mumbai,146.3,0,0,317.1,none,0
T0013578,2026-01-10 22:47:50.739465,user_0146,james73@oksbi,vargasjennifer@ybl,1267.54,14,dd59ba71-36b8-4481-bb3a-4e3e7c52fa17,Delhi,1271.12,0,0,197.57,none,0
T0029611,2026-01-14 04:25:19.526258,user_0347,emily77@ybl,carloskrueger@ibl,410.91,10,f5141058-3138-4975-bbf3-3a349c2dfa97,Hyderabad,344.85,0,0,352.55,none,0
T0057448,2026-01-23 04:45:00.350388,user_0723,foxgina@paytm,murphycameron@oksbi,1174.0,16,09cb3942-43f5-4a85-bbc9-f87af668a617,Chennai,1342.79,0,0,138.13,none,0
T0002142,2026-01-02 03:04:13.876955,user_0731,kenneth17@oksbi,codykelly@okhdfcbank,774.93,15,30e912f2-f2b4-4abf-8441-aefd0299436a,Delhi,666.89,0,1,982.64,none,0
T0016752,2026-01-13 14:51:36.435767,user_0201,michael31@paytm,ycharles@oksbi,722.21,22,9a1de644-815e-46d1-bb8f-aa1837f8a88b,Mumbai,843.82,0,0,2259.08,none,0
T0010425,2026-01-03 10:22:32.337495,user_0739,probinson@ibl,gibsonanthony@okhdfcbank,1558.26,14,25637cc3-ca97-4bf5-95d5-96afa663d2cd,Pune,1234.4,0,0,326.48,none,0
T0053503,2026-01-27 08:25:09.507243,user_0779,andersonkylie@ibl,timothymercer@ybl,2452.37,16,9c678393-2ced-4c0d-b173-04b5c1dd484a,Kolkata,2566.44,0,0,262.98,none,0
T0046776,2026-01-30 08:11:19.390512,user_0600,carl24@ybl,marc12@ibl,232.25,7,5304317f-af42-412f-b838-b3268e944239,Pune,189.0,0,0,676.14,none,0
T0036256,2026-01-21 22:15:44.329489,user_0595,brewertimothy@okhdfcbank,thamilton@okhdfcbank,503.46,2,331f63fb-d11f-48c0-a97c-a4fff75d599f,Chennai,839.42,0,0,178.29,none,0
T0051145,2026-01-30 12:20:33.297160,user_0645,jared96@ibl,tlee@okhdfcbank,893.54,12,71299889-a01a-4992-bf9d-3e64c1a6423b,Jaipur,901.26,0,0,2723.62,none,0
T0053206,2026-01-23 00:54:14.879979,user_0372,robert24@okhdfcbank,martindiana@oksbi,754.25,8,bf337a15-1e08-4f20-bdd1-51b0f64ab6ec,Pune,689.02,0,0,35.37,none,0
T0046026,2026-01-25 07:47:47.456372,user_0574,miguel61@ybl,derekrodgers@ybl,1201.1,20,d5f25073-f414-42b1-a442-9ebbda7b9095,Delhi,1317.21,0,0,362.74,none,0
T0042684,2026-01-18 21:09:30.601838,user_0193,jason53@ybl,staceyjames@okhdfcbank,449.97,19,b8a6171f-1ee3-4dc4-bb04-8a8b405bfdc9,Mumbai,352.38,0,0,941.29,none,0
T0044826,2026-01-17 01:32:26.369445,user_0784,douglasnelson@okhdfcbank,fstone@ybl,544.95,23,7387928a-29a3-4b6d-b9bf-ca38afe9be90,Delhi,424.36,0,0,409.34,none,0
T0007688,2026-01-04 02:14:53.731081,user_0414,tonystewart@ybl,moorekaren@ibl,888.35,7,52961fb3-4d40-4b28-9628-ddcd19dd3e8c,Lucknow,808.85,0,0,604.75,none,0
T0001930,2026-01-01 09:05:58.157962,user_0504,williamssandra@ibl,ldavid@oksbi,342.2,9,0426fcc9-255b-40e2-bdc2-b74b38a56b49,Lucknow,478.39,0,0,332.03,none,0
T0026689,2026-01-14 15:32:58.490870,user_0279,craigromero@okhdfcbank,beltransusan@oksbi,342.66,10,9d264599-c4dd-4df5-9aec-56a857311609,Hyderabad,652.77,0,0,1132.04,none,0
T0014796,2026-01-11 04:28:01.171446,user_0335,angelachase@oksbi,hughesmarc@ybl,1095.66,12,1a432f0a-7daa-49f0-80b6-fce2de53790a,Ahmedabad,1498.89,0,0,183.08,none,0
T0018245,2026-01-08 09:46:17.621938,user_0522,tali@oksbi,riossusan@okhdfcbank,1314.18,15,5b6a8102-0428-4378-bf50-23f440ef3935,Pune,1908.09,0,0,180.49,none,0
T0009249,2026-01-05 10:42:51.562841,user_0094,smithsarah@ybl,pbrooks@ybl,1357.1,16,9c2e58de-ea4e-4617-93f8-382b8fb864e4,Kolkata,879.75,0,0,1542.35,none,0
T0052824,2026-01-25 03:55:18.689719,user_0036,whill@oksbi,myersdustin@paytm,373.44,13,c28fa16b-0aa6-4cb9-81bc-be59d296a12d,Delhi,370.42,0,0,482.57,none,0
T0011330,2026-01-11 13:07:58.288119,user_0130,glenda22@ybl,skelly@ybl,1146.08,13,6511e61a-1436-45f5-8c81-926079ec533c,Ahmedabad,1112.79,0,0,332.4,none,0
T0034681,2026-01-19 17:38:45.255900,user_0416,norrismichael@okhdfcbank,justinsalinas@okhdfcbank,467.82,17,7c16128d-b2c0-4394-a17f-29e170286046,Bengaluru,474.98,0,0,7.71,none,0
T0018395,2026-01-09 19:38:19.502934,user_0565,mramos@paytm,rwilson@okhdfcbank,330.0,15,4fa03f26-f6f7-40cc-a9ec-8e49d1bdb8c0,Hyderabad,608.95,0,0,642.07,none,0
T0013015,2026-01-05 16:46:54.905682,user_0508,garrettnatasha@ibl,savannaherickson@paytm,1158.13,15,1e38f711-e2ec-43f4-bba1-aed944cdbfdd,Lucknow,1468.73,0,0,225.98,none,0
T0018783,2026-01-10 03:35:41.269308,user_0154,billmcfarland@oksbi,larsonjessica@paytm,193.14,6,5c9deee0-b42a-4456-8736-5a84725e134d,Mumbai,413.93,0,0,2152.52,none,0
T0022350,2026-01-14 09:51:05.570562,user_0657,kevin46@paytm,adam89@oksbi,206.83,16,370b9a29-0a53-4df9-9a72-083cb266986c,Bengaluru,240.26,0,0,320.95,none,0
T0054211,2026-01-31 02:10:06.628839,user_0143,heather06@paytm,campbelljohn@paytm,352.13,9,2e9ce8ff-084a-4c4b-9146-8cdcf7164b73,Pune,385.44,0,0,906.26,none,0
T0007628,2026-01-04 10:21:26.454295,user_0331,xhaynes@oksbi,tanyabennett@okhdfcbank,710.53,9,6dda4f8d-cea6-4f4c-b9e5-8ff092f837d4,Hyderabad,2011.17,0,0,228.1,none,0
T0039026,2026-01-21 10:30:53.502258,user_0346,tiffanymitchell@okhdfcbank,pamela15@oksbi,1132.64,18,e76adca9-7811-4802-88cc-7cfecf01f944,Chennai,1188.96,0,0,296.98,none,0
T0014766,2026-01-09 04:34:16.376281,user_0666,thomaslopez@ibl,fduncan@paytm,1292.45,5,31274148-7c7c-404e-8422-d03ef29a6339,Delhi,1190.39,0,0,1578.88,none,0
T0040696,2026-01-14 23:10:16.884637,user_0761,sullivanjason@ibl,isilva@ibl,1083.44,16,34885a46-9088-4eaf-8977-6598203c8c25,Chennai,1037.19,0,0,897.74,none,0
T0039526,2026-01-17 14:25:25.140136,user_0622,clarkmichael@ibl,washingtonteresa@oksbi,1007.07,10,29a3b2e9-5d65-4441-9588-42dea2bc372f,Hyderabad,1402.78,0,0,17.57,none,0
T0011151,2026-01-08 07:23:05.770023,user_0151,pattersonangela@okhdfcbank,jessicamatthews@ibl,2633.87,15,f2f5b176-2c41-4bd3-b2f4-44abc1d71f4a,Mumbai,2522.69,0,0,461.22,none,0
T0003637,2026-01-04 11:58:54.236516,user_0549,phillipmorris@oksbi,pachecobrittney@okhdfcbank,1186.69,23,d61169a1-ff46-46bf-894d-916deb6d2fed,Kolkata,823.39,0,0,886.76,none,0
T0056230,2026-01-29 21:06:30.886876,user_0508,garrettnatasha@ibl,vasquezerik@paytm,742.29,12,4140752c-aa44-4259-9001-8b7b6d4067f4,Lucknow,1468.73,0,0,2447.99,none,0
T0033957,2026-01-21 10:32:47.515059,user_0109,wwilson@oksbi,mitchellrhonda@ibl,460.0,23,1519830c-4019-4303-9c45-7e4da79313b8,Mumbai,364.77,0,0,1160.87,none,0
T0019063,2026-01-11 06:06:42.104767,user_0706,kbarber@ybl,rallen@ibl,198.77,13,9ca3fbb3-ff11-48ba-b6ee-1640723ef466,Mumbai,192.76,0,0,702.92,none,0
T0039253,2026-01-19 17:37:27.993895,user_0321,raymond92@ibl,wcunningham@ibl,530.42,18,97154633-9d4e-4b71-ab2e-c80e4c255823,Delhi,639.46,0,0,194.01,none,0
T0048746,2026-01-24 18:35:33.157733,user_0423,osmith@ybl,johnjohnson@oksbi,1432.03,15,0964fbbf-8cd3-41b0-82b0-1cfdd045dd1c,Ahmedabad,1363.77,0,0,8.06,none,0
T0019833,2026-01-12 06:02:12.647077,user_0274,jarnold@ibl,stonejose@oksbi,476.41,13,4fa03f26-f6f7-40cc-a9ec-8e49d1bdb8c0,Delhi,461.33,0,0,1070.95,none,0
T0030495,2026-01-18 09:46:15.028072,user_0327,nguyenchloe@ibl,stephanie11@oksbi,640.79,16,c1b5b5ca-bc35-46df-94f7-9dbac5811d2d,Bengaluru,562.08,0,0,220.1,none,0
T0059739,2026-02-05 17:19:01.267746,user_0605,crawfordjohn@ibl,rnielsen@okhdfcbank,560.43,18,cc1b4157-ec9f-4c54-9e0a-72ab7f5db163,Chennai,703.56,0,0,2370.86,none,0
T0039386,2026-01-20 11:27:43.329162,user_0223,jillwebb@ibl,andrew06@ibl,387.55,10,504867ba-bf7b-439b-8f9a-ea4b8acd4e10,Ahmedabad,480.36,0,0,5.86,none,0
T0011840,2026-01-06 15:01:44.519545,user_0289,james98@ibl,turnerjacqueline@okhdfcbank,334.53,15,97777f10-f2d2-493f-8e85-140d0f9aeb70,Kolkata,311.68,0,0,881.76,none,0
T0017053,2026-01-09 06:44:09.944204,user_0115,ylewis@ibl,stephanie85@ibl,425.64,9,43ad3d62-b17c-4b21-8dbc-2c1ca4afe7bd,Chennai,679.76,0,0,115.08,none,0
T0017530,2026-01-12 05:55:31.369089,user_0399,joanjohnson@ybl,haroldhumphrey@ibl,624.66,14,6601ddd0-3170-4437-a8f7-ef5a060edf5b,Mumbai,569.25,0,0,759.18,none,0
T0030788,2026-01-19 23:25:17.536086,user_0391,christophersmith@oksbi,petercarr@ibl,278.85,19,dd2467ac-778e-4db3-a93d-ffbc6c6fa611,Kolkata,287.08,0,1,245.74,none,0
T0017463,2026-01-07 08:56:41.421479,user_0096,waltonmalik@ybl,shayes@ybl,2074.12,14,6e8f75a1-17dd-4d81-95da-705cd4ef00aa,Kolkata,2218.83,0,0,709.1,none,0
T0012371,2026-01-10 07:56:16.501324,user_0777,xjackson@paytm,kevin33@okhdfcbank,990.39,21,e1fdc6d1-6978-4221-bfb7-5c574b8c031f,Mumbai,1131.6,0,0,1550.0,none,0
T0011326,2026-01-06 09:26:15.874904,user_0329,thomas95@ibl,hawkinssusan@ybl,258.09,9,ad05b912-5ab2-4d4a-8bd8-8fcd57a2be4e,Lucknow,319.84,0,0,94.2,none,0
T0007810,2026-01-06 10:14:33.295430,user_0533,stephanie33@paytm,xcarter@oksbi,84.14,6,4926ce5f-7878-4140-ac2a-4f71a77d95f1,Hyderabad,213.64,0,0,289.88,none,0
T0041646,2026-01-19 02:04:17.089031,user_0091,pstanley@okhdfcbank,annette79@ibl,1179.92,5,a3b442bd-4649-4296-af58-42c3ff86cc31,Hyderabad,882.09,0,0,647.14,none,0
T0016750,2026-01-07 13:43:51.489046,user_0686,suttonamber@ybl,reedconnie@paytm,486.64,7,702f31e5-62cc-4604-8c53-644b0053f649,Mumbai,419.05,0,0,1488.78,none,0
T0001446,2026-01-01 10:42:43.232222,user_0385,derrickrodriguez@ybl,douglascharles@okhdfcbank,114.77,10,5230dfbd-5553-42fe-a889-803e5913f9d3,Pune,116.88,0,0,134.31,none,0
T0047364,2026-02-02 09:45:51.911241,user_0198,enewman@ybl,andersongrace@okhdfcbank,812.16,13,439e754c-6930-46ea-a0bd-a1ee5807cf74,Hyderabad,851.34,0,0,1308.81,none,0
T0048681,2026-01-31 22:46:17.480424,user_0071,dawn74@ybl,bcain@ybl,1378.54,18,98eeac2b-fe9f-4caa-a182-f347533f5a72,Kolkata,884.82,0,0,2066.38,none,0
T0052901,2026-01-31 18:50:17.751954,user_0703,tracey29@oksbi,rreed@okhdfcbank,1165.27,17,ebd34616-91b7-4d8e-9301-6989bfbbb17f,Pune,734.42,0,0,132.79,none,0
T0041243,2026-01-29 11:19:13.663279,user_0140,lisa19@ibl,salazarcassie@oksbi,325.46,11,907276ea-44c0-4a9a-964a-cb1f39eb038a,Kolkata,433.62,0,0,447.25,none,0
T0008812,2026-01-04 14:52:07.123250,user_0023,jessica82@paytm,xsantiago@oksbi,872.55,5,1e38f711-e2ec-43f4-bba1-aed944cdbfdd,Pune,823.58,0,0,120.13,none,0
T0059534,2026-02-07 05:55:23.870847,user_0378,laurakelley@oksbi,qgarner@ybl,1020.76,8,aaf91531-0200-41f0-8768-a84fa76afde6,Hyderabad,824.28,0,0,376.26,none,0
T0024243,2026-01-08 01:59:19.594146,user_0517,russellstout@paytm,christinesimon@paytm,808.15,15,f6e39356-a814-4562-9a00-3f16b9469bcf,Ahmedabad,820.3,0,0,1844.11,none,0
T0032118,2026-01-22 21:20:25.744746,user_0009,anna99@oksbi,zlopez@ibl,153.8,11,b12b6680-7f07-4cb9-afd3-40c0f945f2fd,Kolkata,136.37,0,0,374.35,none,0
T0019760,2026-01-09 16:10:51.625768,user_0286,jennifer90@ybl,ymueller@ibl,1115.3,10,c51155ff-e7a3-4e81-a3b4-c08b6b8e869f,Chennai,1283.45,0,0,338.36,none,0
T0001430,2026-01-02 09:12:37.706398,user_0784,douglasnelson@okhdfcbank,josephwilliams@ibl,563.4,6,7387928a-29a3-4b6d-b9bf-ca38afe9be90,Delhi,424.36,0,0,11.76,none,0
T0042374,2026-01-26 02:21:15.564056,user_0330,ivan63@oksbi,deanadrian@ibl,1152.68,13,b390b059-207b-4e21-a7e8-d18eddf6d4ac,Lucknow,726.22,0,0,532.75,none,0
T0010111,2026-01-02 09:24:04.452284,user_0495,scottbrian@ibl,whitetodd@paytm,1081.29,5,1519830c-4019-4303-9c45-7e4da79313b8,Ahmedabad,875.45,0,0,41.73,none,0
T0018804,2026-01-10 06:44:44.538666,user_0115,ylewis@ibl,eric05@ibl,548.62,20,43ad3d62-b17c-4b21-8dbc-2c1ca4afe7bd,Chennai,679.76,0,0,1336.01,none,0
T0044092,2026-01-19 06:54:46.754319,user_0068,conleyelizabeth@ybl,zsanchez@ibl,830.42,8,47a2a10b-b62e-4b49-a472-96a4ff38b918,Lucknow,748.26,0,0,244.84,none,0
T0024399,2026-01-13 21:08:00.119092,user_0494,bennettrebecca@ibl,joseph84@ybl,254.1,15,84a2576c-1fc9-45f8-94d6-07350e2f8958,Chennai,535.83,0,0,130.34,none,0
T0045645,2026-01-25 03:12:00.835415,user_0641,nguyendebra@okhdfcbank,james17@okhdfcbank,1767.79,6,37bb3eec-4bf5-4b52-b09d-258c27a0c3d7,Mumbai,1536.71,0,0,353.97,none,0
T0022678,2026-01-12 02:48:56.470744,user_0547,cgallegos@paytm,patricia47@okhdfcbank,736.53,18,eb6c1016-cee6-44d0-9dac-6e8345241ea6,Mumbai,1106.69,0,0,168.7,none,0
T0029327,2026-01-13 21:25:16.307625,user_0254,nicholasanderson@paytm,daniellestokes@okhdfcbank,266.56,17,2c33350c-73b9-41d8-92f5-131ada52d2ee,Chennai,227.78,0,0,1321.63,none,0
T0016561,2026-01-12 11:23:33.251637,user_0152,eugenesingleton@ibl,wilsondenise@ybl,1814.88,19,956269f0-e5d7-4875-adad-d6c795a76d79,Bengaluru,1404.59,0,0,117.65,none,0
T0004607,2026-01-01 21:51:21.290731,user_0155,ayalacolleen@ibl,zwolfe@okhdfcbank,1281.71,10,2b1ac76c-89ec-4c51-98cb-aa5247f53019,Pune,973.12,0,0,7.93,none,0
T0059954,2026-02-08 08:38:31.564967,user_0211,wilkinsonmichele@ibl,aprilcasey@okhdfcbank,401.44,8,86cac6f4-e238-4e93-bd17-c5e8d5ca69ab,Jaipur,374.23,0,1,1893.29,none,0
T0016623,2026-01-10 19:24:26.350653,user_0606,tgallegos@paytm,jessica34@oksbi,968.82,17,f5b78cc7-e6b3-4944-8b32-3e357922bac2,Ahmedabad,1524.14,0,0,1186.95,none,0
T0007052,2026-01-06 00:17:28.066813,user_0277,kim62@ybl,duranglenda@okhdfcbank,1178.91,14,7701f7bb-7bc6-4e1f-864e-e6e389c5b31a,Mumbai,1060.92,0,0,959.4,none,0
T0010076,2026-01-07 19:13:53.686661,user_0677,kjacobs@oksbi,xestrada@ibl,175.04,4,8e969227-72e7-4b51-ae54-ac6d2ff8e87e,Jaipur,237.82,0,0,498.74,none,0
T0000287,2026-01-01 02:35:47.319755,user_0069,stacychan@ybl,cookjimmy@paytm,1855.39,17,8ed8a80d-84cf-4e39-bf31-c29f82bbad84,Kolkata,2969.2,0,0,155.79,none,0
T0058361,2026-02-01 23:32:19.219044,user_0292,sheakimberly@oksbi,saundersjeff@ybl,332.9,8,8de1596c-5a9a-406a-96f1-42a206b919aa,Mumbai,223.86,0,1,213.81,none,0
T0039040,2026-01-23 17:36:06.737517,user_0469,torresblake@ibl,robert92@ibl,1894.74,13,44007d5a-e88d-4719-a624-2b40a5cb63a2,Lucknow,1741.41,0,0,48.98,none,0
T0000410,2026-01-01 02:17:07.930994,user_0194,gwhitehead@ybl,ryanlong@ybl,264.15,15,adf4e62d-6651-429e-8268-690ba43825b5,Lucknow,1357.64,0,0,137.13,none,0
T0008851,2026-01-06 05:41:56.286036,user_0358,clarkrandy@ibl,bdavidson@ybl,2016.17,12,d9b59f84-edc3-41c3-adea-2d2d086c405f,Mumbai,1924.22,0,1,545.5,none,0
T0004379,2026-01-04 12:43:07.060620,user_0407,brenda63@okhdfcbank,zimmermantroy@ibl,1314.99,17,6c307511-b2b9-437a-a8df-6ec4ce4a2bbd,Ahmedabad,2032.47,0,0,127.31,none,0
T0046334,2026-02-01 01:50:10.858726,user_0710,vturner@ybl,klarson@oksbi,1085.64,14,eb6c1016-cee6-44d0-9dac-6e8345241ea6,Ahmedabad,957.3,0,0,345.89,none,0
T0047951,2026-01-22 23:22:02.577004,user_0567,brandonhernandez@oksbi,parsonskeith@paytm,462.1,20,ceae71cf-ce00-4af0-beb0-51817ba24588,Chennai,597.0,0,0,1526.27,none,0
T0035596,2026-01-12 15:33:48.030608,user_0580,ronald54@ybl,apatton@ibl,1031.2,15,b24cc64f-be3e-4e57-b30a-9e32aba4fc03,Lucknow,824.0,0,0,115.4,none,0
T0000405,2026-01-01 07:18:08.321822,user_0654,shermandonna@ibl,agutierrez@okhdfcbank,402.98,14,7eccdaf4-c413-4dc2-85c5-ae8abe15ad12,Pune,1925.58,0,0,113.02,none,0
T0042784,2026-01-20 19:53:08.644030,user_0581,sara99@okhdfcbank,ewoods@ybl,1789.71,10,b5cbe3f5-6a66-4184-bde1-bf5daf4847f0,Mumbai,2074.96,0,0,221.03,none,0
T0054985,2026-01-31 08:29:43.546825,user_0799,washingtondarren@ibl,dennis03@oksbi,824.27,11,e08596db-1d87-4966-8710-d430f071d879,Chennai,1319.75,0,0,359.34,none,0
T0034713,2026-01-23 06:06:54.759987,user_0010,kenneth17@paytm,garzanicholas@paytm,333.01,7,5ab33edf-6e59-4ed3-a8b3-17fa18d0752b,Lucknow,318.5,0,0,1020.07,none,0
T0031968,2026-01-18 06:31:31.513902,user_0160,baileynicole@okhdfcbank,fmartinez@oksbi,1588.33,9,3f8c1097-c4da-4c2e-9bff-a27915c1604f,Lucknow,1772.26,0,0,1182.9,none,0
T0058529,2026-01-25 11:21:12.888333,user_0204,heather29@ibl,tylertiffany@ibl,363.91,3,66132e69-7418-4109-93d1-bf0f56c438e4,Mumbai,410.23,0,0,242.95,none,0
T0015242,2026-01-11 07:47:14.295791,user_0690,zgomez@oksbi,victorcordova@okhdfcbank,3088.17,9,98ae4334-6c12-4ce8-ae34-0454cac5b68c,Hyderabad,2551.25,0,0,518.39,none,0
T0017958,2026-01-12 14:10:22.050245,user_0482,rodriguezrobert@okhdfcbank,samanthagray@ibl,1173.57,14,9b4e2c24-9479-41e6-8927-7d9b6e0d2648,Bengaluru,1004.67,0,0,418.73,none,0
T0042685,2026-01-15 23:30:14.806529,user_0148,kimberlybrandt@paytm,sarah33@oksbi,470.74,18,f6ff3521-c225-4530-952a-53459682d9ff,Pune,433.0,0,0,220.39,none,0
T0044741,2026-01-21 06:37:21.318199,user_0716,stephanie69@ybl,hoffmanchloe@paytm,1586.43,17,9be71737-06b8-4231-8e86-7f3ca487eeab,Chennai,1580.38,0,0,1041.17,none,0
T0047615,2026-01-24 16:09:29.330780,user_0276,tking@oksbi,zpalmer@okhdfcbank,1419.97,17,0b6c03c8-721e-4419-afc3-e6495e911b91,Ahmedabad,1700.94,0,1,611.58,none,0
T0042731,2026-01-24 11:58:22.825301,user_0641,nguyendebra@okhdfcbank,michael11@okhdfcbank,967.85,12,37bb3eec-4bf5-4b52-b09d-258c27a0c3d7,Mumbai,1536.71,0,0,27.83,none,0
T0021186,2026-01-15 18:24:23.279889,user_0210,tony12@ibl,qadams@paytm,1076.23,16,bc2cbb0d-dd33-4cc7-ab7f-089acd5f4822,Chennai,897.59,0,0,990.76,none,0
T0027541,2026-01-11 07:29:54.753246,user_0761,sullivanjason@ibl,petersadrian@okhdfcbank,1360.69,20,34885a46-9088-4eaf-8977-6598203c8c25,Chennai,1037.19,0,0,1379.36,none,0
T0031594,2026-01-16 05:10:12.652496,user_0590,parkerwilliam@paytm,heidi53@ibl,800.45,14,67c0518b-17ef-4621-881c-79d4c27437eb,Pune,780.59,0,1,551.09,none,0
T0041749,2026-01-17 10:52:51.878955,user_0393,dbolton@paytm,danielwhite@paytm,1411.01,14,0a0537f0-2c2c-422b-a568-95c6812a1f9b,Bengaluru,1002.66,0,0,1296.68,none,0
T0030740,2026-01-20 03:40:37.678967,user_0522,tali@oksbi,mary07@oksbi,1266.84,14,11b461e9-b15d-472d-94ce-e27c4a94ae9f,Pune,1908.09,0,0,1075.62,none,0
T0001522,2026-01-02 09:41:33.735802,user_0631,fbradley@okhdfcbank,rachelwalter@ybl,638.54,12,f0f7ad22-c76a-4e0f-88f0-91f09b8b38ae,Ahmedabad,647.15,0,0,285.22,none,0
T0045951,2026-01-24 14:57:04.858797,user_0759,victor70@paytm,charlestrevor@oksbi,226.32,16,8991b01a-a2b0-4c4b-bc96-6b552f8d8ded,Delhi,230.62,0,0,522.91,none,0
T0015366,2026-01-07 03:10:45.609436,user_0508,garrettnatasha@ibl,hansonaaron@paytm,865.8,12,1e38f711-e2ec-43f4-bba1-aed944cdbfdd,Lucknow,1468.73,0,0,5.2,none,0
T0058088,2026-01-30 12:16:35.063143,user_0089,tiffanysantiago@ibl,banksrhonda@ibl,1086.88,15,5ef787b8-f2e6-495f-b32e-2016add702c9,Delhi,1207.38,0,0,368.97,none,0
T0012839,2026-01-13 15:27:27.363611,user_0380,twright@ibl,cheryldaniel@paytm,383.45,10,61ee411a-1bac-47a7-b386-f7a4c991603f,Delhi,699.9,0,0,1338.54,none,0
T0021730,2026-01-12 01:59:54.940447,user_0464,larsonkevin@ybl,mmontes@okhdfcbank,1255.5,14,f5c9b047-9c10-4572-8f6b-40d09efba58b,Delhi,864.3,0,0,447.96,none,0
T0042140,2026-01-19 18:58:54.001180,user_0276,tking@oksbi,tburns@paytm,2121.1,16,0b6c03c8-721e-4419-afc3-e6495e911b91,Ahmedabad,1700.94,0,0,161.38,none,0
T0056531,2026-01-29 19:41:43.415404,user_0616,cookpamela@okhdfcbank,kblackwell@ybl,204.58,10,f165d779-0154-4950-976d-e21f1b46ebdc,Ahmedabad,192.63,0,0,36.26,none,0
T0030506,2026-01-14 07:10:58.959597,user_0079,ynelson@ibl,danielspencer@okhdfcbank,888.04,12,5e717fca-020a-4497-b4ed-51458d9765c7,Lucknow,752.7,0,0,1977.97,none,0
T0027233,2026-01-13 12:52:40.425058,user_0064,michaelortiz@ibl,dylanharris@ybl,700.54,6,a84554c3-a3f6-4c61-afb7-0dab2f383b43,Bengaluru,858.71,0,0,1098.52,none,0
T0025593,2026-01-17 10:48:51.505581,user_0340,rosshannah@ybl,ashley27@ibl,1040.27,5,6dda4f8d-cea6-4f4c-b9e5-8ff092f837d4,Lucknow,754.31,0,0,226.12,none,0
T0042606,2026-01-16 21:20:23.316226,user_0011,rogersjoshua@okhdfcbank,wigginstodd@oksbi,597.05,23,3967e60a-823d-4107-9c8a-c066cb2fafa3,Jaipur,892.47,0,0,968.17,none,0
T0048741,2026-01-28 15:24:56.989769,user_0585,wilsonsteven@ibl,fcontreras@ybl,670.82,21,84182d35-3e71-4433-bd90-b81afbe0e6b8,Bengaluru,1024.75,0,0,202.18,none,0
T0008036,2026-01-03 14:35:11.671402,user_0597,steven60@paytm,sara85@okhdfcbank,1648.87,21,8fca7b6a-8fc4-4092-b4e5-59e596229348,Bengaluru,1443.24,0,0,169.31,none,0
T0039617,2026-01-15 05:57:04.964608,user_0643,pallen@okhdfcbank,vwolf@ybl,375.51,11,c09cb506-48f1-496d-9c4f-fb4671b701aa,Lucknow,282.62,0,0,282.55,none,0
T0058476,2026-02-05 15:54:22.902040,user_0457,andrew48@oksbi,kimberlywilson@ybl,531.05,11,aaf91531-0200-41f0-8768-a84fa76afde6,Delhi,484.11,0,0,1138.36,none,0
T0000800,2026-01-03 21:07:29.450081,user_0369,omills@ibl,marisa87@paytm,214.7,11,f8ded777-bb1e-4ae8-97d8-21b8bb93cd40,Mumbai,246.59,0,0,1167.92,none,0
T0007357,2026-01-07 08:27:22.248299,user_0026,nathan94@ybl,mirandaclarke@ibl,534.2,16,4baf0f5e-a932-4094-93f2-8f11147f6570,Kolkata,658.71,0,0,364.01,none,0
T0051781,2026-01-22 10:32:01.318881,user_0126,shawn22@ybl,kevin74@okhdfcbank,1339.85,16,5d71a898-6497-4593-892e-8c93d105c8d6,Ahmedabad,1019.57,0,0,163.57,none,0
T0057750,2026-01-25 14:04:26.589155,user_0558,barneskyle@ybl,michael16@ybl,108.5,16,c926a021-19da-4262-8790-3dc5900c0af7,Ahmedabad,84.92,0,0,995.27,none,0
T0006831,2026-01-04 16:15:16.665380,user_0147,kari89@paytm,brentodom@oksbi,733.43,7,6e417d47-5ff5-45ea-9bc4-40f14b1a269b,Kolkata,500.25,0,0,687.96,none,0
T0040666,2026-01-25 17:31:40.433953,user_0200,jessicafreeman@ibl,biancamanning@ybl,800.75,13,670acc5c-b321-4f21-8dd8-eb85b04d3376,Delhi,501.81,0,0,1.72,none,0
T0041264,2026-01-13 09:56:09.665535,user_0525,jackfarmer@okhdfcbank,murphydaniel@paytm,158.91,10,8f0881ee-8011-416b-bae8-8926b423ccde,Chennai,511.68,0,0,418.76,none,0
T0019520,2026-01-12 05:52:54.798235,user_0430,millscarl@paytm,jennifer01@okhdfcbank,225.21,7,49bc473f-ed7b-4656-a18a-15368c99a894,Kolkata,329.04,0,0,203.58,none,0
T0044382,2026-01-19 07:22:11.902761,user_0430,millscarl@paytm,kmalone@oksbi,414.05,9,49bc473f-ed7b-4656-a18a-15368c99a894,Kolkata,329.04,0,0,408.51,none,0
T0042061,2026-01-20 19:48:25.994896,user_0359,brownnatasha@ybl,mpotts@okhdfcbank,686.46,15,a48e40f1-d042-4dfa-96ab-087a8bc78e81,Bengaluru,485.99,0,0,523.22,none,0
T0034134,2026-01-21 19:46:14.504359,user_0040,ismith@paytm,jmontgomery@paytm,171.52,20,07f194f9-c115-4d6d-8a4e-5b70a6d964a3,Mumbai,1230.44,0,0,459.55,none,0
T0041630,2026-01-22 23:19:26.301401,user_0228,williamsdeborah@paytm,michael73@ybl,288.68,15,dcb9075e-cdd7-4460-a140-77d39ec4ea48,Chennai,240.9,0,0,260.82,none,0
T0026623,2026-01-17 03:22:23.577569,user_0493,ana92@ibl,dmacias@ybl,391.42,17,b7b8c1a5-9a45-493d-b227-890e4e76833a,Hyderabad,447.65,0,0,537.82,none,0
T0006515,2026-01-04 23:36:53.554924,user_0438,angela65@ybl,mcknightelizabeth@paytm,395.37,10,ba108217-0ad7-49a2-b277-16ec59fefbbc,Mumbai,698.76,0,0,185.96,none,0
T0016982,2026-01-13 10:00:20.828013,user_0047,stephen89@okhdfcbank,kimberly21@oksbi,618.25,15,fb8fe8c4-d8b4-4ead-9360-8edf382b5b86,Hyderabad,573.87,0,0,622.13,none,0
T0058612,2026-02-06 04:03:36.340019,user_0787,burtonkimberly@oksbi,sancheznicole@paytm,214.65,21,75f8e3a8-7d97-4c0f-bd56-09c4a4461663,Mumbai,234.93,0,0,133.58,none,0
T0024417,2026-01-22 06:56:16.086649,user_0704,marymullins@ybl,djones@paytm,409.75,20,0274ce40-e090-46b6-b186-a5a8d6ee526b,Lucknow,392.86,0,0,150.02,none,0
T0015195,2026-01-08 23:12:14.383736,user_0642,amanda69@oksbi,lindsey79@ybl,2482.99,11,ae9bec36-35c7-436c-9b99-62c6e61fecc0,Kolkata,1965.93,0,0,1557.49,none,0
T0021257,2026-01-19 14:50:30.138241,user_0140,lisa19@ibl,linda59@ybl,496.38,11,8d93e14a-5b16-4158-ba67-470c7d98302f,Kolkata,433.62,0,0,272.44,none,0
T0009658,2026-01-08 04:00:07.920165,user_0418,ihansen@paytm,jonathanpearson@ybl,1005.93,9,9780c215-2b2b-48e9-a417-c09380a8a23d,Jaipur,823.0,0,0,194.13,none,0
T0046713,2026-02-01 07:21:09.034725,user_0197,yorksarah@ibl,martinezdavid@ybl,713.82,17,1b1f2eb1-6e32-45a8-8bd5-cc86f73936e9,Lucknow,465.88,0,0,1456.82,none,0
T0045039,2026-01-19 05:02:39.047640,user_0329,thomas95@ibl,walkererika@okhdfcbank,356.28,12,ad05b912-5ab2-4d4a-8bd8-8fcd57a2be4e,Lucknow,319.84,0,0,163.58,none,0
T0016965,2026-01-08 07:36:35.341995,user_0442,garciajerry@paytm,fishernicole@ibl,1690.16,9,4aab47b2-3c9d-428a-a176-1930f6d70248,Hyderabad,1092.08,0,0,914.71,none,0
T0049349,2026-01-22 05:38:49.320177,user_0097,tara08@ybl,wilkersonricky@ibl,946.58,18,0592bfa5-b928-423f-8ee4-334ece920136,Mumbai,992.51,0,0,520.81,none,0
T0037199,2026-01-19 22:36:41.810731,user_0556,rhondacunningham@ybl,figueroalisa@oksbi,173.64,13,fa8dae42-ba54-4920-a099-d18087623997,Bengaluru,139.54,0,0,1336.91,none,0
T0016193,2026-01-07 11:56:34.790170,user_0010,kenneth17@paytm,christina13@ibl,309.0,15,5ab33edf-6e59-4ed3-a8b3-17fa18d0752b,Lucknow,318.5,0,0,591.0,none,0
T0043016,2026-01-22 09:49:08.038252,user_0062,daniel17@oksbi,bowentanya@ibl,711.94,3,186b2880-ab54-4a15-a69d-01ff1634725b,Hyderabad,636.8,0,0,0.01,none,0
T0048765,2026-01-26 11:46:29.091939,user_0073,phelpsmichael@oksbi,vgarcia@ybl,648.62,4,92a81713-b90e-444b-951c-25d54d4c5280,Delhi,1185.23,0,0,516.91,none,0
T0011405,2026-01-06 04:22:03.082643,user_0717,matthew41@paytm,calebphillips@okhdfcbank,654.9,3,48603b32-b4fb-4eb9-89c1-3de73b4206c5,Jaipur,566.26,0,0,226.18,none,0
T0051922,2026-01-31 07:03:14.848418,user_0154,billmcfarland@oksbi,emartinez@ybl,378.61,13,5c9deee0-b42a-4456-8736-5a84725e134d,Mumbai,413.93,0,0,187.72,none,0
T0052906,2026-01-28 06:26:25.762306,user_0627,reyeschristopher@paytm,flowersdavid@ybl,615.27,6,9ca3fbb3-ff11-48ba-b6ee-1640723ef466,Kolkata,675.85,0,1,317.62,none,0
T0010134,2026-01-07 23:41:52.397323,user_0151,pattersonangela@okhdfcbank,christopherwalker@oksbi,3464.04,13,f2f5b176-2c41-4bd3-b2f4-44abc1d71f4a,Mumbai,2522.69,0,0,2616.1,none,0
T0055125,2026-02-01 14:16:22.601957,user_0109,wwilson@oksbi,dwalker@ybl,353.6,17,1519830c-4019-4303-9c45-7e4da79313b8,Mumbai,364.77,0,0,391.96,none,0
T0041891,2026-01-27 07:14:11.123917,user_0241,brittanyholland@ybl,thomas42@okhdfcbank,175.6,18,51e744e4-b864-4a08-aa75-752d6a8fcacb,Kolkata,196.82,0,0,61.6,none,0
T0018184,2026-01-13 15:26:37.286911,user_0120,tranryan@ybl,morristhomas@ibl,336.08,6,db23aa8c-3bca-4f85-a20a-60ac9261549d,Chennai,356.48,0,0,520.17,none,0
T0025407,2026-01-15 11:27:35.497053,user_0370,regina78@ibl,collinsjames@ibl,605.3,10,e9ad0e9b-8c9a-41e9-b3b2-63376a74dbb7,Jaipur,591.4,0,0,697.42,none,0
T0011919,2026-01-08 07:17:11.800313,user_0576,thomas14@paytm,nicholeroman@paytm,342.86,12,f387e1bd-2d59-42c6-934a-5a2fa7cf705c,Hyderabad,435.29,0,0,53.4,none,0
T0020544,2026-01-19 22:00:41.167008,user_0776,bryan42@ibl,djohnson@oksbi,1042.77,12,2bd3cdcd-2779-4685-94a5-3fdef10d27c8,Delhi,1410.76,0,1,177.77,none,0
T0028668,2026-01-20 22:28:45.122453,user_0224,billy73@okhdfcbank,scottmelissa@okhdfcbank,1263.94,17,e1721c83-ef5e-4376-a723-fb72682b163a,Pune,909.18,0,0,799.04,none,0
T0036874,2026-01-23 21:29:32.897231,user_0396,danielshunter@ibl,normanrodriguez@ybl,407.8,14,517400f8-0b2c-482a-a928-8e92c68a152f,Mumbai,547.1,0,1,2404.71,none,0
T0003726,2026-01-02 22:35:46.965197,user_0450,megan66@paytm,christinasmith@ibl,907.93,8,9a069295-3b8d-4447-8e61-065f171b1b80,Mumbai,964.04,0,0,90.52,none,0
T0048675,2026-01-30 06:47:16.421005,user_0274,jarnold@ibl,john33@ibl,469.05,16,4fa03f26-f6f7-40cc-a9ec-8e49d1bdb8c0,Delhi,461.33,0,0,270.82,none,0
T0024598,2026-01-06 00:16:50.918919,user_0409,jbarker@oksbi,james29@oksbi,6.97,7,2715d9c4-3003-46ed-864f-3e6e914e2198,Jaipur,944.75,1,0,368.31,probing,1
T0017811,2026-01-08 14:54:30.240867,user_0412,sarah00@ibl,xhines@oksbi,732.96,12,e8334da5-de95-4695-b579-c1437ab99428,Mumbai,888.58,0,0,429.33,none,0
T0026173,2026-01-14 05:04:24.514419,user_0528,wattsthomas@okhdfcbank,murphysteven@oksbi,224.42,9,033d2bce-575a-4d2c-a5c5-650c8186a576,Jaipur,416.54,0,0,117.18,none,0
T0025842,2026-01-15 05:52:33.687125,user_0688,harrisonwilliam@okhdfcbank,adrian08@ibl,758.14,11,5f90bed6-fb25-464d-a30a-a767a2bb522b,Bengaluru,1590.87,0,0,1526.8,none,0
T0054742,2026-01-26 07:48:26.935217,user_0359,brownnatasha@ybl,ssanders@okhdfcbank,535.69,15,a48e40f1-d042-4dfa-96ab-087a8bc78e81,Bengaluru,485.99,0,0,915.52,none,0
T0022298,2026-01-13 19:28:54.538759,user_0048,ryan25@oksbi,william36@ybl,487.42,13,ce88cb2d-d4e8-4839-bc3e-058be0f3eab0,Bengaluru,609.54,0,0,1148.21,none,0
T0004815,2026-01-02 18:05:07.443691,user_0366,michelle78@ibl,stevenbarrett@okhdfcbank,160.0,14,af475b49-c775-4395-9494-05f02cd2a404,Chennai,318.7,0,0,908.64,none,0
T0010166,2026-01-10 08:28:37.751912,user_0161,mark43@okhdfcbank,parksandre@paytm,272.04,18,5df06e8c-878a-4ed9-a33f-fc8292ec89af,Kolkata,216.11,0,1,976.94,none,0
T0009820,2026-01-07 00:25:17.080392,user_0135,johnsondustin@ybl,bgarcia@oksbi,425.54,16,1f5df912-54e0-4431-8f13-3b65d450afa2,Bengaluru,501.45,0,0,246.4,none,0
T0015708,2026-01-13 13:46:18.696948,user_0404,michaelwilliams@oksbi,christiestone@ybl,306.89,14,a013ac6e-deda-4e16-9b3d-bd5ce9a1fa6f,Pune,192.62,0,0,298.53,none,0
T0049319,2026-01-29 04:09:49.327986,user_0356,bjackson@oksbi,bdavis@okhdfcbank,428.25,13,9c1c3517-85d2-40a6-8629-5b5d707df251,Mumbai,386.11,0,0,592.33,none,0
T0052702,2026-01-24 17:00:16.532061,user_0678,pbradford@ybl,greenealan@paytm,1555.44,16,6d3ee1dc-8139-4443-a45b-712eb8225688,Jaipur,970.98,0,0,221.88,none,0
T0017366,2026-01-09 21:12:12.927855,user_0056,valdezandrew@ybl,nicoleclark@ybl,83.49,13,eb6c1016-cee6-44d0-9dac-6e8345241ea6,Jaipur,415.87,0,0,363.34,none,0
T0031131,2026-01-20 03:17:30.574623,user_0585,wilsonsteven@ibl,edwardserin@oksbi,857.65,14,84182d35-3e71-4433-bd90-b81afbe0e6b8,Bengaluru,1024.75,0,0,1038.63,none,0
T0026273,2026-01-14 06:00:25.664452,user_0498,pricejoseph@ibl,michael20@ybl,353.96,17,cfd7f3b9-c68f-4ba5-9e0d-02b5fe7402cd,Delhi,383.56,0,0,886.92,none,0
T0053611,2026-01-31 02:35:18.306125,user_0765,ruizsamantha@paytm,tonycase@okhdfcbank,713.2,16,899ca782-e323-4d1a-bc1b-dacc18e19331,Chennai,472.5,0,0,376.0,none,0
T0024554,2026-01-18 12:24:01.771211,user_0529,xjoseph@okhdfcbank,wardshawn@okhdfcbank,564.16,10,f065c817-687a-4850-9d9b-62317d45d8ef,Lucknow,467.69,0,0,24.28,none,0
T0013619,2026-01-07 05:27:56.961339,user_0211,wilkinsonmichele@ibl,amymccormick@oksbi,252.88,7,5780be17-12fe-4c2b-9acf-42c5f3a02120,Hyderabad,374.23,0,0,561.35,none,0
T0053266,2026-02-03 06:35:34.274542,user_0762,ibentley@okhdfcbank,smithjoseph@paytm,1397.12,15,42378962-e4fd-4c34-9670-7a2129dc073e,Lucknow,1190.56,0,0,88.92,none,0
T0014826,2026-01-05 11:44:10.610272,user_0294,aprilmclaughlin@ybl,meganmonroe@ybl,334.52,10,a7dc2bc0-bd9c-4693-b6ca-1127e9f87970,Ahmedabad,433.96,0,0,741.74,none,0
T0048618,2026-01-29 18:44:20.267777,user_0637,erodriguez@ybl,robertpayne@paytm,762.7,4,502cf0ee-224a-46a6-ac0f-680115b24e1d,Hyderabad,1006.79,0,0,293.69,none,0
T0055273,2026-01-21 09:47:26.403721,user_0796,ryancook@okhdfcbank,gilbertpatrick@ybl,407.23,3,b42a2d93-9aba-4f15-b214-90623e1a963e,Pune,595.34,0,0,185.85,none,0
T0055941,2026-01-24 22:23:16.442522,user_0563,franklintrevor@ybl,charles83@okhdfcbank,439.26,18,73e7f042-516c-4b0a-9385-3918bc4015fa,Jaipur,714.81,0,0,761.74,none,0
T0050143,2026-01-31 21:20:43.973058,user_0490,cooperlinda@paytm,daniel77@paytm,1146.44,19,8f15ba58-fce6-4504-87f8-424daae65fc1,Chennai,1099.83,0,0,1826.92,none,0
T0054341,2026-01-24 03:38:59.164070,user_0319,travis94@okhdfcbank,jenna51@ibl,401.34,16,3270e4fa-abae-4f43-bcae-8081bdf070aa,Ahmedabad,450.88,0,0,12.54,none,0
T0049710,2026-01-30 23:30:13.118688,user_0334,lisale@paytm,eric13@paytm,154.18,18,aaf78c67-51d0-4109-bc90-2838d8741408,Mumbai,207.53,0,0,455.26,none,0
T0055768,2026-01-28 16:17:54.325260,user_0390,jenniferacosta@ibl,jesus04@oksbi,1412.89,14,292bd156-db94-4570-9ac7-0ec0ab8ddeb4,Delhi,1163.09,0,0,929.56,none,0
T0001436,2026-01-02 14:37:58.542534,user_0604,jennifer46@oksbi,bdominguez@ibl,1152.02,11,9620bee6-6406-4ace-93a5-e8508950ddd6,Kolkata,860.54,0,0,2.35,mule_burst,1
T0055447,2026-02-01 17:25:46.896940,user_0585,wilsonsteven@ibl,melissa69@paytm,908.15,13,84182d35-3e71-4433-bd90-b81afbe0e6b8,Bengaluru,1024.75,0,0,706.73,none,0
T0030812,2026-01-15 18:38:42.496648,user_0260,princekimberly@ibl,thomasdavid@okhdfcbank,318.07,10,a3209116-222d-46a4-8163-b6ce1877bc06,Ahmedabad,339.57,0,0,90.27,none,0
T0013896,2026-01-17 03:10:58.198575,user_0776,bryan42@ibl,jpatterson@ybl,1321.65,23,2bd3cdcd-2779-4685-94a5-3fdef10d27c8,Delhi,1410.76,0,0,2791.43,none,0
T0019195,2026-01-15 06:09:00.792619,user_0005,wwoodard@ibl,maureentorres@oksbi,1149.08,17,55c551fc-fba5-4cc8-adaf-37661b780ede,Jaipur,1196.68,0,0,109.17,none,0
T0027877,2026-01-18 10:25:26.376650,user_0753,gregorywilliams@oksbi,baileygutierrez@ibl,323.69,14,4082cbb9-48bd-4b3e-a2f5-df2badaa44ca,Mumbai,447.43,0,0,131.16,none,0
T0019566,2026-01-08 08:26:15.027370,user_0019,matthewreeves@ibl,ricky06@okhdfcbank,337.95,14,7e7838c9-ca55-438b-bc9a-be10238d6f44,Delhi,306.05,0,0,339.38,none,0
T0029529,2026-01-19 10:58:17.898810,user_0154,billmcfarland@oksbi,whitetravis@oksbi,277.08,17,5c9deee0-b42a-4456-8736-5a84725e134d,Mumbai,413.93,0,0,236.33,none,0
T0034668,2026-01-16 12:59:37.804233,user_0256,mserrano@ybl,jennifer54@ibl,352.66,3,32a447b2-ef04-457d-8dcc-c33aa9434aa0,Lucknow,688.39,0,0,1458.89,none,0
T0030705,2026-01-17 18:59:28.167263,user_0506,reedmichael@oksbi,duncanerin@paytm,1537.24,11,f31046dc-6202-4ee6-9cb5-e69c5dc7b3e6,Ahmedabad,2197.28,0,0,264.81,none,0
T0041434,2026-01-22 09:13:25.934754,user_0299,hansenwesley@ybl,williamsashley@ibl,541.19,15,a847bce7-90fa-4b57-a4ac-2130deaf528d,Lucknow,349.25,0,0,1062.8,none,0
T0029550,2026-01-08 15:22:36.387651,user_0126,shawn22@ybl,iayala@oksbi,864.86,16,5d71a898-6497-4593-892e-8c93d105c8d6,Ahmedabad,1019.57,0,0,877.35,none,0
T0008293,2026-01-03 05:28:55.486289,user_0237,jason22@ibl,johnbarton@oksbi,514.27,13,8412a335-d88c-456d-b61e-5fdb1a435206,Ahmedabad,510.22,0,0,31.8,none,0
T0011146,2026-01-05 15:40:58.094663,user_0537,mparsons@paytm,moranjimmy@ybl,764.99,23,ac9ed156-f63f-4e41-ba9a-ca5e176132ed,Delhi,1276.31,0,0,1208.04,none,0
T0052298,2026-01-22 08:27:41.522737,user_0368,brittanybryant@oksbi,amanda91@ybl,212.32,15,2747b93c-9ae7-4eab-884a-67809136f1f8,Hyderabad,247.77,0,0,114.17,none,0
T0034053,2026-01-11 13:59:53.853725,user_0643,pallen@okhdfcbank,sherryhoffman@ybl,279.42,16,9194821e-e11b-40d4-8637-9f04d9ee7dc9,Lucknow,282.62,0,0,343.61,none,0
T0042077,2026-01-16 22:21:28.044627,user_0620,kendra14@ibl,megan73@paytm,300.96,10,21813d25-6552-48a6-83ff-50113d1a85dd,Jaipur,563.99,0,0,22.39,none,0
T0038645,2026-01-18 00:34:45.127648,user_0548,sharpdaniel@oksbi,lammegan@paytm,1806.7,22,5be6128e-18c2-4797-a142-ea7d17be3111,Pune,1665.54,0,0,284.41,none,0
T0043770,2026-01-26 16:33:25.693222,user_0112,princetravis@paytm,qstewart@oksbi,540.69,10,7b85179a-d5b0-47e0-aa5d-932b45ff2c83,Jaipur,607.8,0,0,135.79,none,0
T0037681,2026-01-22 18:53:00.899754,user_0155,ayalacolleen@ibl,gilesheidi@ybl,1224.12,10,2b1ac76c-89ec-4c51-98cb-aa5247f53019,Pune,973.12,0,0,284.92,none,0
T0023812,2026-01-10 14:03:18.149086,user_0258,richamanda@paytm,vreeves@ybl,499.36,15,65bcc272-fadd-4ea3-aca5-e2fdb966442a,Ahmedabad,671.7,0,0,2693.52,none,0
T0051230,2026-01-21 04:55:34.577663,user_0544,kim47@ibl,shawnbooth@ibl,1541.2,16,a21b0307-82af-485c-938d-994c2b0abedd,Hyderabad,1774.69,0,0,2703.1,none,0
T0037071,2026-01-19 18:15:50.494161,user_0187,wellsamanda@okhdfcbank,james98@okhdfcbank,681.96,8,310c0c00-3fa7-4104-9bf9-0e27dc96925e,Delhi,651.69,0,0,1536.71,none,0
T0024366,2026-01-12 20:14:22.031923,user_0577,alison83@ybl,baileywendy@paytm,1523.07,7,edcabf94-65f6-4a53-9226-a8b3b674410d,Jaipur,1294.02,0,0,572.31,none,0
T0016149,2026-01-06 12:43:31.087135,user_0256,mserrano@ybl,heatherbenson@oksbi,607.13,7,32a447b2-ef04-457d-8dcc-c33aa9434aa0,Lucknow,688.39,0,0,310.5,none,0
T0057023,2026-01-31 01:42:11.299928,user_0462,jessicacummings@ybl,sherry85@okhdfcbank,2277.85,17,dbb54645-7dda-41b6-97c4-caed47c4cc51,Lucknow,1777.82,0,0,772.48,none,0
T0002096,2026-01-02 00:15:32.290993,user_0600,carl24@ybl,matthew75@paytm,75.28,14,5304317f-af42-412f-b838-b3268e944239,Pune,189.0,0,0,1450.09,none,0
T0032514,2026-01-16 00:56:45.799571,user_0577,alison83@ybl,fgriffin@okhdfcbank,2906.68,0,b986f2de-6b64-4716-8bef-f22243363c52,Pune,1294.02,1,1,36.6,geo_jump,1
T0046457,2026-01-21 08:31:58.852566,user_0325,astewart@ibl,dgomez@oksbi,515.41,20,54bbbcf8-28fe-4761-8d49-fe3f2ca8f783,Pune,522.05,0,0,233.31,none,0
T0047184,2026-01-30 19:31:37.813057,user_0655,yschmidt@paytm,churchmichelle@ibl,337.46,11,ab9099a4-35a2-40ae-9af3-05535ec42e08,Pune,367.97,0,0,1853.51,none,0
T0018180,2026-01-12 21:32:32.261903,user_0668,qmoore@paytm,rogercox@paytm,346.98,16,29310971-601e-4211-a34f-76b42b8c03bf,Pune,398.2,0,0,360.85,none,0
T0057590,2026-02-10 20:40:19.684512,user_0104,pamela83@paytm,kristaware@okhdfcbank,454.14,12,90ce77e9-7513-43b9-87de-96ea2b0fbe44,Hyderabad,677.64,0,0,634.09,none,0
T0059058,2026-01-24 06:14:24.052375,user_0784,douglasnelson@okhdfcbank,jbrooks@ybl,390.99,14,7387928a-29a3-4b6d-b9bf-ca38afe9be90,Delhi,424.36,0,0,438.82,none,0
T0039220,2026-01-28 05:11:22.730602,user_0144,ybutler@ibl,ronaldanderson@ybl,664.62,10,92779574-c457-4cc3-b5f7-89bca6b07458,Delhi,659.15,0,0,15.4,none,0
T0058886,2026-01-29 09:03:27.540676,user_0622,clarkmichael@ibl,kylewilson@paytm,1260.82,9,29a3b2e9-5d65-4441-9588-42dea2bc372f,Hyderabad,1402.78,0,0,16.15,none,0
T0046535,2026-01-17 18:25:30.464682,user_0377,myates@ibl,davislori@okhdfcbank,748.89,12,0ec0ad4b-d644-4a9d-b362-d476d53ae57f,Kolkata,747.72,0,0,372.03,none,0
T0007555,2026-01-02 04:18:47.490743,user_0238,carolyn13@ybl,hannahwinters@ybl,1569.7,10,8a2e6a93-c558-4bb2-81f7-f3fb19e45c6a,Jaipur,1092.8,0,0,74.85,none,0
T0033972,2026-01-13 00:23:07.304198,user_0290,christinacraig@oksbi,adamskaren@paytm,648.51,16,d0e6e660-7c69-4ee1-bb5e-4bcf15ed6269,Kolkata,623.13,0,0,201.01,none,0
T0022941,2026-01-12 07:06:25.424838,user_0707,beckywilkinson@ybl,rojascatherine@ybl,176.8,4,044251db-d0d4-4a67-b992-8faa4cbf131d,Jaipur,126.16,0,0,915.89,none,0
T0030110,2026-01-14 06:27:25.429472,user_0785,ljenkins@oksbi,christina66@paytm,435.66,5,ae455cc6-b88e-430f-9e1e-994ac5a11f5c,Hyderabad,545.25,0,0,743.68,none,0
T0002582,2026-01-03 08:23:57.346322,user_0269,brooksjamie@ybl,meganwalker@paytm,193.32,23,61a11729-3cb9-4350-9b4d-a0fe7bb38605,Lucknow,416.68,0,0,227.05,none,0
T0008054,2026-01-05 11:24:10.527588,user_0424,bgross@ybl,kyle04@ybl,121.48,17,5f987c71-a65e-488e-abf3-ad39fec21bbe,Mumbai,146.3,0,0,351.67,none,0
T0020700,2026-01-10 23:55:23.982097,user_0283,qdavis@okhdfcbank,ryoung@ybl,410.81,16,ebc1bb52-82e4-4d4a-943a-c1c54f560ed5,Pune,435.42,0,0,569.63,none,0
T0041739,2026-01-22 13:03:53.871767,user_0352,martinjeremy@okhdfcbank,lisagarcia@ibl,1147.87,5,750d112e-8164-4eec-a4ab-851bf1fac6e7,Chennai,871.94,0,0,65.96,none,0
